{"ts":"2025-11-19T01:12:25.425Z","level":"warn","event":"bfis-unit-decode-unknown-datum-index","datumIndex":191,"unitId":16851201,"recovery":"searching-for-end-of-data-marker"}
{"ts":"2025-11-19T01:12:25.426Z","level":"warn","event":"bfis-unit-decode-unknown-datum-index","datumIndex":173,"unitId":16851457,"recovery":"searching-for-end-of-data-marker"}
{"ts":"2025-11-19T01:12:25.426Z","level":"warn","event":"bfis-unit-decode-unknown-datum-index","datumIndex":190,"unitId":16851713,"recovery":"searching-for-end-of-data-marker"}
{"ts":"2025-11-19T01:12:25.426Z","level":"warn","event":"bfis-unit-decode-unknown-datum-index","datumIndex":173,"unitId":16851969,"recovery":"searching-for-end-of-data-marker"}
{"ts":"2025-11-19T01:12:25.427Z","level":"info","event":"bfis-context-snapshot-ok","snapshotId":"b290aac9-6bfa-417e-8dc9-f5f3c6e6354f","sessionHash":"CacweTUOqzNXXVut","unitCount":49,"airbaseCount":0,"bullseyeCount":1,"spotCount":0,"drawingCount":0,"logCount":0,"weaponCount":0}
{"ts":"2025-11-19T01:13:14.471Z","level":"warn","event":"bfis-unit-decode-unknown-datum-index","datumIndex":191,"unitId":16851201,"recovery":"searching-for-end-of-data-marker"}
{"ts":"2025-11-19T01:13:14.471Z","level":"warn","event":"bfis-unit-decode-unknown-datum-index","datumIndex":191,"unitId":16851457,"recovery":"searching-for-end-of-data-marker"}
{"ts":"2025-11-19T01:13:14.472Z","level":"warn","event":"bfis-unit-decode-unknown-datum-index","datumIndex":173,"unitId":16851713,"recovery":"searching-for-end-of-data-marker"}
{"ts":"2025-11-19T01:13:14.472Z","level":"warn","event":"bfis-unit-decode-unknown-datum-index","datumIndex":173,"unitId":16851969,"recovery":"searching-for-end-of-data-marker"}
{"ts":"2025-11-19T01:13:14.480Z","level":"info","event":"bfis-context-snapshot-ok","snapshotId":"79886876-2cf2-4574-84e9-0b106937ca5d","sessionHash":"CacweTUOqzNXXVut","unitCount":49,"airbaseCount":0,"bullseyeCount":3,"spotCount":0,"drawingCount":0,"logCount":0,"weaponCount":0}
{"ts":"2025-11-19T01:15:06.557Z","level":"info","event":"bfis-olympus-probe-ok","url":"http://192.168.1.4:3000/olympus/mission","status":200}
{"ts":"2025-11-19T01:15:06.580Z","level":"info","event":"bfis-binary-fetch","endpoint":"units","mode":"full","bytes":2874,"lastTime":0}
{"ts":"2025-11-19T01:15:06.588Z","level":"info","event":"bfis-binary-fetch","endpoint":"weapons","mode":"full","bytes":120,"lastTime":0}
{"ts":"2025-11-19T01:15:06.590Z","level":"warn","event":"bfis-unit-decode-unknown-datum-index","datumIndex":192,"unitId":16851201,"recovery":"searching-for-end-of-data-marker"}
{"ts":"2025-11-19T01:15:06.590Z","level":"warn","event":"bfis-unit-decode-unknown-datum-index","datumIndex":191,"unitId":16851457,"recovery":"searching-for-end-of-data-marker"}
{"ts":"2025-11-19T01:15:06.590Z","level":"warn","event":"bfis-unit-decode-unknown-datum-index","datumIndex":190,"unitId":16851713,"recovery":"searching-for-end-of-data-marker"}
{"ts":"2025-11-19T01:15:06.590Z","level":"warn","event":"bfis-unit-decode-unknown-datum-index","datumIndex":190,"unitId":16851969,"recovery":"searching-for-end-of-data-marker"}
{"ts":"2025-11-19T01:15:06.604Z","level":"warn","event":"bfis-snapshot-empty-data","endpoint":"logs","message":"Empty logs array received"}
{"ts":"2025-11-19T01:15:06.649Z","level":"info","event":"bfis-snapshot-read-ok","snapshotId":"4c293e64-495b-48ff-932f-b5bcd68bd604","sessionHash":"CacweTUOqzNXXVut","unitCount":49,"newUnitsInPoll":49,"cachedUnitsTotal":49,"unitsBufferSize":2874,"weaponsBufferSize":120}
{"ts":"2025-11-19T01:15:06.693Z","level":"warn","event":"bfis-unit-decode-unknown-datum-index","datumIndex":192,"unitId":16851201,"recovery":"searching-for-end-of-data-marker"}
{"ts":"2025-11-19T01:15:06.694Z","level":"warn","event":"bfis-unit-decode-unknown-datum-index","datumIndex":191,"unitId":16851457,"recovery":"searching-for-end-of-data-marker"}
{"ts":"2025-11-19T01:15:06.694Z","level":"warn","event":"bfis-unit-decode-unknown-datum-index","datumIndex":190,"unitId":16851713,"recovery":"searching-for-end-of-data-marker"}
{"ts":"2025-11-19T01:15:06.694Z","level":"warn","event":"bfis-unit-decode-unknown-datum-index","datumIndex":190,"unitId":16851969,"recovery":"searching-for-end-of-data-marker"}
{"ts":"2025-11-19T01:15:06.704Z","level":"info","event":"bfis-context-snapshot-ok","snapshotId":"a79ce6ab-f64c-4822-bb96-94898230ea63","sessionHash":"CacweTUOqzNXXVut","unitCount":49,"airbaseCount":17,"bullseyeCount":3,"spotCount":0,"drawingCount":0,"logCount":0,"weaponCount":0}
{"ts":"2025-11-19T02:37:03.936Z","level":"info","event":"bfis-startup","bfisVersion":"0.0.0-dev","logLevel":"debug","olympusFrontendBaseUrl":"http://192.168.1.4:3000","olympusBaseUrl":"http://192.168.1.4:3000/olympus","olympusRole":"GAME_MASTER","olympusUsername":"Game master"}
{"ts":"2025-11-19T02:37:03.975Z","level":"info","event":"bfis-olympus-probe-ok","url":"http://192.168.1.4:3000/olympus/mission","status":200}
{"ts":"2025-11-19T02:37:03.976Z","level":"info","event":"bfis-loop-started","pollIntervalMs":1000,"unitsMs":2000,"weaponsMs":2000,"logsMs":1000,"missionMs":5000}
{"ts":"2025-11-19T02:37:04.000Z","level":"info","event":"bfis-binary-fetch","endpoint":"units","mode":"full","bytes":777,"lastTime":0}
{"ts":"2025-11-19T02:37:04.012Z","level":"warn","event":"bfis-snapshot-empty-data","endpoint":"weapons","bufferSize":8,"message":"Empty or minimal weapons data received"}
{"ts":"2025-11-19T02:37:04.012Z","level":"info","event":"bfis-binary-fetch","endpoint":"weapons","mode":"full","bytes":8,"lastTime":0}
{"ts":"2025-11-19T02:37:04.013Z","level":"warn","event":"bfis-unit-decode-unknown-datum-index","datumIndex":191,"unitId":16777473,"recovery":"searching-for-end-of-data-marker"}
{"ts":"2025-11-19T02:37:04.013Z","level":"warn","event":"bfis-unit-decode-unknown-datum-index","datumIndex":104,"unitId":16777729,"recovery":"searching-for-end-of-data-marker"}
{"ts":"2025-11-19T02:37:04.023Z","level":"warn","event":"bfis-snapshot-empty-data","endpoint":"logs","message":"Empty logs array received"}
{"ts":"2025-11-19T02:37:04.064Z","level":"info","event":"bfis-snapshot-read-ok","snapshotId":"9fee4520-e54d-4706-ae1f-2cb58acf1f01","sessionHash":"wXwFIkMvUoWzlJ4m","unitCount":2,"newUnitsInPoll":2,"cachedUnitsTotal":2,"unitsBufferSize":777,"weaponsBufferSize":8}
{"ts":"2025-11-19T02:37:05.003Z","level":"info","event":"bfis-binary-fetch","endpoint":"units","mode":"incremental","bytes":88,"lastTime":1763519824160}
{"ts":"2025-11-19T02:37:05.013Z","level":"warn","event":"bfis-snapshot-empty-data","endpoint":"weapons","bufferSize":8,"message":"Empty or minimal weapons data received"}
{"ts":"2025-11-19T02:37:05.013Z","level":"warn","event":"bfis-unit-decode-unknown-datum-index","datumIndex":191,"unitId":16777473,"recovery":"searching-for-end-of-data-marker"}
{"ts":"2025-11-19T02:37:05.013Z","level":"info","event":"bfis-binary-fetch","endpoint":"weapons","mode":"incremental","bytes":8,"lastTime":1763519824172}
{"ts":"2025-11-19T02:37:05.028Z","level":"warn","event":"bfis-snapshot-empty-data","endpoint":"logs","message":"Empty logs array received"}
{"ts":"2025-11-19T02:37:05.070Z","level":"info","event":"bfis-snapshot-read-ok","snapshotId":"35ba4dcd-b325-4724-a601-f931db2ca54f","sessionHash":"wXwFIkMvUoWzlJ4m","unitCount":4,"newUnitsInPoll":2,"cachedUnitsTotal":4,"unitsBufferSize":88,"weaponsBufferSize":8}
{"ts":"2025-11-19T02:37:06.031Z","level":"info","event":"bfis-binary-fetch","endpoint":"units","mode":"incremental","bytes":88,"lastTime":1763519825162}
{"ts":"2025-11-19T02:37:06.059Z","level":"warn","event":"bfis-snapshot-empty-data","endpoint":"weapons","bufferSize":8,"message":"Empty or minimal weapons data received"}
{"ts":"2025-11-19T02:37:06.060Z","level":"info","event":"bfis-binary-fetch","endpoint":"weapons","mode":"incremental","bytes":8,"lastTime":1763519825171}
{"ts":"2025-11-19T02:37:06.060Z","level":"warn","event":"bfis-unit-decode-unknown-datum-index","datumIndex":191,"unitId":16777473,"recovery":"searching-for-end-of-data-marker"}
{"ts":"2025-11-19T02:37:06.072Z","level":"warn","event":"bfis-snapshot-empty-data","endpoint":"logs","message":"Empty logs array received"}
{"ts":"2025-11-19T02:37:06.149Z","level":"info","event":"bfis-snapshot-read-ok","snapshotId":"f9d693b8-98d1-475f-8fa6-0c6f04f5622d","sessionHash":"wXwFIkMvUoWzlJ4m","unitCount":4,"newUnitsInPoll":2,"cachedUnitsTotal":4,"unitsBufferSize":88,"weaponsBufferSize":8}
{"ts":"2025-11-19T02:37:07.004Z","level":"info","event":"bfis-binary-fetch","endpoint":"units","mode":"incremental","bytes":88,"lastTime":1763519826187}
{"ts":"2025-11-19T02:37:07.014Z","level":"warn","event":"bfis-snapshot-empty-data","endpoint":"weapons","bufferSize":8,"message":"Empty or minimal weapons data received"}
{"ts":"2025-11-19T02:37:07.014Z","level":"info","event":"bfis-binary-fetch","endpoint":"weapons","mode":"incremental","bytes":8,"lastTime":1763519826209}
{"ts":"2025-11-19T02:37:07.015Z","level":"warn","event":"bfis-unit-decode-unknown-datum-index","datumIndex":191,"unitId":16777473,"recovery":"searching-for-end-of-data-marker"}
{"ts":"2025-11-19T02:37:07.027Z","level":"warn","event":"bfis-snapshot-empty-data","endpoint":"logs","message":"Empty logs array received"}
{"ts":"2025-11-19T02:37:07.072Z","level":"info","event":"bfis-snapshot-read-ok","snapshotId":"5377060a-0a8f-4178-b20b-9473ac77d577","sessionHash":"wXwFIkMvUoWzlJ4m","unitCount":4,"newUnitsInPoll":2,"cachedUnitsTotal":4,"unitsBufferSize":88,"weaponsBufferSize":8}
{"ts":"2025-11-19T02:37:08.031Z","level":"info","event":"bfis-binary-fetch","endpoint":"units","mode":"incremental","bytes":88,"lastTime":1763519827162}
{"ts":"2025-11-19T02:37:08.048Z","level":"warn","event":"bfis-snapshot-empty-data","endpoint":"weapons","bufferSize":8,"message":"Empty or minimal weapons data received"}
{"ts":"2025-11-19T02:37:08.048Z","level":"info","event":"bfis-binary-fetch","endpoint":"weapons","mode":"incremental","bytes":8,"lastTime":1763519827173}
{"ts":"2025-11-19T02:37:08.048Z","level":"warn","event":"bfis-unit-decode-unknown-datum-index","datumIndex":191,"unitId":16777473,"recovery":"searching-for-end-of-data-marker"}
{"ts":"2025-11-19T02:37:08.066Z","level":"warn","event":"bfis-snapshot-empty-data","endpoint":"logs","message":"Empty logs array received"}
{"ts":"2025-11-19T02:37:08.181Z","level":"info","event":"bfis-snapshot-read-ok","snapshotId":"430475fa-2db5-4d06-a8f2-5768c624ef5a","sessionHash":"wXwFIkMvUoWzlJ4m","unitCount":4,"newUnitsInPoll":2,"cachedUnitsTotal":4,"unitsBufferSize":88,"weaponsBufferSize":8}
{"ts":"2025-11-19T02:37:09.006Z","level":"info","event":"bfis-binary-fetch","endpoint":"units","mode":"incremental","bytes":88,"lastTime":1763519828187}
{"ts":"2025-11-19T02:37:09.018Z","level":"warn","event":"bfis-snapshot-empty-data","endpoint":"weapons","bufferSize":8,"message":"Empty or minimal weapons data received"}
{"ts":"2025-11-19T02:37:09.018Z","level":"info","event":"bfis-binary-fetch","endpoint":"weapons","mode":"incremental","bytes":8,"lastTime":1763519828207}
{"ts":"2025-11-19T02:37:09.018Z","level":"warn","event":"bfis-unit-decode-unknown-datum-index","datumIndex":191,"unitId":16777473,"recovery":"searching-for-end-of-data-marker"}
{"ts":"2025-11-19T02:37:09.032Z","level":"warn","event":"bfis-snapshot-empty-data","endpoint":"logs","message":"Empty logs array received"}
{"ts":"2025-11-19T02:37:09.072Z","level":"info","event":"bfis-snapshot-read-ok","snapshotId":"4bd22189-6644-41e0-af2d-2ec79f19e8d1","sessionHash":"wXwFIkMvUoWzlJ4m","unitCount":4,"newUnitsInPoll":2,"cachedUnitsTotal":4,"unitsBufferSize":88,"weaponsBufferSize":8}
{"ts":"2025-11-19T02:37:10.006Z","level":"info","event":"bfis-binary-fetch","endpoint":"units","mode":"incremental","bytes":88,"lastTime":1763519829165}
{"ts":"2025-11-19T02:37:10.035Z","level":"warn","event":"bfis-snapshot-empty-data","endpoint":"weapons","bufferSize":8,"message":"Empty or minimal weapons data received"}
{"ts":"2025-11-19T02:37:10.036Z","level":"info","event":"bfis-binary-fetch","endpoint":"weapons","mode":"incremental","bytes":8,"lastTime":1763519829177}
{"ts":"2025-11-19T02:37:10.036Z","level":"warn","event":"bfis-unit-decode-unknown-datum-index","datumIndex":191,"unitId":16777473,"recovery":"searching-for-end-of-data-marker"}
{"ts":"2025-11-19T02:37:10.046Z","level":"warn","event":"bfis-snapshot-empty-data","endpoint":"logs","message":"Empty logs array received"}
{"ts":"2025-11-19T02:37:10.105Z","level":"info","event":"bfis-snapshot-read-ok","snapshotId":"36fdcbff-76b4-4196-af11-0dc5ffe06dc8","sessionHash":"wXwFIkMvUoWzlJ4m","unitCount":4,"newUnitsInPoll":2,"cachedUnitsTotal":4,"unitsBufferSize":88,"weaponsBufferSize":8}
{"ts":"2025-11-19T02:37:11.006Z","level":"info","event":"bfis-binary-fetch","endpoint":"units","mode":"incremental","bytes":88,"lastTime":1763519830163}
{"ts":"2025-11-19T02:37:11.014Z","level":"warn","event":"bfis-snapshot-empty-data","endpoint":"weapons","bufferSize":8,"message":"Empty or minimal weapons data received"}
{"ts":"2025-11-19T02:37:11.014Z","level":"info","event":"bfis-binary-fetch","endpoint":"weapons","mode":"incremental","bytes":8,"lastTime":1763519830194}
{"ts":"2025-11-19T02:37:11.015Z","level":"warn","event":"bfis-unit-decode-unknown-datum-index","datumIndex":191,"unitId":16777473,"recovery":"searching-for-end-of-data-marker"}
{"ts":"2025-11-19T02:37:11.022Z","level":"warn","event":"bfis-snapshot-empty-data","endpoint":"logs","message":"Empty logs array received"}
{"ts":"2025-11-19T02:37:11.063Z","level":"info","event":"bfis-snapshot-read-ok","snapshotId":"5e95963e-f2aa-4469-b204-2ef1503dc049","sessionHash":"wXwFIkMvUoWzlJ4m","unitCount":4,"newUnitsInPoll":2,"cachedUnitsTotal":4,"unitsBufferSize":88,"weaponsBufferSize":8}
{"ts":"2025-11-19T02:37:12.030Z","level":"info","event":"bfis-binary-fetch","endpoint":"units","mode":"incremental","bytes":88,"lastTime":1763519831164}
{"ts":"2025-11-19T02:37:12.040Z","level":"warn","event":"bfis-snapshot-empty-data","endpoint":"weapons","bufferSize":8,"message":"Empty or minimal weapons data received"}
{"ts":"2025-11-19T02:37:12.040Z","level":"info","event":"bfis-binary-fetch","endpoint":"weapons","mode":"incremental","bytes":8,"lastTime":1763519831173}
{"ts":"2025-11-19T02:37:12.041Z","level":"warn","event":"bfis-unit-decode-unknown-datum-index","datumIndex":191,"unitId":16777473,"recovery":"searching-for-end-of-data-marker"}
{"ts":"2025-11-19T02:37:12.074Z","level":"warn","event":"bfis-snapshot-empty-data","endpoint":"logs","message":"Empty logs array received"}
{"ts":"2025-11-19T02:37:12.128Z","level":"info","event":"bfis-snapshot-read-ok","snapshotId":"5480e0d2-e1fd-4456-9406-8ed6289bbc6c","sessionHash":"wXwFIkMvUoWzlJ4m","unitCount":4,"newUnitsInPoll":2,"cachedUnitsTotal":4,"unitsBufferSize":88,"weaponsBufferSize":8}
{"ts":"2025-11-19T02:37:13.012Z","level":"info","event":"bfis-binary-fetch","endpoint":"units","mode":"incremental","bytes":88,"lastTime":1763519832187}
{"ts":"2025-11-19T02:37:13.012Z","level":"info","event":"bfis-baseline-established","endpoint":"units","averageBytes":156.9,"samples":10}
{"ts":"2025-11-19T02:37:13.027Z","level":"warn","event":"bfis-snapshot-empty-data","endpoint":"weapons","bufferSize":8,"message":"Empty or minimal weapons data received"}
{"ts":"2025-11-19T02:37:13.027Z","level":"info","event":"bfis-binary-fetch","endpoint":"weapons","mode":"incremental","bytes":8,"lastTime":1763519832200}
{"ts":"2025-11-19T02:37:13.027Z","level":"info","event":"bfis-baseline-established","endpoint":"weapons","averageBytes":8,"samples":10}
{"ts":"2025-11-19T02:37:13.027Z","level":"warn","event":"bfis-unit-decode-unknown-datum-index","datumIndex":191,"unitId":16777473,"recovery":"searching-for-end-of-data-marker"}
{"ts":"2025-11-19T02:37:13.037Z","level":"warn","event":"bfis-snapshot-empty-data","endpoint":"logs","message":"Empty logs array received"}
{"ts":"2025-11-19T02:37:13.077Z","level":"info","event":"bfis-snapshot-read-ok","snapshotId":"8292bbec-6618-482a-833a-a73a4ac49998","sessionHash":"wXwFIkMvUoWzlJ4m","unitCount":4,"newUnitsInPoll":2,"cachedUnitsTotal":4,"unitsBufferSize":88,"weaponsBufferSize":8}
{"ts":"2025-11-19T02:37:14.021Z","level":"info","event":"bfis-binary-fetch","endpoint":"units","mode":"incremental","bytes":88,"lastTime":1763519833172}
{"ts":"2025-11-19T02:37:14.033Z","level":"warn","event":"bfis-snapshot-empty-data","endpoint":"weapons","bufferSize":8,"message":"Empty or minimal weapons data received"}
{"ts":"2025-11-19T02:37:14.033Z","level":"info","event":"bfis-binary-fetch","endpoint":"weapons","mode":"incremental","bytes":8,"lastTime":1763519833186}
{"ts":"2025-11-19T02:37:14.033Z","level":"warn","event":"bfis-unit-decode-unknown-datum-index","datumIndex":191,"unitId":16777473,"recovery":"searching-for-end-of-data-marker"}
{"ts":"2025-11-19T02:37:14.047Z","level":"warn","event":"bfis-snapshot-empty-data","endpoint":"logs","message":"Empty logs array received"}
{"ts":"2025-11-19T02:37:14.119Z","level":"info","event":"bfis-snapshot-read-ok","snapshotId":"7f0f4cfb-1254-4530-aa7e-719bea25bc06","sessionHash":"wXwFIkMvUoWzlJ4m","unitCount":4,"newUnitsInPoll":2,"cachedUnitsTotal":4,"unitsBufferSize":88,"weaponsBufferSize":8}
{"ts":"2025-11-19T02:37:15.010Z","level":"info","event":"bfis-binary-fetch","endpoint":"units","mode":"incremental","bytes":88,"lastTime":1763519834181}
{"ts":"2025-11-19T02:37:15.021Z","level":"warn","event":"bfis-snapshot-empty-data","endpoint":"weapons","bufferSize":8,"message":"Empty or minimal weapons data received"}
{"ts":"2025-11-19T02:37:15.021Z","level":"info","event":"bfis-binary-fetch","endpoint":"weapons","mode":"incremental","bytes":8,"lastTime":1763519834192}
{"ts":"2025-11-19T02:37:15.021Z","level":"warn","event":"bfis-unit-decode-unknown-datum-index","datumIndex":191,"unitId":16777473,"recovery":"searching-for-end-of-data-marker"}
{"ts":"2025-11-19T02:37:15.032Z","level":"warn","event":"bfis-snapshot-empty-data","endpoint":"logs","message":"Empty logs array received"}
{"ts":"2025-11-19T02:37:15.077Z","level":"info","event":"bfis-snapshot-read-ok","snapshotId":"fd58c8a7-ce0f-43b8-b03a-f4efedaf1988","sessionHash":"wXwFIkMvUoWzlJ4m","unitCount":4,"newUnitsInPoll":2,"cachedUnitsTotal":4,"unitsBufferSize":88,"weaponsBufferSize":8}
{"ts":"2025-11-19T02:37:16.009Z","level":"info","event":"bfis-binary-fetch","endpoint":"units","mode":"incremental","bytes":88,"lastTime":1763519835169}
{"ts":"2025-11-19T02:37:16.019Z","level":"warn","event":"bfis-snapshot-empty-data","endpoint":"weapons","bufferSize":8,"message":"Empty or minimal weapons data received"}
{"ts":"2025-11-19T02:37:16.019Z","level":"info","event":"bfis-binary-fetch","endpoint":"weapons","mode":"incremental","bytes":8,"lastTime":1763519835180}
{"ts":"2025-11-19T02:37:16.020Z","level":"warn","event":"bfis-unit-decode-unknown-datum-index","datumIndex":191,"unitId":16777473,"recovery":"searching-for-end-of-data-marker"}
{"ts":"2025-11-19T02:37:16.032Z","level":"warn","event":"bfis-snapshot-empty-data","endpoint":"logs","message":"Empty logs array received"}
{"ts":"2025-11-19T02:37:16.073Z","level":"info","event":"bfis-snapshot-read-ok","snapshotId":"779297ef-c2ca-4669-bb5b-9fa043206d5b","sessionHash":"wXwFIkMvUoWzlJ4m","unitCount":4,"newUnitsInPoll":2,"cachedUnitsTotal":4,"unitsBufferSize":88,"weaponsBufferSize":8}
{"ts":"2025-11-19T02:37:17.018Z","level":"info","event":"bfis-binary-fetch","endpoint":"units","mode":"incremental","bytes":88,"lastTime":1763519836167}
{"ts":"2025-11-19T02:37:17.030Z","level":"warn","event":"bfis-snapshot-empty-data","endpoint":"weapons","bufferSize":8,"message":"Empty or minimal weapons data received"}
{"ts":"2025-11-19T02:37:17.031Z","level":"info","event":"bfis-binary-fetch","endpoint":"weapons","mode":"incremental","bytes":8,"lastTime":1763519836178}
{"ts":"2025-11-19T02:37:17.031Z","level":"warn","event":"bfis-unit-decode-unknown-datum-index","datumIndex":191,"unitId":16777473,"recovery":"searching-for-end-of-data-marker"}
{"ts":"2025-11-19T02:37:17.041Z","level":"warn","event":"bfis-snapshot-empty-data","endpoint":"logs","message":"Empty logs array received"}
{"ts":"2025-11-19T02:37:17.081Z","level":"info","event":"bfis-snapshot-read-ok","snapshotId":"62eb701d-14c6-491d-94c7-b50c3859f3a3","sessionHash":"wXwFIkMvUoWzlJ4m","unitCount":4,"newUnitsInPoll":2,"cachedUnitsTotal":4,"unitsBufferSize":88,"weaponsBufferSize":8}
{"ts":"2025-11-19T02:37:18.024Z","level":"info","event":"bfis-binary-fetch","endpoint":"units","mode":"incremental","bytes":88,"lastTime":1763519837172}
{"ts":"2025-11-19T02:37:18.054Z","level":"warn","event":"bfis-snapshot-empty-data","endpoint":"weapons","bufferSize":8,"message":"Empty or minimal weapons data received"}
{"ts":"2025-11-19T02:37:18.054Z","level":"info","event":"bfis-binary-fetch","endpoint":"weapons","mode":"incremental","bytes":8,"lastTime":1763519837189}
{"ts":"2025-11-19T02:37:18.054Z","level":"warn","event":"bfis-unit-decode-unknown-datum-index","datumIndex":191,"unitId":16777473,"recovery":"searching-for-end-of-data-marker"}
{"ts":"2025-11-19T02:37:18.064Z","level":"warn","event":"bfis-snapshot-empty-data","endpoint":"logs","message":"Empty logs array received"}
{"ts":"2025-11-19T02:37:18.127Z","level":"info","event":"bfis-snapshot-read-ok","snapshotId":"9fdd3ed7-0413-447b-8698-950646a36297","sessionHash":"wXwFIkMvUoWzlJ4m","unitCount":4,"newUnitsInPoll":2,"cachedUnitsTotal":4,"unitsBufferSize":88,"weaponsBufferSize":8}
{"ts":"2025-11-19T02:37:19.039Z","level":"info","event":"bfis-binary-fetch","endpoint":"units","mode":"incremental","bytes":88,"lastTime":1763519838175}
{"ts":"2025-11-19T02:37:19.050Z","level":"warn","event":"bfis-snapshot-empty-data","endpoint":"weapons","bufferSize":8,"message":"Empty or minimal weapons data received"}
{"ts":"2025-11-19T02:37:19.050Z","level":"info","event":"bfis-binary-fetch","endpoint":"weapons","mode":"incremental","bytes":8,"lastTime":1763519838212}
{"ts":"2025-11-19T02:37:19.050Z","level":"warn","event":"bfis-unit-decode-unknown-datum-index","datumIndex":191,"unitId":16777473,"recovery":"searching-for-end-of-data-marker"}
{"ts":"2025-11-19T02:37:19.061Z","level":"warn","event":"bfis-snapshot-empty-data","endpoint":"logs","message":"Empty logs array received"}
{"ts":"2025-11-19T02:37:19.102Z","level":"info","event":"bfis-snapshot-read-ok","snapshotId":"03b75219-ceb0-4add-a5e4-34e98e42e6f8","sessionHash":"wXwFIkMvUoWzlJ4m","unitCount":4,"newUnitsInPoll":2,"cachedUnitsTotal":4,"unitsBufferSize":88,"weaponsBufferSize":8}
{"ts":"2025-11-19T02:37:20.028Z","level":"info","event":"bfis-binary-fetch","endpoint":"units","mode":"incremental","bytes":88,"lastTime":1763519839198}
{"ts":"2025-11-19T02:37:20.037Z","level":"warn","event":"bfis-snapshot-empty-data","endpoint":"weapons","bufferSize":8,"message":"Empty or minimal weapons data received"}
{"ts":"2025-11-19T02:37:20.038Z","level":"info","event":"bfis-binary-fetch","endpoint":"weapons","mode":"incremental","bytes":8,"lastTime":1763519839210}
{"ts":"2025-11-19T02:37:20.038Z","level":"warn","event":"bfis-unit-decode-unknown-datum-index","datumIndex":191,"unitId":16777473,"recovery":"searching-for-end-of-data-marker"}
{"ts":"2025-11-19T02:37:20.057Z","level":"warn","event":"bfis-snapshot-empty-data","endpoint":"logs","message":"Empty logs array received"}
{"ts":"2025-11-19T02:37:20.132Z","level":"info","event":"bfis-snapshot-read-ok","snapshotId":"6690cc20-df10-4657-9774-76fa17403c9d","sessionHash":"wXwFIkMvUoWzlJ4m","unitCount":4,"newUnitsInPoll":2,"cachedUnitsTotal":4,"unitsBufferSize":88,"weaponsBufferSize":8}
{"ts":"2025-11-19T02:37:21.013Z","level":"info","event":"bfis-binary-fetch","endpoint":"units","mode":"incremental","bytes":88,"lastTime":1763519840187}
{"ts":"2025-11-19T02:37:21.025Z","level":"warn","event":"bfis-snapshot-empty-data","endpoint":"weapons","bufferSize":8,"message":"Empty or minimal weapons data received"}
{"ts":"2025-11-19T02:37:21.025Z","level":"info","event":"bfis-binary-fetch","endpoint":"weapons","mode":"incremental","bytes":8,"lastTime":1763519840197}
{"ts":"2025-11-19T02:37:21.025Z","level":"warn","event":"bfis-unit-decode-unknown-datum-index","datumIndex":191,"unitId":16777473,"recovery":"searching-for-end-of-data-marker"}
{"ts":"2025-11-19T02:37:21.038Z","level":"warn","event":"bfis-snapshot-empty-data","endpoint":"logs","message":"Empty logs array received"}
{"ts":"2025-11-19T02:37:21.078Z","level":"info","event":"bfis-snapshot-read-ok","snapshotId":"e20d8091-96a0-4a30-ad65-fefbf10585a4","sessionHash":"wXwFIkMvUoWzlJ4m","unitCount":4,"newUnitsInPoll":2,"cachedUnitsTotal":4,"unitsBufferSize":88,"weaponsBufferSize":8}
{"ts":"2025-11-19T02:37:22.031Z","level":"info","event":"bfis-binary-fetch","endpoint":"units","mode":"incremental","bytes":88,"lastTime":1763519841173}
{"ts":"2025-11-19T02:37:22.052Z","level":"warn","event":"bfis-snapshot-empty-data","endpoint":"weapons","bufferSize":8,"message":"Empty or minimal weapons data received"}
{"ts":"2025-11-19T02:37:22.052Z","level":"info","event":"bfis-binary-fetch","endpoint":"weapons","mode":"incremental","bytes":8,"lastTime":1763519841183}
{"ts":"2025-11-19T02:37:22.052Z","level":"warn","event":"bfis-unit-decode-unknown-datum-index","datumIndex":191,"unitId":16777473,"recovery":"searching-for-end-of-data-marker"}
{"ts":"2025-11-19T02:37:22.065Z","level":"warn","event":"bfis-snapshot-empty-data","endpoint":"logs","message":"Empty logs array received"}
{"ts":"2025-11-19T02:37:22.122Z","level":"info","event":"bfis-snapshot-read-ok","snapshotId":"0a0e9e66-46c1-46fb-a5df-f36c7ef96e91","sessionHash":"wXwFIkMvUoWzlJ4m","unitCount":4,"newUnitsInPoll":2,"cachedUnitsTotal":4,"unitsBufferSize":88,"weaponsBufferSize":8}
{"ts":"2025-11-19T02:37:23.020Z","level":"info","event":"bfis-binary-fetch","endpoint":"units","mode":"incremental","bytes":88,"lastTime":1763519842189}
{"ts":"2025-11-19T02:37:23.033Z","level":"warn","event":"bfis-snapshot-empty-data","endpoint":"weapons","bufferSize":8,"message":"Empty or minimal weapons data received"}
{"ts":"2025-11-19T02:37:23.033Z","level":"info","event":"bfis-binary-fetch","endpoint":"weapons","mode":"incremental","bytes":8,"lastTime":1763519842201}
{"ts":"2025-11-19T02:37:23.033Z","level":"warn","event":"bfis-unit-decode-unknown-datum-index","datumIndex":191,"unitId":16777473,"recovery":"searching-for-end-of-data-marker"}
{"ts":"2025-11-19T02:37:23.044Z","level":"warn","event":"bfis-snapshot-empty-data","endpoint":"logs","message":"Empty logs array received"}
{"ts":"2025-11-19T02:37:23.085Z","level":"info","event":"bfis-snapshot-read-ok","snapshotId":"54438f24-ff48-4938-9176-f6f3c1234e8f","sessionHash":"wXwFIkMvUoWzlJ4m","unitCount":4,"newUnitsInPoll":2,"cachedUnitsTotal":4,"unitsBufferSize":88,"weaponsBufferSize":8}
{"ts":"2025-11-19T02:37:24.045Z","level":"info","event":"bfis-binary-fetch","endpoint":"units","mode":"incremental","bytes":88,"lastTime":1763519843180}
{"ts":"2025-11-19T02:37:24.067Z","level":"warn","event":"bfis-snapshot-empty-data","endpoint":"weapons","bufferSize":8,"message":"Empty or minimal weapons data received"}
{"ts":"2025-11-19T02:37:24.067Z","level":"info","event":"bfis-binary-fetch","endpoint":"weapons","mode":"incremental","bytes":8,"lastTime":1763519843192}
{"ts":"2025-11-19T02:37:24.067Z","level":"warn","event":"bfis-unit-decode-unknown-datum-index","datumIndex":191,"unitId":16777473,"recovery":"searching-for-end-of-data-marker"}
{"ts":"2025-11-19T02:37:24.096Z","level":"warn","event":"bfis-snapshot-empty-data","endpoint":"logs","message":"Empty logs array received"}
{"ts":"2025-11-19T02:37:24.153Z","level":"info","event":"bfis-snapshot-read-ok","snapshotId":"148a15ac-0b84-45fc-9a7e-0cd6bfc10a96","sessionHash":"wXwFIkMvUoWzlJ4m","unitCount":4,"newUnitsInPoll":2,"cachedUnitsTotal":4,"unitsBufferSize":88,"weaponsBufferSize":8}
{"ts":"2025-11-19T02:37:25.031Z","level":"info","event":"bfis-binary-fetch","endpoint":"units","mode":"incremental","bytes":91,"lastTime":1763519844182}
{"ts":"2025-11-19T02:37:25.047Z","level":"warn","event":"bfis-snapshot-empty-data","endpoint":"weapons","bufferSize":8,"message":"Empty or minimal weapons data received"}
{"ts":"2025-11-19T02:37:25.048Z","level":"info","event":"bfis-binary-fetch","endpoint":"weapons","mode":"incremental","bytes":8,"lastTime":1763519844223}
{"ts":"2025-11-19T02:37:25.048Z","level":"warn","event":"bfis-unit-decode-unknown-datum-index","datumIndex":191,"unitId":16777473,"recovery":"searching-for-end-of-data-marker"}
{"ts":"2025-11-19T02:37:25.060Z","level":"warn","event":"bfis-snapshot-empty-data","endpoint":"logs","message":"Empty logs array received"}
{"ts":"2025-11-19T02:37:25.113Z","level":"info","event":"bfis-snapshot-read-ok","snapshotId":"109c2b35-ff00-46f3-91ee-8e826ff0dd0a","sessionHash":"wXwFIkMvUoWzlJ4m","unitCount":4,"newUnitsInPoll":2,"cachedUnitsTotal":4,"unitsBufferSize":91,"weaponsBufferSize":8}
{"ts":"2025-11-19T02:37:26.069Z","level":"info","event":"bfis-binary-fetch","endpoint":"units","mode":"incremental","bytes":88,"lastTime":1763519845188}
{"ts":"2025-11-19T02:37:26.080Z","level":"warn","event":"bfis-snapshot-empty-data","endpoint":"weapons","bufferSize":8,"message":"Empty or minimal weapons data received"}
{"ts":"2025-11-19T02:37:26.080Z","level":"info","event":"bfis-binary-fetch","endpoint":"weapons","mode":"incremental","bytes":8,"lastTime":1763519845205}
{"ts":"2025-11-19T02:37:26.080Z","level":"warn","event":"bfis-unit-decode-unknown-datum-index","datumIndex":191,"unitId":16777473,"recovery":"searching-for-end-of-data-marker"}
{"ts":"2025-11-19T02:37:26.111Z","level":"warn","event":"bfis-snapshot-empty-data","endpoint":"logs","message":"Empty logs array received"}
{"ts":"2025-11-19T02:37:26.188Z","level":"info","event":"bfis-snapshot-read-ok","snapshotId":"a473f15c-10d9-4d84-90db-a8bc0874c2cd","sessionHash":"wXwFIkMvUoWzlJ4m","unitCount":4,"newUnitsInPoll":2,"cachedUnitsTotal":4,"unitsBufferSize":88,"weaponsBufferSize":8}
{"ts":"2025-11-19T02:37:27.039Z","level":"info","event":"bfis-binary-fetch","endpoint":"units","mode":"incremental","bytes":88,"lastTime":1763519846227}
{"ts":"2025-11-19T02:37:27.056Z","level":"warn","event":"bfis-snapshot-empty-data","endpoint":"weapons","bufferSize":8,"message":"Empty or minimal weapons data received"}
{"ts":"2025-11-19T02:37:27.056Z","level":"info","event":"bfis-binary-fetch","endpoint":"weapons","mode":"incremental","bytes":8,"lastTime":1763519846238}
{"ts":"2025-11-19T02:37:27.057Z","level":"warn","event":"bfis-unit-decode-unknown-datum-index","datumIndex":191,"unitId":16777473,"recovery":"searching-for-end-of-data-marker"}
{"ts":"2025-11-19T02:37:27.070Z","level":"warn","event":"bfis-snapshot-empty-data","endpoint":"logs","message":"Empty logs array received"}
{"ts":"2025-11-19T02:37:27.117Z","level":"info","event":"bfis-snapshot-read-ok","snapshotId":"8e76faff-cba2-4467-b599-5cf0b3432f92","sessionHash":"wXwFIkMvUoWzlJ4m","unitCount":4,"newUnitsInPoll":2,"cachedUnitsTotal":4,"unitsBufferSize":88,"weaponsBufferSize":8}
{"ts":"2025-11-19T02:37:28.037Z","level":"info","event":"bfis-binary-fetch","endpoint":"units","mode":"incremental","bytes":88,"lastTime":1763519847192}
{"ts":"2025-11-19T02:37:28.051Z","level":"warn","event":"bfis-snapshot-empty-data","endpoint":"weapons","bufferSize":8,"message":"Empty or minimal weapons data received"}
{"ts":"2025-11-19T02:37:28.052Z","level":"info","event":"bfis-binary-fetch","endpoint":"weapons","mode":"incremental","bytes":8,"lastTime":1763519847212}
{"ts":"2025-11-19T02:37:28.052Z","level":"warn","event":"bfis-unit-decode-unknown-datum-index","datumIndex":191,"unitId":16777473,"recovery":"searching-for-end-of-data-marker"}
{"ts":"2025-11-19T02:37:28.084Z","level":"warn","event":"bfis-snapshot-empty-data","endpoint":"logs","message":"Empty logs array received"}
{"ts":"2025-11-19T02:37:28.163Z","level":"info","event":"bfis-snapshot-read-ok","snapshotId":"9b69b35b-9d63-4e0d-9f5f-1bf1382c939e","sessionHash":"wXwFIkMvUoWzlJ4m","unitCount":4,"newUnitsInPoll":2,"cachedUnitsTotal":4,"unitsBufferSize":88,"weaponsBufferSize":8}
{"ts":"2025-11-19T02:37:29.020Z","level":"info","event":"bfis-binary-fetch","endpoint":"units","mode":"incremental","bytes":88,"lastTime":1763519848195}
{"ts":"2025-11-19T02:37:29.031Z","level":"warn","event":"bfis-snapshot-empty-data","endpoint":"weapons","bufferSize":8,"message":"Empty or minimal weapons data received"}
{"ts":"2025-11-19T02:37:29.031Z","level":"info","event":"bfis-binary-fetch","endpoint":"weapons","mode":"incremental","bytes":8,"lastTime":1763519848209}
{"ts":"2025-11-19T02:37:29.032Z","level":"warn","event":"bfis-unit-decode-unknown-datum-index","datumIndex":191,"unitId":16777473,"recovery":"searching-for-end-of-data-marker"}
{"ts":"2025-11-19T02:37:29.043Z","level":"warn","event":"bfis-snapshot-empty-data","endpoint":"logs","message":"Empty logs array received"}
{"ts":"2025-11-19T02:37:29.087Z","level":"info","event":"bfis-snapshot-read-ok","snapshotId":"c8f60ab4-4c61-48d9-9dc5-bfcda9746e76","sessionHash":"wXwFIkMvUoWzlJ4m","unitCount":4,"newUnitsInPoll":2,"cachedUnitsTotal":4,"unitsBufferSize":88,"weaponsBufferSize":8}
{"ts":"2025-11-19T02:37:30.035Z","level":"info","event":"bfis-binary-fetch","endpoint":"units","mode":"incremental","bytes":88,"lastTime":1763519849179}
{"ts":"2025-11-19T02:37:30.047Z","level":"warn","event":"bfis-snapshot-empty-data","endpoint":"weapons","bufferSize":8,"message":"Empty or minimal weapons data received"}
{"ts":"2025-11-19T02:37:30.047Z","level":"info","event":"bfis-binary-fetch","endpoint":"weapons","mode":"incremental","bytes":8,"lastTime":1763519849190}
{"ts":"2025-11-19T02:37:30.047Z","level":"warn","event":"bfis-unit-decode-unknown-datum-index","datumIndex":191,"unitId":16777473,"recovery":"searching-for-end-of-data-marker"}
{"ts":"2025-11-19T02:37:30.071Z","level":"warn","event":"bfis-snapshot-empty-data","endpoint":"logs","message":"Empty logs array received"}
{"ts":"2025-11-19T02:37:30.129Z","level":"info","event":"bfis-snapshot-read-ok","snapshotId":"ff2c0a00-0e04-420f-9fd3-79520b840539","sessionHash":"wXwFIkMvUoWzlJ4m","unitCount":4,"newUnitsInPoll":2,"cachedUnitsTotal":4,"unitsBufferSize":88,"weaponsBufferSize":8}
{"ts":"2025-11-19T02:37:31.024Z","level":"info","event":"bfis-binary-fetch","endpoint":"units","mode":"incremental","bytes":88,"lastTime":1763519850194}
{"ts":"2025-11-19T02:37:31.042Z","level":"warn","event":"bfis-snapshot-empty-data","endpoint":"weapons","bufferSize":8,"message":"Empty or minimal weapons data received"}
{"ts":"2025-11-19T02:37:31.042Z","level":"info","event":"bfis-binary-fetch","endpoint":"weapons","mode":"incremental","bytes":8,"lastTime":1763519850206}
{"ts":"2025-11-19T02:37:31.042Z","level":"warn","event":"bfis-unit-decode-unknown-datum-index","datumIndex":191,"unitId":16777473,"recovery":"searching-for-end-of-data-marker"}
{"ts":"2025-11-19T02:37:31.053Z","level":"warn","event":"bfis-snapshot-empty-data","endpoint":"logs","message":"Empty logs array received"}
{"ts":"2025-11-19T02:37:31.093Z","level":"info","event":"bfis-snapshot-read-ok","snapshotId":"6bf3caad-aa61-49c3-800f-6fb8cb7cb54a","sessionHash":"wXwFIkMvUoWzlJ4m","unitCount":4,"newUnitsInPoll":2,"cachedUnitsTotal":4,"unitsBufferSize":88,"weaponsBufferSize":8}
{"ts":"2025-11-19T02:37:32.022Z","level":"info","event":"bfis-binary-fetch","endpoint":"units","mode":"incremental","bytes":88,"lastTime":1763519851182}
{"ts":"2025-11-19T02:37:32.032Z","level":"warn","event":"bfis-snapshot-empty-data","endpoint":"weapons","bufferSize":8,"message":"Empty or minimal weapons data received"}
{"ts":"2025-11-19T02:37:32.032Z","level":"info","event":"bfis-binary-fetch","endpoint":"weapons","mode":"incremental","bytes":8,"lastTime":1763519851198}
{"ts":"2025-11-19T02:37:32.032Z","level":"warn","event":"bfis-unit-decode-unknown-datum-index","datumIndex":191,"unitId":16777473,"recovery":"searching-for-end-of-data-marker"}
{"ts":"2025-11-19T02:37:32.044Z","level":"warn","event":"bfis-snapshot-empty-data","endpoint":"logs","message":"Empty logs array received"}
{"ts":"2025-11-19T02:37:32.087Z","level":"info","event":"bfis-snapshot-read-ok","snapshotId":"62dae55b-bff2-4c36-b58d-e191a0d544bb","sessionHash":"wXwFIkMvUoWzlJ4m","unitCount":4,"newUnitsInPoll":2,"cachedUnitsTotal":4,"unitsBufferSize":88,"weaponsBufferSize":8}
{"ts":"2025-11-19T02:37:33.017Z","level":"info","event":"bfis-binary-fetch","endpoint":"units","mode":"incremental","bytes":88,"lastTime":1763519852181}
{"ts":"2025-11-19T02:37:33.031Z","level":"warn","event":"bfis-snapshot-empty-data","endpoint":"weapons","bufferSize":8,"message":"Empty or minimal weapons data received"}
{"ts":"2025-11-19T02:37:33.031Z","level":"info","event":"bfis-binary-fetch","endpoint":"weapons","mode":"incremental","bytes":8,"lastTime":1763519852192}
{"ts":"2025-11-19T02:37:33.031Z","level":"warn","event":"bfis-unit-decode-unknown-datum-index","datumIndex":191,"unitId":16777473,"recovery":"searching-for-end-of-data-marker"}
{"ts":"2025-11-19T02:37:33.040Z","level":"warn","event":"bfis-snapshot-empty-data","endpoint":"logs","message":"Empty logs array received"}
{"ts":"2025-11-19T02:37:33.084Z","level":"info","event":"bfis-snapshot-read-ok","snapshotId":"65d97029-dcfd-43ba-96d3-8fd16d1d9d81","sessionHash":"wXwFIkMvUoWzlJ4m","unitCount":4,"newUnitsInPoll":2,"cachedUnitsTotal":4,"unitsBufferSize":88,"weaponsBufferSize":8}
{"ts":"2025-11-19T02:37:34.023Z","level":"info","event":"bfis-binary-fetch","endpoint":"units","mode":"incremental","bytes":88,"lastTime":1763519853178}
{"ts":"2025-11-19T02:37:34.034Z","level":"warn","event":"bfis-snapshot-empty-data","endpoint":"weapons","bufferSize":8,"message":"Empty or minimal weapons data received"}
{"ts":"2025-11-19T02:37:34.034Z","level":"info","event":"bfis-binary-fetch","endpoint":"weapons","mode":"incremental","bytes":8,"lastTime":1763519853190}
{"ts":"2025-11-19T02:37:34.034Z","level":"warn","event":"bfis-unit-decode-unknown-datum-index","datumIndex":191,"unitId":16777473,"recovery":"searching-for-end-of-data-marker"}
{"ts":"2025-11-19T02:37:34.087Z","level":"warn","event":"bfis-snapshot-empty-data","endpoint":"logs","message":"Empty logs array received"}
{"ts":"2025-11-19T02:37:34.143Z","level":"info","event":"bfis-snapshot-read-ok","snapshotId":"e7c806ea-ba6f-4b6d-afa7-364c30f777f2","sessionHash":"wXwFIkMvUoWzlJ4m","unitCount":4,"newUnitsInPoll":2,"cachedUnitsTotal":4,"unitsBufferSize":88,"weaponsBufferSize":8}
{"ts":"2025-11-19T02:37:35.036Z","level":"info","event":"bfis-binary-fetch","endpoint":"units","mode":"incremental","bytes":88,"lastTime":1763519854182}
{"ts":"2025-11-19T02:37:35.048Z","level":"warn","event":"bfis-snapshot-empty-data","endpoint":"weapons","bufferSize":8,"message":"Empty or minimal weapons data received"}
{"ts":"2025-11-19T02:37:35.048Z","level":"info","event":"bfis-binary-fetch","endpoint":"weapons","mode":"incremental","bytes":8,"lastTime":1763519854192}
{"ts":"2025-11-19T02:37:35.048Z","level":"warn","event":"bfis-unit-decode-unknown-datum-index","datumIndex":191,"unitId":16777473,"recovery":"searching-for-end-of-data-marker"}
{"ts":"2025-11-19T02:37:35.057Z","level":"warn","event":"bfis-snapshot-empty-data","endpoint":"logs","message":"Empty logs array received"}
{"ts":"2025-11-19T02:37:35.094Z","level":"info","event":"bfis-snapshot-read-ok","snapshotId":"b91607f5-d47e-4763-927b-0b2d03fd916d","sessionHash":"wXwFIkMvUoWzlJ4m","unitCount":4,"newUnitsInPoll":2,"cachedUnitsTotal":4,"unitsBufferSize":88,"weaponsBufferSize":8}
{"ts":"2025-11-19T02:37:36.031Z","level":"info","event":"bfis-binary-fetch","endpoint":"units","mode":"incremental","bytes":88,"lastTime":1763519855192}
{"ts":"2025-11-19T02:37:36.042Z","level":"warn","event":"bfis-snapshot-empty-data","endpoint":"weapons","bufferSize":8,"message":"Empty or minimal weapons data received"}
{"ts":"2025-11-19T02:37:36.042Z","level":"info","event":"bfis-binary-fetch","endpoint":"weapons","mode":"incremental","bytes":8,"lastTime":1763519855209}
{"ts":"2025-11-19T02:37:36.042Z","level":"warn","event":"bfis-unit-decode-unknown-datum-index","datumIndex":191,"unitId":16777473,"recovery":"searching-for-end-of-data-marker"}
{"ts":"2025-11-19T02:37:36.101Z","level":"warn","event":"bfis-snapshot-empty-data","endpoint":"logs","message":"Empty logs array received"}
{"ts":"2025-11-19T02:37:36.192Z","level":"info","event":"bfis-snapshot-read-ok","snapshotId":"1271b847-083f-4b9d-9e26-453a074c9d4d","sessionHash":"wXwFIkMvUoWzlJ4m","unitCount":4,"newUnitsInPoll":2,"cachedUnitsTotal":4,"unitsBufferSize":88,"weaponsBufferSize":8}
{"ts":"2025-11-19T02:37:37.026Z","level":"info","event":"bfis-binary-fetch","endpoint":"units","mode":"incremental","bytes":88,"lastTime":1763519856186}
{"ts":"2025-11-19T02:37:37.037Z","level":"warn","event":"bfis-snapshot-empty-data","endpoint":"weapons","bufferSize":8,"message":"Empty or minimal weapons data received"}
{"ts":"2025-11-19T02:37:37.037Z","level":"info","event":"bfis-binary-fetch","endpoint":"weapons","mode":"incremental","bytes":8,"lastTime":1763519856202}
{"ts":"2025-11-19T02:37:37.037Z","level":"warn","event":"bfis-unit-decode-unknown-datum-index","datumIndex":191,"unitId":16777473,"recovery":"searching-for-end-of-data-marker"}
{"ts":"2025-11-19T02:37:37.047Z","level":"warn","event":"bfis-snapshot-empty-data","endpoint":"logs","message":"Empty logs array received"}
{"ts":"2025-11-19T02:37:37.092Z","level":"info","event":"bfis-snapshot-read-ok","snapshotId":"25ff656b-8e17-4616-bc85-2bd03ffdf9bd","sessionHash":"wXwFIkMvUoWzlJ4m","unitCount":4,"newUnitsInPoll":2,"cachedUnitsTotal":4,"unitsBufferSize":88,"weaponsBufferSize":8}
{"ts":"2025-11-19T02:37:38.031Z","level":"info","event":"bfis-binary-fetch","endpoint":"units","mode":"incremental","bytes":88,"lastTime":1763519857185}
{"ts":"2025-11-19T02:37:38.045Z","level":"info","event":"bfis-binary-fetch","endpoint":"weapons","mode":"incremental","bytes":8,"lastTime":1763519857196}
{"ts":"2025-11-19T02:37:38.044Z","level":"warn","event":"bfis-snapshot-empty-data","endpoint":"weapons","bufferSize":8,"message":"Empty or minimal weapons data received"}
{"ts":"2025-11-19T02:37:38.045Z","level":"warn","event":"bfis-unit-decode-unknown-datum-index","datumIndex":191,"unitId":16777473,"recovery":"searching-for-end-of-data-marker"}
{"ts":"2025-11-19T02:37:38.054Z","level":"warn","event":"bfis-snapshot-empty-data","endpoint":"logs","message":"Empty logs array received"}
{"ts":"2025-11-19T02:37:38.096Z","level":"info","event":"bfis-snapshot-read-ok","snapshotId":"ab54c323-f62d-466d-9c6f-d4969c8bf1e7","sessionHash":"wXwFIkMvUoWzlJ4m","unitCount":4,"newUnitsInPoll":2,"cachedUnitsTotal":4,"unitsBufferSize":88,"weaponsBufferSize":8}
{"ts":"2025-11-19T02:37:39.029Z","level":"info","event":"bfis-binary-fetch","endpoint":"units","mode":"incremental","bytes":88,"lastTime":1763519858192}
{"ts":"2025-11-19T02:37:39.040Z","level":"info","event":"bfis-binary-fetch","endpoint":"weapons","mode":"incremental","bytes":8,"lastTime":1763519858203}
{"ts":"2025-11-19T02:37:39.039Z","level":"warn","event":"bfis-snapshot-empty-data","endpoint":"weapons","bufferSize":8,"message":"Empty or minimal weapons data received"}
{"ts":"2025-11-19T02:37:39.040Z","level":"warn","event":"bfis-unit-decode-unknown-datum-index","datumIndex":191,"unitId":16777473,"recovery":"searching-for-end-of-data-marker"}
{"ts":"2025-11-19T02:37:39.049Z","level":"warn","event":"bfis-snapshot-empty-data","endpoint":"logs","message":"Empty logs array received"}
{"ts":"2025-11-19T02:37:39.085Z","level":"info","event":"bfis-snapshot-read-ok","snapshotId":"7a88a902-f0e6-486c-931c-eaae351fc6dc","sessionHash":"wXwFIkMvUoWzlJ4m","unitCount":4,"newUnitsInPoll":2,"cachedUnitsTotal":4,"unitsBufferSize":88,"weaponsBufferSize":8}
{"ts":"2025-11-19T02:37:40.030Z","level":"info","event":"bfis-binary-fetch","endpoint":"units","mode":"incremental","bytes":88,"lastTime":1763519859189}
{"ts":"2025-11-19T02:37:40.041Z","level":"warn","event":"bfis-snapshot-empty-data","endpoint":"weapons","bufferSize":8,"message":"Empty or minimal weapons data received"}
{"ts":"2025-11-19T02:37:40.042Z","level":"info","event":"bfis-binary-fetch","endpoint":"weapons","mode":"incremental","bytes":8,"lastTime":1763519859200}
{"ts":"2025-11-19T02:37:40.042Z","level":"warn","event":"bfis-unit-decode-unknown-datum-index","datumIndex":191,"unitId":16777473,"recovery":"searching-for-end-of-data-marker"}
{"ts":"2025-11-19T02:37:40.054Z","level":"warn","event":"bfis-snapshot-empty-data","endpoint":"logs","message":"Empty logs array received"}
{"ts":"2025-11-19T02:37:40.093Z","level":"info","event":"bfis-snapshot-read-ok","snapshotId":"6a98378f-c76e-4de1-be85-3810239b1b4a","sessionHash":"wXwFIkMvUoWzlJ4m","unitCount":4,"newUnitsInPoll":2,"cachedUnitsTotal":4,"unitsBufferSize":88,"weaponsBufferSize":8}
{"ts":"2025-11-19T02:37:41.029Z","level":"info","event":"bfis-binary-fetch","endpoint":"units","mode":"incremental","bytes":88,"lastTime":1763519860188}
{"ts":"2025-11-19T02:37:41.039Z","level":"warn","event":"bfis-snapshot-empty-data","endpoint":"weapons","bufferSize":8,"message":"Empty or minimal weapons data received"}
{"ts":"2025-11-19T02:37:41.039Z","level":"info","event":"bfis-binary-fetch","endpoint":"weapons","mode":"incremental","bytes":8,"lastTime":1763519860200}
{"ts":"2025-11-19T02:37:41.039Z","level":"warn","event":"bfis-unit-decode-unknown-datum-index","datumIndex":191,"unitId":16777473,"recovery":"searching-for-end-of-data-marker"}
{"ts":"2025-11-19T02:37:41.049Z","level":"warn","event":"bfis-snapshot-empty-data","endpoint":"logs","message":"Empty logs array received"}
{"ts":"2025-11-19T02:37:41.093Z","level":"info","event":"bfis-snapshot-read-ok","snapshotId":"0b7fed92-864b-4dbb-adba-5773f03b5790","sessionHash":"wXwFIkMvUoWzlJ4m","unitCount":4,"newUnitsInPoll":2,"cachedUnitsTotal":4,"unitsBufferSize":88,"weaponsBufferSize":8}
{"ts":"2025-11-19T02:37:42.030Z","level":"info","event":"bfis-binary-fetch","endpoint":"units","mode":"incremental","bytes":88,"lastTime":1763519861188}
{"ts":"2025-11-19T02:37:42.040Z","level":"info","event":"bfis-binary-fetch","endpoint":"weapons","mode":"incremental","bytes":8,"lastTime":1763519861198}
{"ts":"2025-11-19T02:37:42.039Z","level":"warn","event":"bfis-snapshot-empty-data","endpoint":"weapons","bufferSize":8,"message":"Empty or minimal weapons data received"}
{"ts":"2025-11-19T02:37:42.040Z","level":"warn","event":"bfis-unit-decode-unknown-datum-index","datumIndex":191,"unitId":16777473,"recovery":"searching-for-end-of-data-marker"}
{"ts":"2025-11-19T02:37:42.050Z","level":"warn","event":"bfis-snapshot-empty-data","endpoint":"logs","message":"Empty logs array received"}
{"ts":"2025-11-19T02:37:42.100Z","level":"info","event":"bfis-snapshot-read-ok","snapshotId":"64925bfd-35f1-487e-9308-f0e24cb43eb4","sessionHash":"wXwFIkMvUoWzlJ4m","unitCount":4,"newUnitsInPoll":2,"cachedUnitsTotal":4,"unitsBufferSize":88,"weaponsBufferSize":8}
{"ts":"2025-11-19T02:37:43.034Z","level":"info","event":"bfis-binary-fetch","endpoint":"units","mode":"incremental","bytes":88,"lastTime":1763519862189}
{"ts":"2025-11-19T02:37:43.044Z","level":"warn","event":"bfis-snapshot-empty-data","endpoint":"weapons","bufferSize":8,"message":"Empty or minimal weapons data received"}
{"ts":"2025-11-19T02:37:43.044Z","level":"info","event":"bfis-binary-fetch","endpoint":"weapons","mode":"incremental","bytes":8,"lastTime":1763519862199}
{"ts":"2025-11-19T02:37:43.045Z","level":"warn","event":"bfis-unit-decode-unknown-datum-index","datumIndex":191,"unitId":16777473,"recovery":"searching-for-end-of-data-marker"}
{"ts":"2025-11-19T02:37:43.054Z","level":"warn","event":"bfis-snapshot-empty-data","endpoint":"logs","message":"Empty logs array received"}
{"ts":"2025-11-19T02:37:43.093Z","level":"info","event":"bfis-snapshot-read-ok","snapshotId":"dc1667f2-ea77-469e-b421-a480deb14c83","sessionHash":"wXwFIkMvUoWzlJ4m","unitCount":4,"newUnitsInPoll":2,"cachedUnitsTotal":4,"unitsBufferSize":88,"weaponsBufferSize":8}
{"ts":"2025-11-19T02:37:44.030Z","level":"info","event":"bfis-binary-fetch","endpoint":"units","mode":"incremental","bytes":88,"lastTime":1763519863192}
{"ts":"2025-11-19T02:37:44.041Z","level":"warn","event":"bfis-snapshot-empty-data","endpoint":"weapons","bufferSize":8,"message":"Empty or minimal weapons data received"}
{"ts":"2025-11-19T02:37:44.041Z","level":"info","event":"bfis-binary-fetch","endpoint":"weapons","mode":"incremental","bytes":8,"lastTime":1763519863204}
{"ts":"2025-11-19T02:37:44.042Z","level":"warn","event":"bfis-unit-decode-unknown-datum-index","datumIndex":191,"unitId":16777473,"recovery":"searching-for-end-of-data-marker"}
{"ts":"2025-11-19T02:37:44.055Z","level":"warn","event":"bfis-snapshot-empty-data","endpoint":"logs","message":"Empty logs array received"}
{"ts":"2025-11-19T02:37:44.090Z","level":"info","event":"bfis-snapshot-read-ok","snapshotId":"d59ee2bb-0a82-4ab9-9777-5f2b1b3feb3b","sessionHash":"wXwFIkMvUoWzlJ4m","unitCount":4,"newUnitsInPoll":2,"cachedUnitsTotal":4,"unitsBufferSize":88,"weaponsBufferSize":8}
{"ts":"2025-11-19T02:37:45.042Z","level":"info","event":"bfis-binary-fetch","endpoint":"units","mode":"incremental","bytes":88,"lastTime":1763519864190}
{"ts":"2025-11-19T02:37:45.054Z","level":"warn","event":"bfis-snapshot-empty-data","endpoint":"weapons","bufferSize":8,"message":"Empty or minimal weapons data received"}
{"ts":"2025-11-19T02:37:45.054Z","level":"info","event":"bfis-binary-fetch","endpoint":"weapons","mode":"incremental","bytes":8,"lastTime":1763519864201}
{"ts":"2025-11-19T02:37:45.054Z","level":"warn","event":"bfis-unit-decode-unknown-datum-index","datumIndex":191,"unitId":16777473,"recovery":"searching-for-end-of-data-marker"}
{"ts":"2025-11-19T02:37:45.071Z","level":"warn","event":"bfis-snapshot-empty-data","endpoint":"logs","message":"Empty logs array received"}
{"ts":"2025-11-19T02:37:45.121Z","level":"info","event":"bfis-snapshot-read-ok","snapshotId":"196cf273-2d30-43d0-a9b2-7ddf5a2408cb","sessionHash":"wXwFIkMvUoWzlJ4m","unitCount":4,"newUnitsInPoll":2,"cachedUnitsTotal":4,"unitsBufferSize":88,"weaponsBufferSize":8}
{"ts":"2025-11-19T02:37:46.034Z","level":"info","event":"bfis-binary-fetch","endpoint":"units","mode":"incremental","bytes":88,"lastTime":1763519865201}
{"ts":"2025-11-19T02:37:46.044Z","level":"warn","event":"bfis-snapshot-empty-data","endpoint":"weapons","bufferSize":8,"message":"Empty or minimal weapons data received"}
{"ts":"2025-11-19T02:37:46.044Z","level":"info","event":"bfis-binary-fetch","endpoint":"weapons","mode":"incremental","bytes":8,"lastTime":1763519865214}
{"ts":"2025-11-19T02:37:46.044Z","level":"warn","event":"bfis-unit-decode-unknown-datum-index","datumIndex":191,"unitId":16777473,"recovery":"searching-for-end-of-data-marker"}
{"ts":"2025-11-19T02:37:46.055Z","level":"warn","event":"bfis-snapshot-empty-data","endpoint":"logs","message":"Empty logs array received"}
{"ts":"2025-11-19T02:37:46.106Z","level":"info","event":"bfis-snapshot-read-ok","snapshotId":"85551ba6-25a7-44ee-b9ff-278a17555bfb","sessionHash":"wXwFIkMvUoWzlJ4m","unitCount":4,"newUnitsInPoll":2,"cachedUnitsTotal":4,"unitsBufferSize":88,"weaponsBufferSize":8}
{"ts":"2025-11-19T02:37:47.032Z","level":"info","event":"bfis-binary-fetch","endpoint":"units","mode":"incremental","bytes":88,"lastTime":1763519866192}
{"ts":"2025-11-19T02:37:47.042Z","level":"warn","event":"bfis-snapshot-empty-data","endpoint":"weapons","bufferSize":8,"message":"Empty or minimal weapons data received"}
{"ts":"2025-11-19T02:37:47.042Z","level":"info","event":"bfis-binary-fetch","endpoint":"weapons","mode":"incremental","bytes":8,"lastTime":1763519866203}
{"ts":"2025-11-19T02:37:47.043Z","level":"warn","event":"bfis-unit-decode-unknown-datum-index","datumIndex":191,"unitId":16777473,"recovery":"searching-for-end-of-data-marker"}
{"ts":"2025-11-19T02:37:47.051Z","level":"warn","event":"bfis-snapshot-empty-data","endpoint":"logs","message":"Empty logs array received"}
{"ts":"2025-11-19T02:37:47.086Z","level":"info","event":"bfis-snapshot-read-ok","snapshotId":"6099adc4-50e7-4cc6-994d-6241f6c24acb","sessionHash":"wXwFIkMvUoWzlJ4m","unitCount":4,"newUnitsInPoll":2,"cachedUnitsTotal":4,"unitsBufferSize":88,"weaponsBufferSize":8}
{"ts":"2025-11-19T02:37:48.040Z","level":"info","event":"bfis-binary-fetch","endpoint":"units","mode":"incremental","bytes":88,"lastTime":1763519867193}
{"ts":"2025-11-19T02:37:48.052Z","level":"warn","event":"bfis-snapshot-empty-data","endpoint":"weapons","bufferSize":8,"message":"Empty or minimal weapons data received"}
{"ts":"2025-11-19T02:37:48.052Z","level":"info","event":"bfis-binary-fetch","endpoint":"weapons","mode":"incremental","bytes":8,"lastTime":1763519867202}
{"ts":"2025-11-19T02:37:48.052Z","level":"warn","event":"bfis-unit-decode-unknown-datum-index","datumIndex":191,"unitId":16777473,"recovery":"searching-for-end-of-data-marker"}
{"ts":"2025-11-19T02:37:48.062Z","level":"warn","event":"bfis-snapshot-empty-data","endpoint":"logs","message":"Empty logs array received"}
{"ts":"2025-11-19T02:37:48.108Z","level":"info","event":"bfis-snapshot-read-ok","snapshotId":"bbf091a9-7f9c-4a9e-9f58-14bf6f80ebdd","sessionHash":"wXwFIkMvUoWzlJ4m","unitCount":4,"newUnitsInPoll":2,"cachedUnitsTotal":4,"unitsBufferSize":88,"weaponsBufferSize":8}
{"ts":"2025-11-19T02:37:49.033Z","level":"info","event":"bfis-binary-fetch","endpoint":"units","mode":"incremental","bytes":88,"lastTime":1763519868197}
{"ts":"2025-11-19T02:37:49.044Z","level":"warn","event":"bfis-snapshot-empty-data","endpoint":"weapons","bufferSize":8,"message":"Empty or minimal weapons data received"}
{"ts":"2025-11-19T02:37:49.044Z","level":"info","event":"bfis-binary-fetch","endpoint":"weapons","mode":"incremental","bytes":8,"lastTime":1763519868212}
{"ts":"2025-11-19T02:37:49.044Z","level":"warn","event":"bfis-unit-decode-unknown-datum-index","datumIndex":191,"unitId":16777473,"recovery":"searching-for-end-of-data-marker"}
{"ts":"2025-11-19T02:37:49.054Z","level":"warn","event":"bfis-snapshot-empty-data","endpoint":"logs","message":"Empty logs array received"}
{"ts":"2025-11-19T02:37:49.087Z","level":"info","event":"bfis-snapshot-read-ok","snapshotId":"1352a4e4-c4a3-4502-9b70-416391541bc8","sessionHash":"wXwFIkMvUoWzlJ4m","unitCount":4,"newUnitsInPoll":2,"cachedUnitsTotal":4,"unitsBufferSize":88,"weaponsBufferSize":8}
{"ts":"2025-11-19T02:37:50.035Z","level":"info","event":"bfis-binary-fetch","endpoint":"units","mode":"incremental","bytes":88,"lastTime":1763519869193}
{"ts":"2025-11-19T02:37:50.044Z","level":"warn","event":"bfis-snapshot-empty-data","endpoint":"weapons","bufferSize":8,"message":"Empty or minimal weapons data received"}
{"ts":"2025-11-19T02:37:50.044Z","level":"info","event":"bfis-binary-fetch","endpoint":"weapons","mode":"incremental","bytes":8,"lastTime":1763519869203}
{"ts":"2025-11-19T02:37:50.044Z","level":"warn","event":"bfis-unit-decode-unknown-datum-index","datumIndex":191,"unitId":16777473,"recovery":"searching-for-end-of-data-marker"}
{"ts":"2025-11-19T02:37:50.053Z","level":"warn","event":"bfis-snapshot-empty-data","endpoint":"logs","message":"Empty logs array received"}
{"ts":"2025-11-19T02:37:50.090Z","level":"info","event":"bfis-snapshot-read-ok","snapshotId":"8245ceb1-f367-43aa-a5bf-46c58084cded","sessionHash":"wXwFIkMvUoWzlJ4m","unitCount":4,"newUnitsInPoll":2,"cachedUnitsTotal":4,"unitsBufferSize":88,"weaponsBufferSize":8}
{"ts":"2025-11-19T02:37:51.046Z","level":"info","event":"bfis-binary-fetch","endpoint":"units","mode":"incremental","bytes":88,"lastTime":1763519870196}
{"ts":"2025-11-19T02:37:51.056Z","level":"warn","event":"bfis-snapshot-empty-data","endpoint":"weapons","bufferSize":8,"message":"Empty or minimal weapons data received"}
{"ts":"2025-11-19T02:37:51.056Z","level":"info","event":"bfis-binary-fetch","endpoint":"weapons","mode":"incremental","bytes":8,"lastTime":1763519870204}
{"ts":"2025-11-19T02:37:51.056Z","level":"warn","event":"bfis-unit-decode-unknown-datum-index","datumIndex":191,"unitId":16777473,"recovery":"searching-for-end-of-data-marker"}
{"ts":"2025-11-19T02:37:51.066Z","level":"warn","event":"bfis-snapshot-empty-data","endpoint":"logs","message":"Empty logs array received"}
{"ts":"2025-11-19T02:37:51.106Z","level":"info","event":"bfis-snapshot-read-ok","snapshotId":"fa8112a1-a231-48cf-8316-96897257defd","sessionHash":"wXwFIkMvUoWzlJ4m","unitCount":4,"newUnitsInPoll":2,"cachedUnitsTotal":4,"unitsBufferSize":88,"weaponsBufferSize":8}
{"ts":"2025-11-19T02:37:52.038Z","level":"info","event":"bfis-binary-fetch","endpoint":"units","mode":"incremental","bytes":88,"lastTime":1763519871205}
{"ts":"2025-11-19T02:37:52.048Z","level":"warn","event":"bfis-snapshot-empty-data","endpoint":"weapons","bufferSize":8,"message":"Empty or minimal weapons data received"}
{"ts":"2025-11-19T02:37:52.048Z","level":"info","event":"bfis-binary-fetch","endpoint":"weapons","mode":"incremental","bytes":8,"lastTime":1763519871216}
{"ts":"2025-11-19T02:37:52.048Z","level":"warn","event":"bfis-unit-decode-unknown-datum-index","datumIndex":191,"unitId":16777473,"recovery":"searching-for-end-of-data-marker"}
{"ts":"2025-11-19T02:37:52.058Z","level":"warn","event":"bfis-snapshot-empty-data","endpoint":"logs","message":"Empty logs array received"}
{"ts":"2025-11-19T02:37:52.108Z","level":"info","event":"bfis-snapshot-read-ok","snapshotId":"b485b85a-34d6-4a52-be3d-5f9b4bc1c20c","sessionHash":"wXwFIkMvUoWzlJ4m","unitCount":4,"newUnitsInPoll":2,"cachedUnitsTotal":4,"unitsBufferSize":88,"weaponsBufferSize":8}
{"ts":"2025-11-19T02:37:53.040Z","level":"info","event":"bfis-binary-fetch","endpoint":"units","mode":"incremental","bytes":88,"lastTime":1763519872197}
{"ts":"2025-11-19T02:37:53.051Z","level":"warn","event":"bfis-snapshot-empty-data","endpoint":"weapons","bufferSize":8,"message":"Empty or minimal weapons data received"}
{"ts":"2025-11-19T02:37:53.051Z","level":"info","event":"bfis-binary-fetch","endpoint":"weapons","mode":"incremental","bytes":8,"lastTime":1763519872208}
{"ts":"2025-11-19T02:37:53.051Z","level":"warn","event":"bfis-unit-decode-unknown-datum-index","datumIndex":191,"unitId":16777473,"recovery":"searching-for-end-of-data-marker"}
{"ts":"2025-11-19T02:37:53.065Z","level":"warn","event":"bfis-snapshot-empty-data","endpoint":"logs","message":"Empty logs array received"}
{"ts":"2025-11-19T02:37:53.105Z","level":"info","event":"bfis-snapshot-read-ok","snapshotId":"0f53ba7a-6577-45c9-a0a6-56a9f11dd447","sessionHash":"wXwFIkMvUoWzlJ4m","unitCount":4,"newUnitsInPoll":2,"cachedUnitsTotal":4,"unitsBufferSize":88,"weaponsBufferSize":8}
{"ts":"2025-11-19T02:37:54.038Z","level":"info","event":"bfis-binary-fetch","endpoint":"units","mode":"incremental","bytes":88,"lastTime":1763519873200}
{"ts":"2025-11-19T02:37:54.048Z","level":"warn","event":"bfis-snapshot-empty-data","endpoint":"weapons","bufferSize":8,"message":"Empty or minimal weapons data received"}
{"ts":"2025-11-19T02:37:54.048Z","level":"info","event":"bfis-binary-fetch","endpoint":"weapons","mode":"incremental","bytes":8,"lastTime":1763519873211}
{"ts":"2025-11-19T02:37:54.048Z","level":"warn","event":"bfis-unit-decode-unknown-datum-index","datumIndex":191,"unitId":16777473,"recovery":"searching-for-end-of-data-marker"}
{"ts":"2025-11-19T02:37:54.063Z","level":"warn","event":"bfis-snapshot-empty-data","endpoint":"logs","message":"Empty logs array received"}
{"ts":"2025-11-19T02:37:54.103Z","level":"info","event":"bfis-snapshot-read-ok","snapshotId":"3dc3807f-f8b6-4fec-91fe-7ee39656e3d1","sessionHash":"wXwFIkMvUoWzlJ4m","unitCount":4,"newUnitsInPoll":2,"cachedUnitsTotal":4,"unitsBufferSize":88,"weaponsBufferSize":8}
{"ts":"2025-11-19T02:37:55.041Z","level":"info","event":"bfis-binary-fetch","endpoint":"units","mode":"incremental","bytes":88,"lastTime":1763519874196}
{"ts":"2025-11-19T02:37:55.050Z","level":"warn","event":"bfis-snapshot-empty-data","endpoint":"weapons","bufferSize":8,"message":"Empty or minimal weapons data received"}
{"ts":"2025-11-19T02:37:55.051Z","level":"info","event":"bfis-binary-fetch","endpoint":"weapons","mode":"incremental","bytes":8,"lastTime":1763519874208}
{"ts":"2025-11-19T02:37:55.051Z","level":"warn","event":"bfis-unit-decode-unknown-datum-index","datumIndex":191,"unitId":16777473,"recovery":"searching-for-end-of-data-marker"}
{"ts":"2025-11-19T02:37:55.051Z","level":"warn","event":"bfis-unit-decode-field-error","datumIndex":1,"unitId":402069439,"error":"Offset is outside the bounds of the DataView","errorType":"RangeError"}
{"ts":"2025-11-19T02:37:55.062Z","level":"warn","event":"bfis-snapshot-empty-data","endpoint":"logs","message":"Empty logs array received"}
{"ts":"2025-11-19T02:37:55.108Z","level":"info","event":"bfis-snapshot-read-ok","snapshotId":"9e9fc9f6-b0bd-46d0-9f21-5987d78db7a0","sessionHash":"wXwFIkMvUoWzlJ4m","unitCount":5,"newUnitsInPoll":2,"cachedUnitsTotal":5,"unitsBufferSize":88,"weaponsBufferSize":8}
{"ts":"2025-11-19T02:37:56.041Z","level":"info","event":"bfis-binary-fetch","endpoint":"units","mode":"incremental","bytes":88,"lastTime":1763519875201}
{"ts":"2025-11-19T02:37:56.051Z","level":"warn","event":"bfis-snapshot-empty-data","endpoint":"weapons","bufferSize":8,"message":"Empty or minimal weapons data received"}
{"ts":"2025-11-19T02:37:56.051Z","level":"info","event":"bfis-binary-fetch","endpoint":"weapons","mode":"incremental","bytes":8,"lastTime":1763519875210}
{"ts":"2025-11-19T02:37:56.051Z","level":"warn","event":"bfis-unit-decode-unknown-datum-index","datumIndex":191,"unitId":16777473,"recovery":"searching-for-end-of-data-marker"}
{"ts":"2025-11-19T02:37:56.052Z","level":"warn","event":"bfis-unit-decode-field-error","datumIndex":1,"unitId":33685439,"error":"Offset is outside the bounds of the DataView","errorType":"RangeError"}
{"ts":"2025-11-19T02:37:56.061Z","level":"warn","event":"bfis-snapshot-empty-data","endpoint":"logs","message":"Empty logs array received"}
{"ts":"2025-11-19T02:37:56.101Z","level":"info","event":"bfis-snapshot-read-ok","snapshotId":"1107c00e-a7ff-440e-af61-ae9a241bf21f","sessionHash":"wXwFIkMvUoWzlJ4m","unitCount":6,"newUnitsInPoll":2,"cachedUnitsTotal":6,"unitsBufferSize":88,"weaponsBufferSize":8}
{"ts":"2025-11-19T02:37:57.041Z","level":"info","event":"bfis-binary-fetch","endpoint":"units","mode":"incremental","bytes":88,"lastTime":1763519876202}
{"ts":"2025-11-19T02:37:57.050Z","level":"warn","event":"bfis-snapshot-empty-data","endpoint":"weapons","bufferSize":8,"message":"Empty or minimal weapons data received"}
{"ts":"2025-11-19T02:37:57.051Z","level":"info","event":"bfis-binary-fetch","endpoint":"weapons","mode":"incremental","bytes":8,"lastTime":1763519876211}
{"ts":"2025-11-19T02:37:57.051Z","level":"warn","event":"bfis-unit-decode-unknown-datum-index","datumIndex":191,"unitId":16777473,"recovery":"searching-for-end-of-data-marker"}
{"ts":"2025-11-19T02:37:57.061Z","level":"warn","event":"bfis-snapshot-empty-data","endpoint":"logs","message":"Empty logs array received"}
{"ts":"2025-11-19T02:37:57.098Z","level":"info","event":"bfis-snapshot-read-ok","snapshotId":"65e8fa80-203d-48f9-ad4c-2b46c5320124","sessionHash":"wXwFIkMvUoWzlJ4m","unitCount":6,"newUnitsInPoll":2,"cachedUnitsTotal":6,"unitsBufferSize":88,"weaponsBufferSize":8}
{"ts":"2025-11-19T02:37:58.039Z","level":"info","event":"bfis-binary-fetch","endpoint":"units","mode":"incremental","bytes":88,"lastTime":1763519877199}
{"ts":"2025-11-19T02:37:58.050Z","level":"warn","event":"bfis-snapshot-empty-data","endpoint":"weapons","bufferSize":8,"message":"Empty or minimal weapons data received"}
{"ts":"2025-11-19T02:37:58.050Z","level":"info","event":"bfis-binary-fetch","endpoint":"weapons","mode":"incremental","bytes":8,"lastTime":1763519877211}
{"ts":"2025-11-19T02:37:58.050Z","level":"warn","event":"bfis-unit-decode-unknown-datum-index","datumIndex":191,"unitId":16777473,"recovery":"searching-for-end-of-data-marker"}
{"ts":"2025-11-19T02:37:58.062Z","level":"warn","event":"bfis-snapshot-empty-data","endpoint":"logs","message":"Empty logs array received"}
{"ts":"2025-11-19T02:37:58.106Z","level":"info","event":"bfis-snapshot-read-ok","snapshotId":"5d85ef3f-56d2-480f-8f94-478b8ed76c07","sessionHash":"wXwFIkMvUoWzlJ4m","unitCount":6,"newUnitsInPoll":2,"cachedUnitsTotal":6,"unitsBufferSize":88,"weaponsBufferSize":8}
{"ts":"2025-11-19T02:37:59.039Z","level":"info","event":"bfis-binary-fetch","endpoint":"units","mode":"incremental","bytes":88,"lastTime":1763519878198}
{"ts":"2025-11-19T02:37:59.050Z","level":"warn","event":"bfis-snapshot-empty-data","endpoint":"weapons","bufferSize":8,"message":"Empty or minimal weapons data received"}
{"ts":"2025-11-19T02:37:59.050Z","level":"info","event":"bfis-binary-fetch","endpoint":"weapons","mode":"incremental","bytes":8,"lastTime":1763519878208}
{"ts":"2025-11-19T02:37:59.051Z","level":"warn","event":"bfis-unit-decode-unknown-datum-index","datumIndex":191,"unitId":16777473,"recovery":"searching-for-end-of-data-marker"}
{"ts":"2025-11-19T02:37:59.060Z","level":"warn","event":"bfis-snapshot-empty-data","endpoint":"logs","message":"Empty logs array received"}
{"ts":"2025-11-19T02:37:59.107Z","level":"info","event":"bfis-snapshot-read-ok","snapshotId":"519835eb-f5c3-4f3c-ad97-f80fb7f0ff92","sessionHash":"wXwFIkMvUoWzlJ4m","unitCount":6,"newUnitsInPoll":2,"cachedUnitsTotal":6,"unitsBufferSize":88,"weaponsBufferSize":8}
{"ts":"2025-11-19T02:38:00.044Z","level":"info","event":"bfis-binary-fetch","endpoint":"units","mode":"incremental","bytes":88,"lastTime":1763519879199}
{"ts":"2025-11-19T02:38:00.053Z","level":"warn","event":"bfis-snapshot-empty-data","endpoint":"weapons","bufferSize":8,"message":"Empty or minimal weapons data received"}
{"ts":"2025-11-19T02:38:00.053Z","level":"info","event":"bfis-binary-fetch","endpoint":"weapons","mode":"incremental","bytes":8,"lastTime":1763519879208}
{"ts":"2025-11-19T02:38:00.054Z","level":"warn","event":"bfis-unit-decode-unknown-datum-index","datumIndex":191,"unitId":16777473,"recovery":"searching-for-end-of-data-marker"}
{"ts":"2025-11-19T02:38:00.065Z","level":"warn","event":"bfis-snapshot-empty-data","endpoint":"logs","message":"Empty logs array received"}
{"ts":"2025-11-19T02:38:00.107Z","level":"info","event":"bfis-snapshot-read-ok","snapshotId":"1244ce9e-0b5c-4d8d-9589-274838048aae","sessionHash":"wXwFIkMvUoWzlJ4m","unitCount":6,"newUnitsInPoll":2,"cachedUnitsTotal":6,"unitsBufferSize":88,"weaponsBufferSize":8}
{"ts":"2025-11-19T02:38:01.046Z","level":"info","event":"bfis-binary-fetch","endpoint":"units","mode":"incremental","bytes":88,"lastTime":1763519880203}
{"ts":"2025-11-19T02:38:01.056Z","level":"warn","event":"bfis-snapshot-empty-data","endpoint":"weapons","bufferSize":8,"message":"Empty or minimal weapons data received"}
{"ts":"2025-11-19T02:38:01.056Z","level":"info","event":"bfis-binary-fetch","endpoint":"weapons","mode":"incremental","bytes":8,"lastTime":1763519880214}
{"ts":"2025-11-19T02:38:01.057Z","level":"warn","event":"bfis-unit-decode-unknown-datum-index","datumIndex":191,"unitId":16777473,"recovery":"searching-for-end-of-data-marker"}
{"ts":"2025-11-19T02:38:01.066Z","level":"warn","event":"bfis-snapshot-empty-data","endpoint":"logs","message":"Empty logs array received"}
{"ts":"2025-11-19T02:38:01.105Z","level":"info","event":"bfis-snapshot-read-ok","snapshotId":"31d0a8da-9b68-48e0-a446-2c6b7610d226","sessionHash":"wXwFIkMvUoWzlJ4m","unitCount":6,"newUnitsInPoll":2,"cachedUnitsTotal":6,"unitsBufferSize":88,"weaponsBufferSize":8}
{"ts":"2025-11-19T02:38:02.042Z","level":"info","event":"bfis-binary-fetch","endpoint":"units","mode":"incremental","bytes":88,"lastTime":1763519881203}
{"ts":"2025-11-19T02:38:02.052Z","level":"warn","event":"bfis-snapshot-empty-data","endpoint":"weapons","bufferSize":8,"message":"Empty or minimal weapons data received"}
{"ts":"2025-11-19T02:38:02.052Z","level":"info","event":"bfis-binary-fetch","endpoint":"weapons","mode":"incremental","bytes":8,"lastTime":1763519881217}
{"ts":"2025-11-19T02:38:02.052Z","level":"warn","event":"bfis-unit-decode-unknown-datum-index","datumIndex":191,"unitId":16777473,"recovery":"searching-for-end-of-data-marker"}
{"ts":"2025-11-19T02:38:02.063Z","level":"warn","event":"bfis-snapshot-empty-data","endpoint":"logs","message":"Empty logs array received"}
{"ts":"2025-11-19T02:38:02.104Z","level":"info","event":"bfis-snapshot-read-ok","snapshotId":"6a0a4ad1-be62-4ebe-90ed-f1ed7096f90b","sessionHash":"wXwFIkMvUoWzlJ4m","unitCount":6,"newUnitsInPoll":2,"cachedUnitsTotal":6,"unitsBufferSize":88,"weaponsBufferSize":8}
{"ts":"2025-11-19T02:38:03.042Z","level":"info","event":"bfis-binary-fetch","endpoint":"units","mode":"incremental","bytes":88,"lastTime":1763519882202}
{"ts":"2025-11-19T02:38:03.054Z","level":"warn","event":"bfis-snapshot-empty-data","endpoint":"weapons","bufferSize":8,"message":"Empty or minimal weapons data received"}
{"ts":"2025-11-19T02:38:03.054Z","level":"info","event":"bfis-binary-fetch","endpoint":"weapons","mode":"incremental","bytes":8,"lastTime":1763519882212}
{"ts":"2025-11-19T02:38:03.054Z","level":"warn","event":"bfis-unit-decode-unknown-datum-index","datumIndex":192,"unitId":16777473,"recovery":"searching-for-end-of-data-marker"}
{"ts":"2025-11-19T02:38:03.067Z","level":"warn","event":"bfis-snapshot-empty-data","endpoint":"logs","message":"Empty logs array received"}
{"ts":"2025-11-19T02:38:03.107Z","level":"info","event":"bfis-snapshot-read-ok","snapshotId":"1140a7c2-b024-4a38-810a-1e905d023586","sessionHash":"wXwFIkMvUoWzlJ4m","unitCount":6,"newUnitsInPoll":2,"cachedUnitsTotal":6,"unitsBufferSize":88,"weaponsBufferSize":8}
{"ts":"2025-11-19T02:38:04.043Z","level":"info","event":"bfis-binary-fetch","endpoint":"units","mode":"incremental","bytes":88,"lastTime":1763519883202}
{"ts":"2025-11-19T02:38:04.054Z","level":"warn","event":"bfis-snapshot-empty-data","endpoint":"weapons","bufferSize":8,"message":"Empty or minimal weapons data received"}
{"ts":"2025-11-19T02:38:04.054Z","level":"info","event":"bfis-binary-fetch","endpoint":"weapons","mode":"incremental","bytes":8,"lastTime":1763519883213}
{"ts":"2025-11-19T02:38:04.054Z","level":"warn","event":"bfis-unit-decode-unknown-datum-index","datumIndex":192,"unitId":16777473,"recovery":"searching-for-end-of-data-marker"}
{"ts":"2025-11-19T02:38:04.064Z","level":"warn","event":"bfis-snapshot-empty-data","endpoint":"logs","message":"Empty logs array received"}
{"ts":"2025-11-19T02:38:04.106Z","level":"info","event":"bfis-snapshot-read-ok","snapshotId":"beee1f96-f31e-4a08-b578-da87eead5018","sessionHash":"wXwFIkMvUoWzlJ4m","unitCount":6,"newUnitsInPoll":2,"cachedUnitsTotal":6,"unitsBufferSize":88,"weaponsBufferSize":8}
{"ts":"2025-11-19T02:38:05.045Z","level":"info","event":"bfis-binary-fetch","endpoint":"units","mode":"incremental","bytes":88,"lastTime":1763519884203}
{"ts":"2025-11-19T02:38:05.055Z","level":"warn","event":"bfis-snapshot-empty-data","endpoint":"weapons","bufferSize":8,"message":"Empty or minimal weapons data received"}
{"ts":"2025-11-19T02:38:05.055Z","level":"info","event":"bfis-binary-fetch","endpoint":"weapons","mode":"incremental","bytes":8,"lastTime":1763519884214}
{"ts":"2025-11-19T02:38:05.055Z","level":"warn","event":"bfis-unit-decode-unknown-datum-index","datumIndex":192,"unitId":16777473,"recovery":"searching-for-end-of-data-marker"}
{"ts":"2025-11-19T02:38:05.064Z","level":"warn","event":"bfis-snapshot-empty-data","endpoint":"logs","message":"Empty logs array received"}
{"ts":"2025-11-19T02:38:05.100Z","level":"info","event":"bfis-snapshot-read-ok","snapshotId":"7d8b908f-d4cc-4eae-9fd2-cd3edfad8366","sessionHash":"wXwFIkMvUoWzlJ4m","unitCount":6,"newUnitsInPoll":2,"cachedUnitsTotal":6,"unitsBufferSize":88,"weaponsBufferSize":8}
{"ts":"2025-11-19T02:38:06.045Z","level":"info","event":"bfis-binary-fetch","endpoint":"units","mode":"incremental","bytes":88,"lastTime":1763519885205}
{"ts":"2025-11-19T02:38:06.057Z","level":"warn","event":"bfis-snapshot-empty-data","endpoint":"weapons","bufferSize":8,"message":"Empty or minimal weapons data received"}
{"ts":"2025-11-19T02:38:06.058Z","level":"info","event":"bfis-binary-fetch","endpoint":"weapons","mode":"incremental","bytes":8,"lastTime":1763519885215}
{"ts":"2025-11-19T02:38:06.058Z","level":"warn","event":"bfis-unit-decode-unknown-datum-index","datumIndex":192,"unitId":16777473,"recovery":"searching-for-end-of-data-marker"}
{"ts":"2025-11-19T02:38:06.070Z","level":"warn","event":"bfis-snapshot-empty-data","endpoint":"logs","message":"Empty logs array received"}
{"ts":"2025-11-19T02:38:06.109Z","level":"info","event":"bfis-snapshot-read-ok","snapshotId":"4ab66d87-e80b-4bb3-b614-16f2fab75a13","sessionHash":"wXwFIkMvUoWzlJ4m","unitCount":6,"newUnitsInPoll":2,"cachedUnitsTotal":6,"unitsBufferSize":88,"weaponsBufferSize":8}
{"ts":"2025-11-19T02:38:07.051Z","level":"info","event":"bfis-binary-fetch","endpoint":"units","mode":"incremental","bytes":88,"lastTime":1763519886205}
{"ts":"2025-11-19T02:38:07.061Z","level":"warn","event":"bfis-snapshot-empty-data","endpoint":"weapons","bufferSize":8,"message":"Empty or minimal weapons data received"}
{"ts":"2025-11-19T02:38:07.062Z","level":"info","event":"bfis-binary-fetch","endpoint":"weapons","mode":"incremental","bytes":8,"lastTime":1763519886218}
{"ts":"2025-11-19T02:38:07.062Z","level":"warn","event":"bfis-unit-decode-unknown-datum-index","datumIndex":192,"unitId":16777473,"recovery":"searching-for-end-of-data-marker"}
{"ts":"2025-11-19T02:38:07.072Z","level":"warn","event":"bfis-snapshot-empty-data","endpoint":"logs","message":"Empty logs array received"}
{"ts":"2025-11-19T02:38:07.115Z","level":"info","event":"bfis-snapshot-read-ok","snapshotId":"f2798c8f-7dc5-4b41-a276-61ce8d69f17a","sessionHash":"wXwFIkMvUoWzlJ4m","unitCount":6,"newUnitsInPoll":2,"cachedUnitsTotal":6,"unitsBufferSize":88,"weaponsBufferSize":8}
{"ts":"2025-11-19T02:38:08.044Z","level":"info","event":"bfis-binary-fetch","endpoint":"units","mode":"incremental","bytes":88,"lastTime":1763519887210}
{"ts":"2025-11-19T02:38:08.055Z","level":"warn","event":"bfis-snapshot-empty-data","endpoint":"weapons","bufferSize":8,"message":"Empty or minimal weapons data received"}
{"ts":"2025-11-19T02:38:08.056Z","level":"info","event":"bfis-binary-fetch","endpoint":"weapons","mode":"incremental","bytes":8,"lastTime":1763519887221}
{"ts":"2025-11-19T02:38:08.056Z","level":"warn","event":"bfis-unit-decode-unknown-datum-index","datumIndex":192,"unitId":16777473,"recovery":"searching-for-end-of-data-marker"}
{"ts":"2025-11-19T02:38:08.064Z","level":"warn","event":"bfis-snapshot-empty-data","endpoint":"logs","message":"Empty logs array received"}
{"ts":"2025-11-19T02:38:08.112Z","level":"info","event":"bfis-snapshot-read-ok","snapshotId":"71904f2d-7ea0-4f6d-9a2a-e7e27c4150a0","sessionHash":"wXwFIkMvUoWzlJ4m","unitCount":6,"newUnitsInPoll":2,"cachedUnitsTotal":6,"unitsBufferSize":88,"weaponsBufferSize":8}
{"ts":"2025-11-19T02:38:09.052Z","level":"info","event":"bfis-binary-fetch","endpoint":"units","mode":"incremental","bytes":88,"lastTime":1763519888205}
{"ts":"2025-11-19T02:38:09.062Z","level":"warn","event":"bfis-snapshot-empty-data","endpoint":"weapons","bufferSize":8,"message":"Empty or minimal weapons data received"}
{"ts":"2025-11-19T02:38:09.063Z","level":"info","event":"bfis-binary-fetch","endpoint":"weapons","mode":"incremental","bytes":8,"lastTime":1763519888215}
{"ts":"2025-11-19T02:38:09.063Z","level":"warn","event":"bfis-unit-decode-unknown-datum-index","datumIndex":192,"unitId":16777473,"recovery":"searching-for-end-of-data-marker"}
{"ts":"2025-11-19T02:38:09.072Z","level":"warn","event":"bfis-snapshot-empty-data","endpoint":"logs","message":"Empty logs array received"}
{"ts":"2025-11-19T02:38:09.112Z","level":"info","event":"bfis-snapshot-read-ok","snapshotId":"3b64a864-604e-48cc-9c73-b80a399b8798","sessionHash":"wXwFIkMvUoWzlJ4m","unitCount":6,"newUnitsInPoll":2,"cachedUnitsTotal":6,"unitsBufferSize":88,"weaponsBufferSize":8}
{"ts":"2025-11-19T02:38:10.047Z","level":"info","event":"bfis-binary-fetch","endpoint":"units","mode":"incremental","bytes":88,"lastTime":1763519889212}
{"ts":"2025-11-19T02:38:10.056Z","level":"warn","event":"bfis-snapshot-empty-data","endpoint":"weapons","bufferSize":8,"message":"Empty or minimal weapons data received"}
{"ts":"2025-11-19T02:38:10.056Z","level":"warn","event":"bfis-unit-decode-unknown-datum-index","datumIndex":192,"unitId":16777473,"recovery":"searching-for-end-of-data-marker"}
{"ts":"2025-11-19T02:38:10.056Z","level":"info","event":"bfis-binary-fetch","endpoint":"weapons","mode":"incremental","bytes":8,"lastTime":1763519889223}
{"ts":"2025-11-19T02:38:10.067Z","level":"warn","event":"bfis-snapshot-empty-data","endpoint":"logs","message":"Empty logs array received"}
{"ts":"2025-11-19T02:38:10.102Z","level":"info","event":"bfis-snapshot-read-ok","snapshotId":"89703dfe-50c9-4e80-ae7c-a7539886df62","sessionHash":"wXwFIkMvUoWzlJ4m","unitCount":6,"newUnitsInPoll":2,"cachedUnitsTotal":6,"unitsBufferSize":88,"weaponsBufferSize":8}
{"ts":"2025-11-19T02:38:11.045Z","level":"info","event":"bfis-binary-fetch","endpoint":"units","mode":"incremental","bytes":88,"lastTime":1763519890208}
{"ts":"2025-11-19T02:38:11.055Z","level":"warn","event":"bfis-snapshot-empty-data","endpoint":"weapons","bufferSize":8,"message":"Empty or minimal weapons data received"}
{"ts":"2025-11-19T02:38:11.055Z","level":"info","event":"bfis-binary-fetch","endpoint":"weapons","mode":"incremental","bytes":8,"lastTime":1763519890216}
{"ts":"2025-11-19T02:38:11.055Z","level":"warn","event":"bfis-unit-decode-unknown-datum-index","datumIndex":192,"unitId":16777473,"recovery":"searching-for-end-of-data-marker"}
{"ts":"2025-11-19T02:38:11.064Z","level":"warn","event":"bfis-snapshot-empty-data","endpoint":"logs","message":"Empty logs array received"}
{"ts":"2025-11-19T02:38:11.107Z","level":"info","event":"bfis-snapshot-read-ok","snapshotId":"da2dbba7-51e4-47ea-9729-0a545fc70979","sessionHash":"wXwFIkMvUoWzlJ4m","unitCount":6,"newUnitsInPoll":2,"cachedUnitsTotal":6,"unitsBufferSize":88,"weaponsBufferSize":8}
{"ts":"2025-11-19T02:38:12.048Z","level":"info","event":"bfis-binary-fetch","endpoint":"units","mode":"incremental","bytes":88,"lastTime":1763519891205}
{"ts":"2025-11-19T02:38:12.057Z","level":"warn","event":"bfis-snapshot-empty-data","endpoint":"weapons","bufferSize":8,"message":"Empty or minimal weapons data received"}
{"ts":"2025-11-19T02:38:12.057Z","level":"info","event":"bfis-binary-fetch","endpoint":"weapons","mode":"incremental","bytes":8,"lastTime":1763519891215}
{"ts":"2025-11-19T02:38:12.057Z","level":"warn","event":"bfis-unit-decode-unknown-datum-index","datumIndex":192,"unitId":16777473,"recovery":"searching-for-end-of-data-marker"}
{"ts":"2025-11-19T02:38:12.065Z","level":"warn","event":"bfis-snapshot-empty-data","endpoint":"logs","message":"Empty logs array received"}
{"ts":"2025-11-19T02:38:12.099Z","level":"info","event":"bfis-snapshot-read-ok","snapshotId":"0efae191-effa-44af-9103-7ba31e00c712","sessionHash":"wXwFIkMvUoWzlJ4m","unitCount":6,"newUnitsInPoll":2,"cachedUnitsTotal":6,"unitsBufferSize":88,"weaponsBufferSize":8}
{"ts":"2025-11-19T02:38:13.052Z","level":"info","event":"bfis-binary-fetch","endpoint":"units","mode":"incremental","bytes":88,"lastTime":1763519892208}
{"ts":"2025-11-19T02:38:13.062Z","level":"warn","event":"bfis-snapshot-empty-data","endpoint":"weapons","bufferSize":8,"message":"Empty or minimal weapons data received"}
{"ts":"2025-11-19T02:38:13.062Z","level":"info","event":"bfis-binary-fetch","endpoint":"weapons","mode":"incremental","bytes":8,"lastTime":1763519892217}
{"ts":"2025-11-19T02:38:13.062Z","level":"warn","event":"bfis-unit-decode-unknown-datum-index","datumIndex":192,"unitId":16777473,"recovery":"searching-for-end-of-data-marker"}
{"ts":"2025-11-19T02:38:13.073Z","level":"warn","event":"bfis-snapshot-empty-data","endpoint":"logs","message":"Empty logs array received"}
{"ts":"2025-11-19T02:38:13.111Z","level":"info","event":"bfis-snapshot-read-ok","snapshotId":"f115e03d-e42f-4d88-886a-23f51551abdd","sessionHash":"wXwFIkMvUoWzlJ4m","unitCount":6,"newUnitsInPoll":2,"cachedUnitsTotal":6,"unitsBufferSize":88,"weaponsBufferSize":8}
{"ts":"2025-11-19T02:38:14.052Z","level":"info","event":"bfis-binary-fetch","endpoint":"units","mode":"incremental","bytes":88,"lastTime":1763519893212}
{"ts":"2025-11-19T02:38:14.062Z","level":"warn","event":"bfis-snapshot-empty-data","endpoint":"weapons","bufferSize":8,"message":"Empty or minimal weapons data received"}
{"ts":"2025-11-19T02:38:14.062Z","level":"info","event":"bfis-binary-fetch","endpoint":"weapons","mode":"incremental","bytes":8,"lastTime":1763519893222}
{"ts":"2025-11-19T02:38:14.062Z","level":"warn","event":"bfis-unit-decode-unknown-datum-index","datumIndex":192,"unitId":16777473,"recovery":"searching-for-end-of-data-marker"}
{"ts":"2025-11-19T02:38:14.072Z","level":"warn","event":"bfis-snapshot-empty-data","endpoint":"logs","message":"Empty logs array received"}
{"ts":"2025-11-19T02:38:14.109Z","level":"info","event":"bfis-snapshot-read-ok","snapshotId":"3f984daa-28b9-4add-92b8-bf9e409f86c0","sessionHash":"wXwFIkMvUoWzlJ4m","unitCount":6,"newUnitsInPoll":2,"cachedUnitsTotal":6,"unitsBufferSize":88,"weaponsBufferSize":8}
{"ts":"2025-11-19T02:38:15.049Z","level":"info","event":"bfis-binary-fetch","endpoint":"units","mode":"incremental","bytes":88,"lastTime":1763519894209}
{"ts":"2025-11-19T02:38:15.059Z","level":"warn","event":"bfis-snapshot-empty-data","endpoint":"weapons","bufferSize":8,"message":"Empty or minimal weapons data received"}
{"ts":"2025-11-19T02:38:15.059Z","level":"info","event":"bfis-binary-fetch","endpoint":"weapons","mode":"incremental","bytes":8,"lastTime":1763519894222}
{"ts":"2025-11-19T02:38:15.059Z","level":"warn","event":"bfis-unit-decode-unknown-datum-index","datumIndex":192,"unitId":16777473,"recovery":"searching-for-end-of-data-marker"}
{"ts":"2025-11-19T02:38:15.069Z","level":"warn","event":"bfis-snapshot-empty-data","endpoint":"logs","message":"Empty logs array received"}
{"ts":"2025-11-19T02:38:15.109Z","level":"info","event":"bfis-snapshot-read-ok","snapshotId":"dca6f8ec-3f1b-46ba-9435-3faae750faa8","sessionHash":"wXwFIkMvUoWzlJ4m","unitCount":6,"newUnitsInPoll":2,"cachedUnitsTotal":6,"unitsBufferSize":88,"weaponsBufferSize":8}
{"ts":"2025-11-19T02:38:16.046Z","level":"info","event":"bfis-binary-fetch","endpoint":"units","mode":"incremental","bytes":88,"lastTime":1763519895208}
{"ts":"2025-11-19T02:38:16.054Z","level":"warn","event":"bfis-snapshot-empty-data","endpoint":"weapons","bufferSize":8,"message":"Empty or minimal weapons data received"}
{"ts":"2025-11-19T02:38:16.055Z","level":"info","event":"bfis-binary-fetch","endpoint":"weapons","mode":"incremental","bytes":8,"lastTime":1763519895219}
{"ts":"2025-11-19T02:38:16.055Z","level":"warn","event":"bfis-unit-decode-unknown-datum-index","datumIndex":192,"unitId":16777473,"recovery":"searching-for-end-of-data-marker"}
{"ts":"2025-11-19T02:38:16.063Z","level":"warn","event":"bfis-snapshot-empty-data","endpoint":"logs","message":"Empty logs array received"}
{"ts":"2025-11-19T02:38:16.103Z","level":"info","event":"bfis-snapshot-read-ok","snapshotId":"7db1eb93-b167-42e1-82bd-1249a61f7000","sessionHash":"wXwFIkMvUoWzlJ4m","unitCount":6,"newUnitsInPoll":2,"cachedUnitsTotal":6,"unitsBufferSize":88,"weaponsBufferSize":8}
{"ts":"2025-11-19T02:38:17.044Z","level":"info","event":"bfis-binary-fetch","endpoint":"units","mode":"incremental","bytes":88,"lastTime":1763519896207}
{"ts":"2025-11-19T02:38:17.051Z","level":"warn","event":"bfis-snapshot-empty-data","endpoint":"weapons","bufferSize":8,"message":"Empty or minimal weapons data received"}
{"ts":"2025-11-19T02:38:17.051Z","level":"info","event":"bfis-binary-fetch","endpoint":"weapons","mode":"incremental","bytes":8,"lastTime":1763519896215}
{"ts":"2025-11-19T02:38:17.052Z","level":"warn","event":"bfis-unit-decode-field-error","datumIndex":64,"unitId":16777473,"error":"Offset is outside the bounds of the DataView","errorType":"RangeError"}
{"ts":"2025-11-19T02:38:17.060Z","level":"warn","event":"bfis-snapshot-empty-data","endpoint":"logs","message":"Empty logs array received"}
{"ts":"2025-11-19T02:38:17.092Z","level":"info","event":"bfis-snapshot-read-ok","snapshotId":"828cabf5-50f6-48f9-a597-635e281fa5cd","sessionHash":"wXwFIkMvUoWzlJ4m","unitCount":6,"newUnitsInPoll":2,"cachedUnitsTotal":6,"unitsBufferSize":88,"weaponsBufferSize":8}
{"ts":"2025-11-19T02:38:18.053Z","level":"info","event":"bfis-binary-fetch","endpoint":"units","mode":"incremental","bytes":88,"lastTime":1763519897205}
{"ts":"2025-11-19T02:38:18.063Z","level":"warn","event":"bfis-snapshot-empty-data","endpoint":"weapons","bufferSize":8,"message":"Empty or minimal weapons data received"}
{"ts":"2025-11-19T02:38:18.064Z","level":"info","event":"bfis-binary-fetch","endpoint":"weapons","mode":"incremental","bytes":8,"lastTime":1763519897213}
{"ts":"2025-11-19T02:38:18.064Z","level":"warn","event":"bfis-unit-decode-field-error","datumIndex":64,"unitId":16777473,"error":"Offset is outside the bounds of the DataView","errorType":"RangeError"}
{"ts":"2025-11-19T02:38:18.073Z","level":"warn","event":"bfis-snapshot-empty-data","endpoint":"logs","message":"Empty logs array received"}
{"ts":"2025-11-19T02:38:18.107Z","level":"info","event":"bfis-snapshot-read-ok","snapshotId":"8d82670a-525e-42a9-a1c1-ffc046c63f10","sessionHash":"wXwFIkMvUoWzlJ4m","unitCount":6,"newUnitsInPoll":2,"cachedUnitsTotal":6,"unitsBufferSize":88,"weaponsBufferSize":8}
{"ts":"2025-11-19T02:38:19.053Z","level":"info","event":"bfis-binary-fetch","endpoint":"units","mode":"incremental","bytes":88,"lastTime":1763519898211}
{"ts":"2025-11-19T02:38:19.062Z","level":"warn","event":"bfis-snapshot-empty-data","endpoint":"weapons","bufferSize":8,"message":"Empty or minimal weapons data received"}
{"ts":"2025-11-19T02:38:19.062Z","level":"info","event":"bfis-binary-fetch","endpoint":"weapons","mode":"incremental","bytes":8,"lastTime":1763519898223}
{"ts":"2025-11-19T02:38:19.062Z","level":"warn","event":"bfis-unit-decode-field-error","datumIndex":64,"unitId":16777473,"error":"Offset is outside the bounds of the DataView","errorType":"RangeError"}
{"ts":"2025-11-19T02:38:19.073Z","level":"warn","event":"bfis-snapshot-empty-data","endpoint":"logs","message":"Empty logs array received"}
{"ts":"2025-11-19T02:38:19.105Z","level":"info","event":"bfis-snapshot-read-ok","snapshotId":"be79df0a-8200-421a-9550-475f18af35a0","sessionHash":"wXwFIkMvUoWzlJ4m","unitCount":6,"newUnitsInPoll":2,"cachedUnitsTotal":6,"unitsBufferSize":88,"weaponsBufferSize":8}
{"ts":"2025-11-19T02:38:20.055Z","level":"info","event":"bfis-binary-fetch","endpoint":"units","mode":"incremental","bytes":88,"lastTime":1763519899211}
{"ts":"2025-11-19T02:38:20.065Z","level":"warn","event":"bfis-snapshot-empty-data","endpoint":"weapons","bufferSize":8,"message":"Empty or minimal weapons data received"}
{"ts":"2025-11-19T02:38:20.065Z","level":"info","event":"bfis-binary-fetch","endpoint":"weapons","mode":"incremental","bytes":8,"lastTime":1763519899222}
{"ts":"2025-11-19T02:38:20.065Z","level":"warn","event":"bfis-unit-decode-field-error","datumIndex":64,"unitId":16777473,"error":"Offset is outside the bounds of the DataView","errorType":"RangeError"}
{"ts":"2025-11-19T02:38:20.075Z","level":"warn","event":"bfis-snapshot-empty-data","endpoint":"logs","message":"Empty logs array received"}
{"ts":"2025-11-19T02:38:20.120Z","level":"info","event":"bfis-snapshot-read-ok","snapshotId":"dc63eb2c-1bed-477f-ad52-7ca6305ff5ef","sessionHash":"wXwFIkMvUoWzlJ4m","unitCount":6,"newUnitsInPoll":2,"cachedUnitsTotal":6,"unitsBufferSize":88,"weaponsBufferSize":8}
{"ts":"2025-11-19T02:38:21.055Z","level":"info","event":"bfis-binary-fetch","endpoint":"units","mode":"incremental","bytes":88,"lastTime":1763519900215}
{"ts":"2025-11-19T02:38:21.065Z","level":"warn","event":"bfis-snapshot-empty-data","endpoint":"weapons","bufferSize":8,"message":"Empty or minimal weapons data received"}
{"ts":"2025-11-19T02:38:21.065Z","level":"warn","event":"bfis-unit-decode-field-error","datumIndex":64,"unitId":16777473,"error":"Offset is outside the bounds of the DataView","errorType":"RangeError"}
{"ts":"2025-11-19T02:38:21.065Z","level":"info","event":"bfis-binary-fetch","endpoint":"weapons","mode":"incremental","bytes":8,"lastTime":1763519900225}
{"ts":"2025-11-19T02:38:21.076Z","level":"warn","event":"bfis-snapshot-empty-data","endpoint":"logs","message":"Empty logs array received"}
{"ts":"2025-11-19T02:38:21.120Z","level":"info","event":"bfis-snapshot-read-ok","snapshotId":"da81a5bf-341d-4c34-8dc8-d816f5201ee9","sessionHash":"wXwFIkMvUoWzlJ4m","unitCount":6,"newUnitsInPoll":2,"cachedUnitsTotal":6,"unitsBufferSize":88,"weaponsBufferSize":8}
{"ts":"2025-11-19T02:38:22.054Z","level":"info","event":"bfis-binary-fetch","endpoint":"units","mode":"incremental","bytes":88,"lastTime":1763519901214}
{"ts":"2025-11-19T02:38:22.062Z","level":"warn","event":"bfis-snapshot-empty-data","endpoint":"weapons","bufferSize":8,"message":"Empty or minimal weapons data received"}
{"ts":"2025-11-19T02:38:22.063Z","level":"info","event":"bfis-binary-fetch","endpoint":"weapons","mode":"incremental","bytes":8,"lastTime":1763519901224}
{"ts":"2025-11-19T02:38:22.063Z","level":"warn","event":"bfis-unit-decode-field-error","datumIndex":64,"unitId":16777473,"error":"Offset is outside the bounds of the DataView","errorType":"RangeError"}
{"ts":"2025-11-19T02:38:22.074Z","level":"warn","event":"bfis-snapshot-empty-data","endpoint":"logs","message":"Empty logs array received"}
{"ts":"2025-11-19T02:38:22.110Z","level":"info","event":"bfis-snapshot-read-ok","snapshotId":"20654f30-7ef4-49a4-98d1-818580b57b6f","sessionHash":"wXwFIkMvUoWzlJ4m","unitCount":6,"newUnitsInPoll":2,"cachedUnitsTotal":6,"unitsBufferSize":88,"weaponsBufferSize":8}
{"ts":"2025-11-19T02:38:23.063Z","level":"info","event":"bfis-binary-fetch","endpoint":"units","mode":"incremental","bytes":91,"lastTime":1763519902214}
{"ts":"2025-11-19T02:38:23.073Z","level":"warn","event":"bfis-snapshot-empty-data","endpoint":"weapons","bufferSize":8,"message":"Empty or minimal weapons data received"}
{"ts":"2025-11-19T02:38:23.073Z","level":"info","event":"bfis-binary-fetch","endpoint":"weapons","mode":"incremental","bytes":8,"lastTime":1763519902223}
{"ts":"2025-11-19T02:38:23.082Z","level":"warn","event":"bfis-snapshot-empty-data","endpoint":"logs","message":"Empty logs array received"}
{"ts":"2025-11-19T02:38:23.120Z","level":"info","event":"bfis-snapshot-read-ok","snapshotId":"b9720796-1728-4d0c-8f6d-d3fb2479601c","sessionHash":"wXwFIkMvUoWzlJ4m","unitCount":6,"newUnitsInPoll":1,"cachedUnitsTotal":6,"unitsBufferSize":91,"weaponsBufferSize":8}
{"ts":"2025-11-19T02:38:24.058Z","level":"info","event":"bfis-binary-fetch","endpoint":"units","mode":"incremental","bytes":88,"lastTime":1763519903219}
{"ts":"2025-11-19T02:38:24.070Z","level":"warn","event":"bfis-snapshot-empty-data","endpoint":"weapons","bufferSize":8,"message":"Empty or minimal weapons data received"}
{"ts":"2025-11-19T02:38:24.071Z","level":"info","event":"bfis-binary-fetch","endpoint":"weapons","mode":"incremental","bytes":8,"lastTime":1763519903233}
{"ts":"2025-11-19T02:38:24.071Z","level":"warn","event":"bfis-unit-decode-field-error","datumIndex":64,"unitId":16777473,"error":"Offset is outside the bounds of the DataView","errorType":"RangeError"}
{"ts":"2025-11-19T02:38:24.081Z","level":"warn","event":"bfis-snapshot-empty-data","endpoint":"logs","message":"Empty logs array received"}
{"ts":"2025-11-19T02:38:24.135Z","level":"info","event":"bfis-snapshot-read-ok","snapshotId":"0212c9c8-2457-4264-9939-36ac52e954c4","sessionHash":"wXwFIkMvUoWzlJ4m","unitCount":6,"newUnitsInPoll":2,"cachedUnitsTotal":6,"unitsBufferSize":88,"weaponsBufferSize":8}
{"ts":"2025-11-19T02:38:25.059Z","level":"info","event":"bfis-binary-fetch","endpoint":"units","mode":"incremental","bytes":88,"lastTime":1763519904218}
{"ts":"2025-11-19T02:38:25.072Z","level":"warn","event":"bfis-snapshot-empty-data","endpoint":"weapons","bufferSize":8,"message":"Empty or minimal weapons data received"}
{"ts":"2025-11-19T02:38:25.073Z","level":"info","event":"bfis-binary-fetch","endpoint":"weapons","mode":"incremental","bytes":8,"lastTime":1763519904231}
{"ts":"2025-11-19T02:38:25.073Z","level":"warn","event":"bfis-unit-decode-field-error","datumIndex":64,"unitId":16777473,"error":"Offset is outside the bounds of the DataView","errorType":"RangeError"}
{"ts":"2025-11-19T02:38:25.083Z","level":"warn","event":"bfis-snapshot-empty-data","endpoint":"logs","message":"Empty logs array received"}
{"ts":"2025-11-19T02:38:25.130Z","level":"info","event":"bfis-snapshot-read-ok","snapshotId":"93dc6f8d-b5f7-4945-8260-ad2354124d43","sessionHash":"wXwFIkMvUoWzlJ4m","unitCount":6,"newUnitsInPoll":2,"cachedUnitsTotal":6,"unitsBufferSize":88,"weaponsBufferSize":8}
{"ts":"2025-11-19T02:38:26.061Z","level":"info","event":"bfis-binary-fetch","endpoint":"units","mode":"incremental","bytes":88,"lastTime":1763519905218}
{"ts":"2025-11-19T02:38:26.075Z","level":"warn","event":"bfis-snapshot-empty-data","endpoint":"weapons","bufferSize":8,"message":"Empty or minimal weapons data received"}
{"ts":"2025-11-19T02:38:26.075Z","level":"info","event":"bfis-binary-fetch","endpoint":"weapons","mode":"incremental","bytes":8,"lastTime":1763519905232}
{"ts":"2025-11-19T02:38:26.075Z","level":"warn","event":"bfis-unit-decode-field-error","datumIndex":64,"unitId":16777473,"error":"Offset is outside the bounds of the DataView","errorType":"RangeError"}
{"ts":"2025-11-19T02:38:26.086Z","level":"warn","event":"bfis-snapshot-empty-data","endpoint":"logs","message":"Empty logs array received"}
{"ts":"2025-11-19T02:38:26.128Z","level":"info","event":"bfis-snapshot-read-ok","snapshotId":"e44aa356-745c-4cc7-9bf3-24f32ba70cc0","sessionHash":"wXwFIkMvUoWzlJ4m","unitCount":6,"newUnitsInPoll":2,"cachedUnitsTotal":6,"unitsBufferSize":88,"weaponsBufferSize":8}
{"ts":"2025-11-19T02:38:27.061Z","level":"info","event":"bfis-binary-fetch","endpoint":"units","mode":"incremental","bytes":88,"lastTime":1763519906221}
{"ts":"2025-11-19T02:38:27.070Z","level":"warn","event":"bfis-snapshot-empty-data","endpoint":"weapons","bufferSize":8,"message":"Empty or minimal weapons data received"}
{"ts":"2025-11-19T02:38:27.071Z","level":"info","event":"bfis-binary-fetch","endpoint":"weapons","mode":"incremental","bytes":8,"lastTime":1763519906233}
{"ts":"2025-11-19T02:38:27.071Z","level":"warn","event":"bfis-unit-decode-field-error","datumIndex":64,"unitId":16777473,"error":"Offset is outside the bounds of the DataView","errorType":"RangeError"}
{"ts":"2025-11-19T02:38:27.080Z","level":"warn","event":"bfis-snapshot-empty-data","endpoint":"logs","message":"Empty logs array received"}
{"ts":"2025-11-19T02:38:27.121Z","level":"info","event":"bfis-snapshot-read-ok","snapshotId":"4ab7643b-1f77-4ccf-9c6e-7710ecd6ff32","sessionHash":"wXwFIkMvUoWzlJ4m","unitCount":6,"newUnitsInPoll":2,"cachedUnitsTotal":6,"unitsBufferSize":88,"weaponsBufferSize":8}
{"ts":"2025-11-19T02:38:28.061Z","level":"info","event":"bfis-binary-fetch","endpoint":"units","mode":"incremental","bytes":88,"lastTime":1763519907220}
{"ts":"2025-11-19T02:38:28.073Z","level":"warn","event":"bfis-snapshot-empty-data","endpoint":"weapons","bufferSize":8,"message":"Empty or minimal weapons data received"}
{"ts":"2025-11-19T02:38:28.073Z","level":"info","event":"bfis-binary-fetch","endpoint":"weapons","mode":"incremental","bytes":8,"lastTime":1763519907231}
{"ts":"2025-11-19T02:38:28.073Z","level":"warn","event":"bfis-unit-decode-field-error","datumIndex":64,"unitId":16777473,"error":"Offset is outside the bounds of the DataView","errorType":"RangeError"}
{"ts":"2025-11-19T02:38:28.086Z","level":"warn","event":"bfis-snapshot-empty-data","endpoint":"logs","message":"Empty logs array received"}
{"ts":"2025-11-19T02:38:28.124Z","level":"info","event":"bfis-snapshot-read-ok","snapshotId":"1ef69ded-7a6a-4dbb-80c0-d83555c04ca6","sessionHash":"wXwFIkMvUoWzlJ4m","unitCount":6,"newUnitsInPoll":2,"cachedUnitsTotal":6,"unitsBufferSize":88,"weaponsBufferSize":8}
{"ts":"2025-11-19T02:38:29.060Z","level":"info","event":"bfis-binary-fetch","endpoint":"units","mode":"incremental","bytes":88,"lastTime":1763519908220}
{"ts":"2025-11-19T02:38:29.070Z","level":"warn","event":"bfis-snapshot-empty-data","endpoint":"weapons","bufferSize":8,"message":"Empty or minimal weapons data received"}
{"ts":"2025-11-19T02:38:29.070Z","level":"info","event":"bfis-binary-fetch","endpoint":"weapons","mode":"incremental","bytes":8,"lastTime":1763519908233}
{"ts":"2025-11-19T02:38:29.070Z","level":"warn","event":"bfis-unit-decode-field-error","datumIndex":64,"unitId":16777473,"error":"Offset is outside the bounds of the DataView","errorType":"RangeError"}
{"ts":"2025-11-19T02:38:29.081Z","level":"warn","event":"bfis-snapshot-empty-data","endpoint":"logs","message":"Empty logs array received"}
{"ts":"2025-11-19T02:38:29.123Z","level":"info","event":"bfis-snapshot-read-ok","snapshotId":"d11bc28c-a6cc-48ff-9ff6-153732a1879a","sessionHash":"wXwFIkMvUoWzlJ4m","unitCount":6,"newUnitsInPoll":2,"cachedUnitsTotal":6,"unitsBufferSize":88,"weaponsBufferSize":8}
{"ts":"2025-11-19T02:38:30.059Z","level":"info","event":"bfis-binary-fetch","endpoint":"units","mode":"incremental","bytes":88,"lastTime":1763519909220}
{"ts":"2025-11-19T02:38:30.069Z","level":"warn","event":"bfis-snapshot-empty-data","endpoint":"weapons","bufferSize":8,"message":"Empty or minimal weapons data received"}
{"ts":"2025-11-19T02:38:30.069Z","level":"info","event":"bfis-binary-fetch","endpoint":"weapons","mode":"incremental","bytes":8,"lastTime":1763519909230}
{"ts":"2025-11-19T02:38:30.069Z","level":"warn","event":"bfis-unit-decode-field-error","datumIndex":64,"unitId":16777473,"error":"Offset is outside the bounds of the DataView","errorType":"RangeError"}
{"ts":"2025-11-19T02:38:30.078Z","level":"warn","event":"bfis-snapshot-empty-data","endpoint":"logs","message":"Empty logs array received"}
{"ts":"2025-11-19T02:38:30.131Z","level":"info","event":"bfis-snapshot-read-ok","snapshotId":"99463d13-9b03-4f78-a53a-7325e1696f72","sessionHash":"wXwFIkMvUoWzlJ4m","unitCount":6,"newUnitsInPoll":2,"cachedUnitsTotal":6,"unitsBufferSize":88,"weaponsBufferSize":8}
{"ts":"2025-11-19T02:38:31.063Z","level":"info","event":"bfis-binary-fetch","endpoint":"units","mode":"incremental","bytes":88,"lastTime":1763519910219}
{"ts":"2025-11-19T02:38:31.073Z","level":"warn","event":"bfis-snapshot-empty-data","endpoint":"weapons","bufferSize":8,"message":"Empty or minimal weapons data received"}
{"ts":"2025-11-19T02:38:31.073Z","level":"info","event":"bfis-binary-fetch","endpoint":"weapons","mode":"incremental","bytes":8,"lastTime":1763519910229}
{"ts":"2025-11-19T02:38:31.073Z","level":"warn","event":"bfis-unit-decode-field-error","datumIndex":64,"unitId":16777473,"error":"Offset is outside the bounds of the DataView","errorType":"RangeError"}
{"ts":"2025-11-19T02:38:31.087Z","level":"warn","event":"bfis-snapshot-empty-data","endpoint":"logs","message":"Empty logs array received"}
{"ts":"2025-11-19T02:38:31.129Z","level":"info","event":"bfis-snapshot-read-ok","snapshotId":"6bbbbda9-aba8-4b6c-ac01-467e62bf5f01","sessionHash":"wXwFIkMvUoWzlJ4m","unitCount":6,"newUnitsInPoll":2,"cachedUnitsTotal":6,"unitsBufferSize":88,"weaponsBufferSize":8}
{"ts":"2025-11-19T02:38:32.058Z","level":"info","event":"bfis-binary-fetch","endpoint":"units","mode":"incremental","bytes":88,"lastTime":1763519911223}
{"ts":"2025-11-19T02:38:32.068Z","level":"info","event":"bfis-binary-fetch","endpoint":"weapons","mode":"incremental","bytes":8,"lastTime":1763519911233}
{"ts":"2025-11-19T02:38:32.070Z","level":"warn","event":"bfis-unit-decode-field-error","datumIndex":64,"unitId":16777473,"error":"Offset is outside the bounds of the DataView","errorType":"RangeError"}
{"ts":"2025-11-19T02:38:32.068Z","level":"warn","event":"bfis-snapshot-empty-data","endpoint":"weapons","bufferSize":8,"message":"Empty or minimal weapons data received"}
{"ts":"2025-11-19T02:38:32.082Z","level":"warn","event":"bfis-snapshot-empty-data","endpoint":"logs","message":"Empty logs array received"}
{"ts":"2025-11-19T02:38:32.116Z","level":"info","event":"bfis-snapshot-read-ok","snapshotId":"5ffae652-6f74-461e-8228-9311820563f6","sessionHash":"wXwFIkMvUoWzlJ4m","unitCount":6,"newUnitsInPoll":2,"cachedUnitsTotal":6,"unitsBufferSize":88,"weaponsBufferSize":8}
{"ts":"2025-11-19T02:38:33.061Z","level":"info","event":"bfis-binary-fetch","endpoint":"units","mode":"incremental","bytes":88,"lastTime":1763519912219}
{"ts":"2025-11-19T02:38:33.072Z","level":"warn","event":"bfis-snapshot-empty-data","endpoint":"weapons","bufferSize":8,"message":"Empty or minimal weapons data received"}
{"ts":"2025-11-19T02:38:33.072Z","level":"info","event":"bfis-binary-fetch","endpoint":"weapons","mode":"incremental","bytes":8,"lastTime":1763519912229}
{"ts":"2025-11-19T02:38:33.073Z","level":"warn","event":"bfis-unit-decode-field-error","datumIndex":64,"unitId":16777473,"error":"Offset is outside the bounds of the DataView","errorType":"RangeError"}
{"ts":"2025-11-19T02:38:33.085Z","level":"warn","event":"bfis-snapshot-empty-data","endpoint":"logs","message":"Empty logs array received"}
{"ts":"2025-11-19T02:38:33.124Z","level":"info","event":"bfis-snapshot-read-ok","snapshotId":"cf9bdd9e-2e35-424d-8a83-92e5aea2bb37","sessionHash":"wXwFIkMvUoWzlJ4m","unitCount":6,"newUnitsInPoll":2,"cachedUnitsTotal":6,"unitsBufferSize":88,"weaponsBufferSize":8}
{"ts":"2025-11-19T02:38:34.070Z","level":"info","event":"bfis-binary-fetch","endpoint":"units","mode":"incremental","bytes":88,"lastTime":1763519913221}
{"ts":"2025-11-19T02:38:34.078Z","level":"warn","event":"bfis-snapshot-empty-data","endpoint":"weapons","bufferSize":8,"message":"Empty or minimal weapons data received"}
{"ts":"2025-11-19T02:38:34.079Z","level":"info","event":"bfis-binary-fetch","endpoint":"weapons","mode":"incremental","bytes":8,"lastTime":1763519913230}
{"ts":"2025-11-19T02:38:34.079Z","level":"warn","event":"bfis-unit-decode-field-error","datumIndex":64,"unitId":16777473,"error":"Offset is outside the bounds of the DataView","errorType":"RangeError"}
{"ts":"2025-11-19T02:38:34.087Z","level":"warn","event":"bfis-snapshot-empty-data","endpoint":"logs","message":"Empty logs array received"}
{"ts":"2025-11-19T02:38:34.131Z","level":"info","event":"bfis-snapshot-read-ok","snapshotId":"03ac25f4-cb5c-4da3-a2c0-b62b53af5621","sessionHash":"wXwFIkMvUoWzlJ4m","unitCount":6,"newUnitsInPoll":2,"cachedUnitsTotal":6,"unitsBufferSize":88,"weaponsBufferSize":8}
{"ts":"2025-11-19T02:38:35.333Z","level":"info","event":"bfis-binary-fetch","endpoint":"units","mode":"incremental","bytes":96,"lastTime":1763519914230}
{"ts":"2025-11-19T02:38:35.342Z","level":"warn","event":"bfis-snapshot-empty-data","endpoint":"weapons","bufferSize":8,"message":"Empty or minimal weapons data received"}
{"ts":"2025-11-19T02:38:35.343Z","level":"warn","event":"bfis-unit-decode-field-error","datumIndex":1,"unitId":16777473,"error":"Offset is outside the bounds of the DataView","errorType":"RangeError"}
{"ts":"2025-11-19T02:38:35.343Z","level":"info","event":"bfis-binary-fetch","endpoint":"weapons","mode":"incremental","bytes":8,"lastTime":1763519914239}
{"ts":"2025-11-19T02:38:35.356Z","level":"warn","event":"bfis-snapshot-empty-data","endpoint":"logs","message":"Empty logs array received"}
{"ts":"2025-11-19T02:38:35.414Z","level":"info","event":"bfis-snapshot-read-ok","snapshotId":"dda96314-d056-4026-91c7-623592761958","sessionHash":"wXwFIkMvUoWzlJ4m","unitCount":6,"newUnitsInPoll":1,"cachedUnitsTotal":6,"unitsBufferSize":96,"weaponsBufferSize":8}
{"ts":"2025-11-19T02:38:36.062Z","level":"info","event":"bfis-binary-fetch","endpoint":"units","mode":"incremental","bytes":428,"lastTime":1763519915466}
{"ts":"2025-11-19T02:38:36.062Z","level":"warn","event":"bfis-large-data-detected","endpoint":"units","currentBytes":428,"baselineBytes":156.9,"multiplier":2,"threshold":313.8}
{"ts":"2025-11-19T02:38:36.068Z","level":"warn","event":"bfis-snapshot-empty-data","endpoint":"weapons","bufferSize":8,"message":"Empty or minimal weapons data received"}
{"ts":"2025-11-19T02:38:36.069Z","level":"info","event":"bfis-binary-fetch","endpoint":"weapons","mode":"incremental","bytes":8,"lastTime":1763519915504}
{"ts":"2025-11-19T02:38:36.077Z","level":"warn","event":"bfis-snapshot-empty-data","endpoint":"logs","message":"Empty logs array received"}
{"ts":"2025-11-19T02:38:36.114Z","level":"info","event":"bfis-snapshot-read-ok","snapshotId":"c711d8cb-2fe3-4125-a8a2-b19016a79423","sessionHash":"wXwFIkMvUoWzlJ4m","unitCount":6,"newUnitsInPoll":1,"cachedUnitsTotal":6,"unitsBufferSize":428,"weaponsBufferSize":8}
{"ts":"2025-11-19T02:38:37.066Z","level":"info","event":"bfis-binary-fetch","endpoint":"units","mode":"incremental","bytes":163,"lastTime":1763519916221}
{"ts":"2025-11-19T02:38:37.086Z","level":"warn","event":"bfis-snapshot-empty-data","endpoint":"weapons","bufferSize":8,"message":"Empty or minimal weapons data received"}
{"ts":"2025-11-19T02:38:37.087Z","level":"info","event":"bfis-binary-fetch","endpoint":"weapons","mode":"incremental","bytes":8,"lastTime":1763519916230}
{"ts":"2025-11-19T02:38:37.112Z","level":"warn","event":"bfis-snapshot-empty-data","endpoint":"logs","message":"Empty logs array received"}
{"ts":"2025-11-19T02:38:37.151Z","level":"info","event":"bfis-snapshot-read-ok","snapshotId":"57cf3593-dd83-454b-b00b-439e1ea44054","sessionHash":"wXwFIkMvUoWzlJ4m","unitCount":6,"newUnitsInPoll":1,"cachedUnitsTotal":6,"unitsBufferSize":163,"weaponsBufferSize":8}
{"ts":"2025-11-19T02:38:38.060Z","level":"info","event":"bfis-binary-fetch","endpoint":"units","mode":"incremental","bytes":163,"lastTime":1763519917221}
{"ts":"2025-11-19T02:38:38.070Z","level":"warn","event":"bfis-snapshot-empty-data","endpoint":"weapons","bufferSize":8,"message":"Empty or minimal weapons data received"}
{"ts":"2025-11-19T02:38:38.070Z","level":"info","event":"bfis-binary-fetch","endpoint":"weapons","mode":"incremental","bytes":8,"lastTime":1763519917247}
{"ts":"2025-11-19T02:38:38.079Z","level":"warn","event":"bfis-snapshot-empty-data","endpoint":"logs","message":"Empty logs array received"}
{"ts":"2025-11-19T02:38:38.117Z","level":"info","event":"bfis-snapshot-read-ok","snapshotId":"d2b12a64-84fb-4633-94c3-48b459582d73","sessionHash":"wXwFIkMvUoWzlJ4m","unitCount":6,"newUnitsInPoll":1,"cachedUnitsTotal":6,"unitsBufferSize":163,"weaponsBufferSize":8}
{"ts":"2025-11-19T02:38:39.073Z","level":"info","event":"bfis-binary-fetch","endpoint":"units","mode":"incremental","bytes":163,"lastTime":1763519918221}
{"ts":"2025-11-19T02:38:39.082Z","level":"warn","event":"bfis-snapshot-empty-data","endpoint":"weapons","bufferSize":8,"message":"Empty or minimal weapons data received"}
{"ts":"2025-11-19T02:38:39.082Z","level":"info","event":"bfis-binary-fetch","endpoint":"weapons","mode":"incremental","bytes":8,"lastTime":1763519918230}
{"ts":"2025-11-19T02:38:39.092Z","level":"warn","event":"bfis-snapshot-empty-data","endpoint":"logs","message":"Empty logs array received"}
{"ts":"2025-11-19T02:38:39.133Z","level":"info","event":"bfis-snapshot-read-ok","snapshotId":"3095ac65-2ac9-4a7e-8813-8d12db3cd627","sessionHash":"wXwFIkMvUoWzlJ4m","unitCount":6,"newUnitsInPoll":1,"cachedUnitsTotal":6,"unitsBufferSize":163,"weaponsBufferSize":8}
{"ts":"2025-11-19T02:38:40.082Z","level":"info","event":"bfis-binary-fetch","endpoint":"units","mode":"incremental","bytes":163,"lastTime":1763519919230}
{"ts":"2025-11-19T02:38:40.091Z","level":"info","event":"bfis-binary-fetch","endpoint":"weapons","mode":"incremental","bytes":8,"lastTime":1763519919242}
{"ts":"2025-11-19T02:38:40.091Z","level":"warn","event":"bfis-snapshot-empty-data","endpoint":"weapons","bufferSize":8,"message":"Empty or minimal weapons data received"}
{"ts":"2025-11-19T02:38:40.099Z","level":"warn","event":"bfis-snapshot-empty-data","endpoint":"logs","message":"Empty logs array received"}
{"ts":"2025-11-19T02:38:40.133Z","level":"info","event":"bfis-snapshot-read-ok","snapshotId":"9a62c11c-7f19-41df-943e-fcb704402132","sessionHash":"wXwFIkMvUoWzlJ4m","unitCount":6,"newUnitsInPoll":1,"cachedUnitsTotal":6,"unitsBufferSize":163,"weaponsBufferSize":8}
{"ts":"2025-11-19T02:38:41.068Z","level":"info","event":"bfis-binary-fetch","endpoint":"units","mode":"incremental","bytes":163,"lastTime":1763519920242}
{"ts":"2025-11-19T02:38:41.079Z","level":"warn","event":"bfis-snapshot-empty-data","endpoint":"weapons","bufferSize":8,"message":"Empty or minimal weapons data received"}
{"ts":"2025-11-19T02:38:41.080Z","level":"info","event":"bfis-binary-fetch","endpoint":"weapons","mode":"incremental","bytes":8,"lastTime":1763519920251}
{"ts":"2025-11-19T02:38:41.090Z","level":"warn","event":"bfis-snapshot-empty-data","endpoint":"logs","message":"Empty logs array received"}
{"ts":"2025-11-19T02:38:41.123Z","level":"info","event":"bfis-snapshot-read-ok","snapshotId":"37b6364a-dd49-479b-b8db-3c0a9bef24be","sessionHash":"wXwFIkMvUoWzlJ4m","unitCount":6,"newUnitsInPoll":1,"cachedUnitsTotal":6,"unitsBufferSize":163,"weaponsBufferSize":8}
{"ts":"2025-11-19T02:38:42.065Z","level":"info","event":"bfis-binary-fetch","endpoint":"units","mode":"incremental","bytes":163,"lastTime":1763519921228}
{"ts":"2025-11-19T02:38:42.075Z","level":"warn","event":"bfis-snapshot-empty-data","endpoint":"weapons","bufferSize":8,"message":"Empty or minimal weapons data received"}
{"ts":"2025-11-19T02:38:42.075Z","level":"info","event":"bfis-binary-fetch","endpoint":"weapons","mode":"incremental","bytes":8,"lastTime":1763519921240}
{"ts":"2025-11-19T02:38:42.075Z","level":"warn","event":"bfis-unit-decode-unknown-datum-index","datumIndex":191,"unitId":16777473,"recovery":"searching-for-end-of-data-marker"}
{"ts":"2025-11-19T02:38:42.075Z","level":"warn","event":"bfis-unit-decode-unknown-datum-index","datumIndex":192,"unitId":16777985,"recovery":"searching-for-end-of-data-marker"}
{"ts":"2025-11-19T02:38:42.088Z","level":"warn","event":"bfis-snapshot-empty-data","endpoint":"logs","message":"Empty logs array received"}
{"ts":"2025-11-19T02:38:42.127Z","level":"info","event":"bfis-snapshot-read-ok","snapshotId":"5787ef50-0bda-4162-b830-868ed60fd55f","sessionHash":"wXwFIkMvUoWzlJ4m","unitCount":7,"newUnitsInPoll":3,"cachedUnitsTotal":7,"unitsBufferSize":163,"weaponsBufferSize":8}
{"ts":"2025-11-19T02:38:43.062Z","level":"info","event":"bfis-binary-fetch","endpoint":"units","mode":"incremental","bytes":370,"lastTime":1763519922225}
{"ts":"2025-11-19T02:38:43.062Z","level":"warn","event":"bfis-large-data-detected","endpoint":"units","currentBytes":370,"baselineBytes":156.9,"multiplier":2,"threshold":313.8}
{"ts":"2025-11-19T02:38:43.071Z","level":"warn","event":"bfis-snapshot-empty-data","endpoint":"weapons","bufferSize":8,"message":"Empty or minimal weapons data received"}
{"ts":"2025-11-19T02:38:43.072Z","level":"info","event":"bfis-binary-fetch","endpoint":"weapons","mode":"incremental","bytes":8,"lastTime":1763519922235}
{"ts":"2025-11-19T02:38:43.072Z","level":"warn","event":"bfis-unit-decode-unknown-datum-index","datumIndex":191,"unitId":16777473,"recovery":"searching-for-end-of-data-marker"}
{"ts":"2025-11-19T02:38:43.072Z","level":"warn","event":"bfis-unit-decode-unknown-datum-index","datumIndex":192,"unitId":16777985,"recovery":"searching-for-end-of-data-marker"}
{"ts":"2025-11-19T02:38:43.072Z","level":"warn","event":"bfis-unit-decode-unknown-datum-index","datumIndex":231,"unitId":16778241,"recovery":"searching-for-end-of-data-marker"}
{"ts":"2025-11-19T02:38:43.081Z","level":"warn","event":"bfis-snapshot-empty-data","endpoint":"logs","message":"Empty logs array received"}
{"ts":"2025-11-19T02:38:43.118Z","level":"info","event":"bfis-snapshot-read-ok","snapshotId":"0c6f6dd1-94dd-4ee8-b953-52004a81e5fe","sessionHash":"wXwFIkMvUoWzlJ4m","unitCount":8,"newUnitsInPoll":4,"cachedUnitsTotal":8,"unitsBufferSize":370,"weaponsBufferSize":8}
{"ts":"2025-11-19T02:38:44.068Z","level":"info","event":"bfis-binary-fetch","endpoint":"units","mode":"incremental","bytes":249,"lastTime":1763519923222}
{"ts":"2025-11-19T02:38:44.091Z","level":"warn","event":"bfis-snapshot-empty-data","endpoint":"weapons","bufferSize":8,"message":"Empty or minimal weapons data received"}
{"ts":"2025-11-19T02:38:44.091Z","level":"warn","event":"bfis-unit-decode-unknown-datum-index","datumIndex":191,"unitId":16777473,"recovery":"searching-for-end-of-data-marker"}
{"ts":"2025-11-19T02:38:44.091Z","level":"info","event":"bfis-binary-fetch","endpoint":"weapons","mode":"incremental","bytes":8,"lastTime":1763519923231}
{"ts":"2025-11-19T02:38:44.091Z","level":"warn","event":"bfis-unit-decode-unknown-datum-index","datumIndex":192,"unitId":16777985,"recovery":"searching-for-end-of-data-marker"}
{"ts":"2025-11-19T02:38:44.092Z","level":"warn","event":"bfis-unit-decode-unknown-datum-index","datumIndex":191,"unitId":16778241,"recovery":"searching-for-end-of-data-marker"}
{"ts":"2025-11-19T02:38:44.101Z","level":"warn","event":"bfis-snapshot-empty-data","endpoint":"logs","message":"Empty logs array received"}
{"ts":"2025-11-19T02:38:44.139Z","level":"info","event":"bfis-snapshot-read-ok","snapshotId":"8256ca5b-9154-4093-afe0-5414f8f01a7b","sessionHash":"wXwFIkMvUoWzlJ4m","unitCount":9,"newUnitsInPoll":4,"cachedUnitsTotal":9,"unitsBufferSize":249,"weaponsBufferSize":8}
{"ts":"2025-11-19T02:38:45.068Z","level":"info","event":"bfis-binary-fetch","endpoint":"units","mode":"incremental","bytes":238,"lastTime":1763519924228}
{"ts":"2025-11-19T02:38:45.078Z","level":"warn","event":"bfis-snapshot-empty-data","endpoint":"weapons","bufferSize":8,"message":"Empty or minimal weapons data received"}
{"ts":"2025-11-19T02:38:45.078Z","level":"info","event":"bfis-binary-fetch","endpoint":"weapons","mode":"incremental","bytes":8,"lastTime":1763519924238}
{"ts":"2025-11-19T02:38:45.078Z","level":"warn","event":"bfis-unit-decode-unknown-datum-index","datumIndex":191,"unitId":16777473,"recovery":"searching-for-end-of-data-marker"}
{"ts":"2025-11-19T02:38:45.078Z","level":"warn","event":"bfis-unit-decode-unknown-datum-index","datumIndex":192,"unitId":16777985,"recovery":"searching-for-end-of-data-marker"}
{"ts":"2025-11-19T02:38:45.078Z","level":"warn","event":"bfis-unit-decode-unknown-datum-index","datumIndex":191,"unitId":16778241,"recovery":"searching-for-end-of-data-marker"}
{"ts":"2025-11-19T02:38:45.087Z","level":"warn","event":"bfis-snapshot-empty-data","endpoint":"logs","message":"Empty logs array received"}
{"ts":"2025-11-19T02:38:45.119Z","level":"info","event":"bfis-snapshot-read-ok","snapshotId":"8cfec7f1-acab-4e64-ae52-b4030c58f20d","sessionHash":"wXwFIkMvUoWzlJ4m","unitCount":9,"newUnitsInPoll":4,"cachedUnitsTotal":9,"unitsBufferSize":238,"weaponsBufferSize":8}
{"ts":"2025-11-19T02:38:46.063Z","level":"info","event":"bfis-binary-fetch","endpoint":"units","mode":"incremental","bytes":238,"lastTime":1763519925228}
{"ts":"2025-11-19T02:38:46.072Z","level":"warn","event":"bfis-snapshot-empty-data","endpoint":"weapons","bufferSize":8,"message":"Empty or minimal weapons data received"}
{"ts":"2025-11-19T02:38:46.072Z","level":"info","event":"bfis-binary-fetch","endpoint":"weapons","mode":"incremental","bytes":8,"lastTime":1763519925237}
{"ts":"2025-11-19T02:38:46.072Z","level":"warn","event":"bfis-unit-decode-unknown-datum-index","datumIndex":191,"unitId":16777473,"recovery":"searching-for-end-of-data-marker"}
{"ts":"2025-11-19T02:38:46.072Z","level":"warn","event":"bfis-unit-decode-unknown-datum-index","datumIndex":191,"unitId":16777985,"recovery":"searching-for-end-of-data-marker"}
{"ts":"2025-11-19T02:38:46.072Z","level":"warn","event":"bfis-unit-decode-unknown-datum-index","datumIndex":191,"unitId":16778241,"recovery":"searching-for-end-of-data-marker"}
{"ts":"2025-11-19T02:38:46.085Z","level":"warn","event":"bfis-snapshot-empty-data","endpoint":"logs","message":"Empty logs array received"}
{"ts":"2025-11-19T02:38:46.128Z","level":"info","event":"bfis-snapshot-read-ok","snapshotId":"b7b9a0e3-f11c-4767-ada2-6ff5504bb6fc","sessionHash":"wXwFIkMvUoWzlJ4m","unitCount":9,"newUnitsInPoll":4,"cachedUnitsTotal":9,"unitsBufferSize":238,"weaponsBufferSize":8}
{"ts":"2025-11-19T02:38:47.064Z","level":"info","event":"bfis-binary-fetch","endpoint":"units","mode":"incremental","bytes":238,"lastTime":1763519926223}
{"ts":"2025-11-19T02:38:47.071Z","level":"warn","event":"bfis-snapshot-empty-data","endpoint":"weapons","bufferSize":8,"message":"Empty or minimal weapons data received"}
{"ts":"2025-11-19T02:38:47.071Z","level":"info","event":"bfis-binary-fetch","endpoint":"weapons","mode":"incremental","bytes":8,"lastTime":1763519926232}
{"ts":"2025-11-19T02:38:47.071Z","level":"warn","event":"bfis-unit-decode-unknown-datum-index","datumIndex":191,"unitId":16777473,"recovery":"searching-for-end-of-data-marker"}
{"ts":"2025-11-19T02:38:47.071Z","level":"warn","event":"bfis-unit-decode-unknown-datum-index","datumIndex":152,"unitId":16777985,"recovery":"searching-for-end-of-data-marker"}
{"ts":"2025-11-19T02:38:47.077Z","level":"warn","event":"bfis-snapshot-empty-data","endpoint":"logs","message":"Empty logs array received"}
{"ts":"2025-11-19T02:38:47.103Z","level":"info","event":"bfis-snapshot-read-ok","snapshotId":"6b4f2667-e22b-490f-8df8-09e7a89f864e","sessionHash":"wXwFIkMvUoWzlJ4m","unitCount":9,"newUnitsInPoll":3,"cachedUnitsTotal":9,"unitsBufferSize":238,"weaponsBufferSize":8}
{"ts":"2025-11-19T02:38:48.069Z","level":"info","event":"bfis-binary-fetch","endpoint":"units","mode":"incremental","bytes":238,"lastTime":1763519927224}
{"ts":"2025-11-19T02:38:48.079Z","level":"warn","event":"bfis-snapshot-empty-data","endpoint":"weapons","bufferSize":8,"message":"Empty or minimal weapons data received"}
{"ts":"2025-11-19T02:38:48.079Z","level":"info","event":"bfis-binary-fetch","endpoint":"weapons","mode":"incremental","bytes":8,"lastTime":1763519927233}
{"ts":"2025-11-19T02:38:48.079Z","level":"warn","event":"bfis-unit-decode-unknown-datum-index","datumIndex":191,"unitId":16777473,"recovery":"searching-for-end-of-data-marker"}
{"ts":"2025-11-19T02:38:48.080Z","level":"warn","event":"bfis-unit-decode-unknown-datum-index","datumIndex":104,"unitId":2252358168,"recovery":"searching-for-end-of-data-marker"}
{"ts":"2025-11-19T02:38:48.089Z","level":"warn","event":"bfis-snapshot-empty-data","endpoint":"logs","message":"Empty logs array received"}
{"ts":"2025-11-19T02:38:48.128Z","level":"info","event":"bfis-snapshot-read-ok","snapshotId":"d6e5a703-d2c7-49c0-a619-6c188624e43d","sessionHash":"wXwFIkMvUoWzlJ4m","unitCount":10,"newUnitsInPoll":4,"cachedUnitsTotal":10,"unitsBufferSize":238,"weaponsBufferSize":8}
{"ts":"2025-11-19T02:38:49.073Z","level":"info","event":"bfis-binary-fetch","endpoint":"units","mode":"incremental","bytes":238,"lastTime":1763519928230}
{"ts":"2025-11-19T02:38:49.085Z","level":"warn","event":"bfis-snapshot-empty-data","endpoint":"weapons","bufferSize":8,"message":"Empty or minimal weapons data received"}
{"ts":"2025-11-19T02:38:49.085Z","level":"warn","event":"bfis-unit-decode-unknown-datum-index","datumIndex":191,"unitId":16777473,"recovery":"searching-for-end-of-data-marker"}
{"ts":"2025-11-19T02:38:49.085Z","level":"info","event":"bfis-binary-fetch","endpoint":"weapons","mode":"incremental","bytes":8,"lastTime":1763519928239}
{"ts":"2025-11-19T02:38:49.085Z","level":"warn","event":"bfis-unit-decode-unknown-datum-index","datumIndex":192,"unitId":16777985,"recovery":"searching-for-end-of-data-marker"}
{"ts":"2025-11-19T02:38:49.096Z","level":"warn","event":"bfis-snapshot-empty-data","endpoint":"logs","message":"Empty logs array received"}
{"ts":"2025-11-19T02:38:49.130Z","level":"info","event":"bfis-snapshot-read-ok","snapshotId":"99ae3e7c-a674-4f8e-98e0-02aa084942c6","sessionHash":"wXwFIkMvUoWzlJ4m","unitCount":10,"newUnitsInPoll":3,"cachedUnitsTotal":10,"unitsBufferSize":238,"weaponsBufferSize":8}
{"ts":"2025-11-19T02:38:50.068Z","level":"info","event":"bfis-binary-fetch","endpoint":"units","mode":"incremental","bytes":238,"lastTime":1763519929233}
{"ts":"2025-11-19T02:38:50.078Z","level":"warn","event":"bfis-snapshot-empty-data","endpoint":"weapons","bufferSize":8,"message":"Empty or minimal weapons data received"}
{"ts":"2025-11-19T02:38:50.078Z","level":"info","event":"bfis-binary-fetch","endpoint":"weapons","mode":"incremental","bytes":8,"lastTime":1763519929243}
{"ts":"2025-11-19T02:38:50.078Z","level":"warn","event":"bfis-unit-decode-unknown-datum-index","datumIndex":191,"unitId":16777473,"recovery":"searching-for-end-of-data-marker"}
{"ts":"2025-11-19T02:38:50.078Z","level":"warn","event":"bfis-unit-decode-unknown-datum-index","datumIndex":184,"unitId":16777985,"recovery":"searching-for-end-of-data-marker"}
{"ts":"2025-11-19T02:38:50.095Z","level":"warn","event":"bfis-snapshot-empty-data","endpoint":"logs","message":"Empty logs array received"}
{"ts":"2025-11-19T02:38:50.140Z","level":"info","event":"bfis-snapshot-read-ok","snapshotId":"9f5d584f-6f9e-4d4a-96b4-990b275020f9","sessionHash":"wXwFIkMvUoWzlJ4m","unitCount":10,"newUnitsInPoll":3,"cachedUnitsTotal":10,"unitsBufferSize":238,"weaponsBufferSize":8}
{"ts":"2025-11-19T02:38:51.070Z","level":"info","event":"bfis-binary-fetch","endpoint":"units","mode":"incremental","bytes":238,"lastTime":1763519930229}
{"ts":"2025-11-19T02:38:51.082Z","level":"warn","event":"bfis-snapshot-empty-data","endpoint":"weapons","bufferSize":8,"message":"Empty or minimal weapons data received"}
{"ts":"2025-11-19T02:38:51.082Z","level":"warn","event":"bfis-unit-decode-unknown-datum-index","datumIndex":191,"unitId":16777473,"recovery":"searching-for-end-of-data-marker"}
{"ts":"2025-11-19T02:38:51.082Z","level":"info","event":"bfis-binary-fetch","endpoint":"weapons","mode":"incremental","bytes":8,"lastTime":1763519930237}
{"ts":"2025-11-19T02:38:51.082Z","level":"warn","event":"bfis-unit-decode-unknown-datum-index","datumIndex":87,"unitId":16777985,"recovery":"searching-for-end-of-data-marker"}
{"ts":"2025-11-19T02:38:51.092Z","level":"warn","event":"bfis-snapshot-empty-data","endpoint":"logs","message":"Empty logs array received"}
{"ts":"2025-11-19T02:38:51.138Z","level":"info","event":"bfis-snapshot-read-ok","snapshotId":"56759c7d-9b8b-4e5f-a22f-aa7273119c9b","sessionHash":"wXwFIkMvUoWzlJ4m","unitCount":10,"newUnitsInPoll":3,"cachedUnitsTotal":10,"unitsBufferSize":238,"weaponsBufferSize":8}
{"ts":"2025-11-19T02:38:52.077Z","level":"info","event":"bfis-binary-fetch","endpoint":"units","mode":"incremental","bytes":238,"lastTime":1763519931230}
{"ts":"2025-11-19T02:38:52.085Z","level":"warn","event":"bfis-snapshot-empty-data","endpoint":"weapons","bufferSize":8,"message":"Empty or minimal weapons data received"}
{"ts":"2025-11-19T02:38:52.086Z","level":"warn","event":"bfis-unit-decode-unknown-datum-index","datumIndex":191,"unitId":16777473,"recovery":"searching-for-end-of-data-marker"}
{"ts":"2025-11-19T02:38:52.085Z","level":"info","event":"bfis-binary-fetch","endpoint":"weapons","mode":"incremental","bytes":8,"lastTime":1763519931241}
{"ts":"2025-11-19T02:38:52.086Z","level":"warn","event":"bfis-unit-decode-unknown-datum-index","datumIndex":185,"unitId":16777985,"recovery":"searching-for-end-of-data-marker"}
{"ts":"2025-11-19T02:38:52.094Z","level":"warn","event":"bfis-snapshot-empty-data","endpoint":"logs","message":"Empty logs array received"}
{"ts":"2025-11-19T02:38:52.144Z","level":"info","event":"bfis-snapshot-read-ok","snapshotId":"018ab36f-33d6-483a-834a-411b91c44c08","sessionHash":"wXwFIkMvUoWzlJ4m","unitCount":10,"newUnitsInPoll":3,"cachedUnitsTotal":10,"unitsBufferSize":238,"weaponsBufferSize":8}
{"ts":"2025-11-19T02:38:53.075Z","level":"info","event":"bfis-binary-fetch","endpoint":"units","mode":"incremental","bytes":238,"lastTime":1763519932233}
{"ts":"2025-11-19T02:38:53.086Z","level":"warn","event":"bfis-snapshot-empty-data","endpoint":"weapons","bufferSize":8,"message":"Empty or minimal weapons data received"}
{"ts":"2025-11-19T02:38:53.086Z","level":"info","event":"bfis-binary-fetch","endpoint":"weapons","mode":"incremental","bytes":8,"lastTime":1763519932247}
{"ts":"2025-11-19T02:38:53.086Z","level":"warn","event":"bfis-unit-decode-unknown-datum-index","datumIndex":191,"unitId":16777473,"recovery":"searching-for-end-of-data-marker"}
{"ts":"2025-11-19T02:38:53.086Z","level":"warn","event":"bfis-unit-decode-unknown-datum-index","datumIndex":234,"unitId":16777985,"recovery":"searching-for-end-of-data-marker"}
{"ts":"2025-11-19T02:38:53.086Z","level":"warn","event":"bfis-unit-decode-unknown-datum-index","datumIndex":169,"unitId":3733086691,"recovery":"searching-for-end-of-data-marker"}
{"ts":"2025-11-19T02:38:53.096Z","level":"warn","event":"bfis-snapshot-empty-data","endpoint":"logs","message":"Empty logs array received"}
{"ts":"2025-11-19T02:38:53.135Z","level":"info","event":"bfis-snapshot-read-ok","snapshotId":"9c5d2d9f-4b3c-4f4c-b5af-9b21c541e473","sessionHash":"wXwFIkMvUoWzlJ4m","unitCount":11,"newUnitsInPoll":4,"cachedUnitsTotal":11,"unitsBufferSize":238,"weaponsBufferSize":8}
{"ts":"2025-11-19T02:38:54.079Z","level":"info","event":"bfis-binary-fetch","endpoint":"units","mode":"incremental","bytes":238,"lastTime":1763519933236}
{"ts":"2025-11-19T02:38:54.089Z","level":"info","event":"bfis-binary-fetch","endpoint":"weapons","mode":"incremental","bytes":8,"lastTime":1763519933247}
{"ts":"2025-11-19T02:38:54.089Z","level":"warn","event":"bfis-snapshot-empty-data","endpoint":"weapons","bufferSize":8,"message":"Empty or minimal weapons data received"}
{"ts":"2025-11-19T02:38:54.090Z","level":"warn","event":"bfis-unit-decode-unknown-datum-index","datumIndex":191,"unitId":16777473,"recovery":"searching-for-end-of-data-marker"}
{"ts":"2025-11-19T02:38:54.090Z","level":"warn","event":"bfis-unit-decode-unknown-datum-index","datumIndex":117,"unitId":16777985,"recovery":"searching-for-end-of-data-marker"}
{"ts":"2025-11-19T02:38:54.103Z","level":"warn","event":"bfis-snapshot-empty-data","endpoint":"logs","message":"Empty logs array received"}
{"ts":"2025-11-19T02:38:54.141Z","level":"info","event":"bfis-snapshot-read-ok","snapshotId":"5dcc0bdb-58ac-40f2-a158-093ac88cd659","sessionHash":"wXwFIkMvUoWzlJ4m","unitCount":11,"newUnitsInPoll":3,"cachedUnitsTotal":11,"unitsBufferSize":238,"weaponsBufferSize":8}
{"ts":"2025-11-19T02:38:55.075Z","level":"info","event":"bfis-binary-fetch","endpoint":"units","mode":"incremental","bytes":238,"lastTime":1763519934236}
{"ts":"2025-11-19T02:38:55.085Z","level":"warn","event":"bfis-snapshot-empty-data","endpoint":"weapons","bufferSize":8,"message":"Empty or minimal weapons data received"}
{"ts":"2025-11-19T02:38:55.085Z","level":"info","event":"bfis-binary-fetch","endpoint":"weapons","mode":"incremental","bytes":8,"lastTime":1763519934249}
{"ts":"2025-11-19T02:38:55.085Z","level":"warn","event":"bfis-unit-decode-unknown-datum-index","datumIndex":191,"unitId":16777473,"recovery":"searching-for-end-of-data-marker"}
{"ts":"2025-11-19T02:38:55.085Z","level":"warn","event":"bfis-unit-decode-unknown-datum-index","datumIndex":72,"unitId":16777985,"recovery":"searching-for-end-of-data-marker"}
{"ts":"2025-11-19T02:38:55.085Z","level":"warn","event":"bfis-unit-decode-unknown-datum-index","datumIndex":187,"unitId":2180605168,"recovery":"searching-for-end-of-data-marker"}
{"ts":"2025-11-19T02:38:55.085Z","level":"warn","event":"bfis-unit-decode-unknown-datum-index","datumIndex":175,"unitId":430775920,"recovery":"searching-for-end-of-data-marker"}
{"ts":"2025-11-19T02:38:55.104Z","level":"warn","event":"bfis-snapshot-empty-data","endpoint":"logs","message":"Empty logs array received"}
{"ts":"2025-11-19T02:38:55.150Z","level":"info","event":"bfis-snapshot-read-ok","snapshotId":"d5f40429-5b95-4ff7-adc8-98a9c189da0e","sessionHash":"wXwFIkMvUoWzlJ4m","unitCount":13,"newUnitsInPoll":5,"cachedUnitsTotal":13,"unitsBufferSize":238,"weaponsBufferSize":8}
{"ts":"2025-11-19T02:38:56.077Z","level":"info","event":"bfis-binary-fetch","endpoint":"units","mode":"incremental","bytes":238,"lastTime":1763519935234}
{"ts":"2025-11-19T02:38:56.095Z","level":"info","event":"bfis-binary-fetch","endpoint":"weapons","mode":"incremental","bytes":8,"lastTime":1763519935245}
{"ts":"2025-11-19T02:38:56.095Z","level":"warn","event":"bfis-snapshot-empty-data","endpoint":"weapons","bufferSize":8,"message":"Empty or minimal weapons data received"}
{"ts":"2025-11-19T02:38:56.095Z","level":"warn","event":"bfis-unit-decode-unknown-datum-index","datumIndex":191,"unitId":16777473,"recovery":"searching-for-end-of-data-marker"}
{"ts":"2025-11-19T02:38:56.095Z","level":"warn","event":"bfis-unit-decode-unknown-datum-index","datumIndex":163,"unitId":16777985,"recovery":"searching-for-end-of-data-marker"}
{"ts":"2025-11-19T02:38:56.110Z","level":"warn","event":"bfis-snapshot-empty-data","endpoint":"logs","message":"Empty logs array received"}
{"ts":"2025-11-19T02:38:56.160Z","level":"info","event":"bfis-snapshot-read-ok","snapshotId":"eea0fead-02a5-4d11-8b7d-09d6e1bc7256","sessionHash":"wXwFIkMvUoWzlJ4m","unitCount":13,"newUnitsInPoll":3,"cachedUnitsTotal":13,"unitsBufferSize":238,"weaponsBufferSize":8}
{"ts":"2025-11-19T02:38:57.072Z","level":"info","event":"bfis-binary-fetch","endpoint":"units","mode":"incremental","bytes":241,"lastTime":1763519936237}
{"ts":"2025-11-19T02:38:57.080Z","level":"warn","event":"bfis-snapshot-empty-data","endpoint":"weapons","bufferSize":8,"message":"Empty or minimal weapons data received"}
{"ts":"2025-11-19T02:38:57.080Z","level":"info","event":"bfis-binary-fetch","endpoint":"weapons","mode":"incremental","bytes":8,"lastTime":1763519936251}
{"ts":"2025-11-19T02:38:57.081Z","level":"warn","event":"bfis-unit-decode-unknown-datum-index","datumIndex":191,"unitId":16777473,"recovery":"searching-for-end-of-data-marker"}
{"ts":"2025-11-19T02:38:57.081Z","level":"warn","event":"bfis-unit-decode-field-error","datumIndex":63,"unitId":16777985,"error":"Offset is outside the bounds of the DataView","errorType":"RangeError"}
{"ts":"2025-11-19T02:38:57.089Z","level":"warn","event":"bfis-snapshot-empty-data","endpoint":"logs","message":"Empty logs array received"}
{"ts":"2025-11-19T02:38:57.124Z","level":"info","event":"bfis-snapshot-read-ok","snapshotId":"48060cc9-ee5e-4ec3-b543-936ffa5e2371","sessionHash":"wXwFIkMvUoWzlJ4m","unitCount":13,"newUnitsInPoll":3,"cachedUnitsTotal":13,"unitsBufferSize":241,"weaponsBufferSize":8}
{"ts":"2025-11-19T02:38:58.079Z","level":"info","event":"bfis-binary-fetch","endpoint":"units","mode":"incremental","bytes":238,"lastTime":1763519937232}
{"ts":"2025-11-19T02:38:58.095Z","level":"warn","event":"bfis-snapshot-empty-data","endpoint":"weapons","bufferSize":8,"message":"Empty or minimal weapons data received"}
{"ts":"2025-11-19T02:38:58.096Z","level":"warn","event":"bfis-unit-decode-unknown-datum-index","datumIndex":191,"unitId":16777473,"recovery":"searching-for-end-of-data-marker"}
{"ts":"2025-11-19T02:38:58.096Z","level":"info","event":"bfis-binary-fetch","endpoint":"weapons","mode":"incremental","bytes":8,"lastTime":1763519937241}
{"ts":"2025-11-19T02:38:58.096Z","level":"warn","event":"bfis-unit-decode-unknown-datum-index","datumIndex":79,"unitId":16777985,"recovery":"searching-for-end-of-data-marker"}
{"ts":"2025-11-19T02:38:58.106Z","level":"warn","event":"bfis-snapshot-empty-data","endpoint":"logs","message":"Empty logs array received"}
{"ts":"2025-11-19T02:38:58.143Z","level":"info","event":"bfis-snapshot-read-ok","snapshotId":"9bdc1d34-cc1a-488a-9993-4b87407a8795","sessionHash":"wXwFIkMvUoWzlJ4m","unitCount":13,"newUnitsInPoll":3,"cachedUnitsTotal":13,"unitsBufferSize":238,"weaponsBufferSize":8}
{"ts":"2025-11-19T02:38:59.072Z","level":"info","event":"bfis-binary-fetch","endpoint":"units","mode":"incremental","bytes":238,"lastTime":1763519938239}
{"ts":"2025-11-19T02:38:59.079Z","level":"warn","event":"bfis-snapshot-empty-data","endpoint":"weapons","bufferSize":8,"message":"Empty or minimal weapons data received"}
{"ts":"2025-11-19T02:38:59.080Z","level":"warn","event":"bfis-unit-decode-unknown-datum-index","datumIndex":191,"unitId":16777473,"recovery":"searching-for-end-of-data-marker"}
{"ts":"2025-11-19T02:38:59.080Z","level":"info","event":"bfis-binary-fetch","endpoint":"weapons","mode":"incremental","bytes":8,"lastTime":1763519938253}
{"ts":"2025-11-19T02:38:59.080Z","level":"warn","event":"bfis-unit-decode-unknown-datum-index","datumIndex":87,"unitId":16777985,"recovery":"searching-for-end-of-data-marker"}
{"ts":"2025-11-19T02:38:59.087Z","level":"warn","event":"bfis-snapshot-empty-data","endpoint":"logs","message":"Empty logs array received"}
{"ts":"2025-11-19T02:38:59.126Z","level":"info","event":"bfis-snapshot-read-ok","snapshotId":"f9a5ce03-b8f4-4994-b9ef-7daaec830ff0","sessionHash":"wXwFIkMvUoWzlJ4m","unitCount":13,"newUnitsInPoll":3,"cachedUnitsTotal":13,"unitsBufferSize":238,"weaponsBufferSize":8}
{"ts":"2025-11-19T02:39:00.072Z","level":"info","event":"bfis-binary-fetch","endpoint":"units","mode":"incremental","bytes":238,"lastTime":1763519939233}
{"ts":"2025-11-19T02:39:00.083Z","level":"warn","event":"bfis-snapshot-empty-data","endpoint":"weapons","bufferSize":8,"message":"Empty or minimal weapons data received"}
{"ts":"2025-11-19T02:39:00.083Z","level":"info","event":"bfis-binary-fetch","endpoint":"weapons","mode":"incremental","bytes":8,"lastTime":1763519939241}
{"ts":"2025-11-19T02:39:00.084Z","level":"warn","event":"bfis-unit-decode-unknown-datum-index","datumIndex":191,"unitId":16777473,"recovery":"searching-for-end-of-data-marker"}
{"ts":"2025-11-19T02:39:00.084Z","level":"warn","event":"bfis-unit-decode-unknown-datum-index","datumIndex":196,"unitId":16777985,"recovery":"searching-for-end-of-data-marker"}
{"ts":"2025-11-19T02:39:00.093Z","level":"warn","event":"bfis-snapshot-empty-data","endpoint":"logs","message":"Empty logs array received"}
{"ts":"2025-11-19T02:39:00.140Z","level":"info","event":"bfis-snapshot-read-ok","snapshotId":"fb0cad90-0504-42b3-9305-1c4bde44ec6e","sessionHash":"wXwFIkMvUoWzlJ4m","unitCount":13,"newUnitsInPoll":3,"cachedUnitsTotal":13,"unitsBufferSize":238,"weaponsBufferSize":8}
{"ts":"2025-11-19T02:39:01.083Z","level":"info","event":"bfis-binary-fetch","endpoint":"units","mode":"incremental","bytes":238,"lastTime":1763519940233}
{"ts":"2025-11-19T02:39:01.101Z","level":"warn","event":"bfis-snapshot-empty-data","endpoint":"weapons","bufferSize":8,"message":"Empty or minimal weapons data received"}
{"ts":"2025-11-19T02:39:01.101Z","level":"info","event":"bfis-binary-fetch","endpoint":"weapons","mode":"incremental","bytes":8,"lastTime":1763519940243}
{"ts":"2025-11-19T02:39:01.101Z","level":"warn","event":"bfis-unit-decode-unknown-datum-index","datumIndex":191,"unitId":16777473,"recovery":"searching-for-end-of-data-marker"}
{"ts":"2025-11-19T02:39:01.101Z","level":"warn","event":"bfis-unit-decode-unknown-datum-index","datumIndex":145,"unitId":16777985,"recovery":"searching-for-end-of-data-marker"}
{"ts":"2025-11-19T02:39:01.113Z","level":"warn","event":"bfis-snapshot-empty-data","endpoint":"logs","message":"Empty logs array received"}
{"ts":"2025-11-19T02:39:01.157Z","level":"info","event":"bfis-snapshot-read-ok","snapshotId":"6069acf9-1f52-4da1-afaf-0aff1a8e50fd","sessionHash":"wXwFIkMvUoWzlJ4m","unitCount":13,"newUnitsInPoll":3,"cachedUnitsTotal":13,"unitsBufferSize":238,"weaponsBufferSize":8}
{"ts":"2025-11-19T02:39:02.088Z","level":"info","event":"bfis-binary-fetch","endpoint":"units","mode":"incremental","bytes":238,"lastTime":1763519941244}
{"ts":"2025-11-19T02:39:02.099Z","level":"warn","event":"bfis-snapshot-empty-data","endpoint":"weapons","bufferSize":8,"message":"Empty or minimal weapons data received"}
{"ts":"2025-11-19T02:39:02.100Z","level":"warn","event":"bfis-unit-decode-unknown-datum-index","datumIndex":191,"unitId":16777473,"recovery":"searching-for-end-of-data-marker"}
{"ts":"2025-11-19T02:39:02.100Z","level":"info","event":"bfis-binary-fetch","endpoint":"weapons","mode":"incremental","bytes":8,"lastTime":1763519941262}
{"ts":"2025-11-19T02:39:02.100Z","level":"warn","event":"bfis-unit-decode-unknown-datum-index","datumIndex":135,"unitId":16777985,"recovery":"searching-for-end-of-data-marker"}
{"ts":"2025-11-19T02:39:02.112Z","level":"warn","event":"bfis-snapshot-empty-data","endpoint":"logs","message":"Empty logs array received"}
{"ts":"2025-11-19T02:39:02.151Z","level":"info","event":"bfis-snapshot-read-ok","snapshotId":"857ac226-1949-4aa1-8101-75baa5b00da3","sessionHash":"wXwFIkMvUoWzlJ4m","unitCount":13,"newUnitsInPoll":3,"cachedUnitsTotal":13,"unitsBufferSize":238,"weaponsBufferSize":8}
{"ts":"2025-11-19T02:39:03.083Z","level":"info","event":"bfis-binary-fetch","endpoint":"units","mode":"incremental","bytes":238,"lastTime":1763519942248}
{"ts":"2025-11-19T02:39:03.096Z","level":"warn","event":"bfis-snapshot-empty-data","endpoint":"weapons","bufferSize":8,"message":"Empty or minimal weapons data received"}
{"ts":"2025-11-19T02:39:03.096Z","level":"info","event":"bfis-binary-fetch","endpoint":"weapons","mode":"incremental","bytes":8,"lastTime":1763519942260}
{"ts":"2025-11-19T02:39:03.096Z","level":"warn","event":"bfis-unit-decode-unknown-datum-index","datumIndex":191,"unitId":16777473,"recovery":"searching-for-end-of-data-marker"}
{"ts":"2025-11-19T02:39:03.097Z","level":"warn","event":"bfis-unit-decode-unknown-datum-index","datumIndex":191,"unitId":16777985,"recovery":"searching-for-end-of-data-marker"}
{"ts":"2025-11-19T02:39:03.097Z","level":"warn","event":"bfis-unit-decode-field-error","datumIndex":63,"unitId":16778241,"error":"Offset is outside the bounds of the DataView","errorType":"RangeError"}
{"ts":"2025-11-19T02:39:03.107Z","level":"warn","event":"bfis-snapshot-empty-data","endpoint":"logs","message":"Empty logs array received"}
{"ts":"2025-11-19T02:39:03.147Z","level":"info","event":"bfis-snapshot-read-ok","snapshotId":"214627ef-c488-4c1b-bddd-b78ec682a2c8","sessionHash":"wXwFIkMvUoWzlJ4m","unitCount":13,"newUnitsInPoll":4,"cachedUnitsTotal":13,"unitsBufferSize":238,"weaponsBufferSize":8}
{"ts":"2025-11-19T02:39:04.077Z","level":"info","event":"bfis-binary-fetch","endpoint":"units","mode":"incremental","bytes":238,"lastTime":1763519943244}
{"ts":"2025-11-19T02:39:04.086Z","level":"warn","event":"bfis-snapshot-empty-data","endpoint":"weapons","bufferSize":8,"message":"Empty or minimal weapons data received"}
{"ts":"2025-11-19T02:39:04.086Z","level":"info","event":"bfis-binary-fetch","endpoint":"weapons","mode":"incremental","bytes":8,"lastTime":1763519943256}
{"ts":"2025-11-19T02:39:04.086Z","level":"warn","event":"bfis-unit-decode-unknown-datum-index","datumIndex":191,"unitId":16777473,"recovery":"searching-for-end-of-data-marker"}
{"ts":"2025-11-19T02:39:04.086Z","level":"warn","event":"bfis-unit-decode-unknown-datum-index","datumIndex":191,"unitId":16777985,"recovery":"searching-for-end-of-data-marker"}
{"ts":"2025-11-19T02:39:04.086Z","level":"warn","event":"bfis-unit-decode-field-error","datumIndex":63,"unitId":16778241,"error":"Offset is outside the bounds of the DataView","errorType":"RangeError"}
{"ts":"2025-11-19T02:39:04.106Z","level":"warn","event":"bfis-snapshot-empty-data","endpoint":"logs","message":"Empty logs array received"}
{"ts":"2025-11-19T02:39:04.146Z","level":"info","event":"bfis-snapshot-read-ok","snapshotId":"07680913-7c87-4c35-a10e-05b2bcc6f1da","sessionHash":"wXwFIkMvUoWzlJ4m","unitCount":13,"newUnitsInPoll":4,"cachedUnitsTotal":13,"unitsBufferSize":238,"weaponsBufferSize":8}
{"ts":"2025-11-19T02:39:05.077Z","level":"info","event":"bfis-binary-fetch","endpoint":"units","mode":"incremental","bytes":241,"lastTime":1763519944238}
{"ts":"2025-11-19T02:39:05.085Z","level":"info","event":"bfis-binary-fetch","endpoint":"weapons","mode":"incremental","bytes":8,"lastTime":1763519944246}
{"ts":"2025-11-19T02:39:05.085Z","level":"warn","event":"bfis-unit-decode-unknown-datum-index","datumIndex":191,"unitId":16777473,"recovery":"searching-for-end-of-data-marker"}
{"ts":"2025-11-19T02:39:05.085Z","level":"warn","event":"bfis-snapshot-empty-data","endpoint":"weapons","bufferSize":8,"message":"Empty or minimal weapons data received"}
{"ts":"2025-11-19T02:39:05.085Z","level":"warn","event":"bfis-unit-decode-unknown-datum-index","datumIndex":239,"unitId":2105546559,"recovery":"searching-for-end-of-data-marker"}
{"ts":"2025-11-19T02:39:05.085Z","level":"warn","event":"bfis-unit-decode-unknown-datum-index","datumIndex":191,"unitId":16777985,"recovery":"searching-for-end-of-data-marker"}
{"ts":"2025-11-19T02:39:05.085Z","level":"warn","event":"bfis-unit-decode-field-error","datumIndex":63,"unitId":16778241,"error":"Offset is outside the bounds of the DataView","errorType":"RangeError"}
{"ts":"2025-11-19T02:39:05.092Z","level":"warn","event":"bfis-snapshot-empty-data","endpoint":"logs","message":"Empty logs array received"}
{"ts":"2025-11-19T02:39:05.124Z","level":"info","event":"bfis-snapshot-read-ok","snapshotId":"d1890f05-87c8-430a-9f4c-2df2cd49e49c","sessionHash":"wXwFIkMvUoWzlJ4m","unitCount":14,"newUnitsInPoll":5,"cachedUnitsTotal":14,"unitsBufferSize":241,"weaponsBufferSize":8}
{"ts":"2025-11-19T02:39:06.083Z","level":"info","event":"bfis-binary-fetch","endpoint":"units","mode":"incremental","bytes":238,"lastTime":1763519945238}
{"ts":"2025-11-19T02:39:06.092Z","level":"warn","event":"bfis-snapshot-empty-data","endpoint":"weapons","bufferSize":8,"message":"Empty or minimal weapons data received"}
{"ts":"2025-11-19T02:39:06.092Z","level":"warn","event":"bfis-unit-decode-unknown-datum-index","datumIndex":191,"unitId":16777473,"recovery":"searching-for-end-of-data-marker"}
{"ts":"2025-11-19T02:39:06.092Z","level":"info","event":"bfis-binary-fetch","endpoint":"weapons","mode":"incremental","bytes":8,"lastTime":1763519945246}
{"ts":"2025-11-19T02:39:06.092Z","level":"warn","event":"bfis-unit-decode-unknown-datum-index","datumIndex":77,"unitId":245634879,"recovery":"searching-for-end-of-data-marker"}
{"ts":"2025-11-19T02:39:06.092Z","level":"warn","event":"bfis-unit-decode-unknown-datum-index","datumIndex":191,"unitId":16777985,"recovery":"searching-for-end-of-data-marker"}
{"ts":"2025-11-19T02:39:06.092Z","level":"warn","event":"bfis-unit-decode-field-error","datumIndex":63,"unitId":16778241,"error":"Offset is outside the bounds of the DataView","errorType":"RangeError"}
{"ts":"2025-11-19T02:39:06.101Z","level":"warn","event":"bfis-snapshot-empty-data","endpoint":"logs","message":"Empty logs array received"}
{"ts":"2025-11-19T02:39:06.134Z","level":"info","event":"bfis-snapshot-read-ok","snapshotId":"eeb47437-517b-4ec5-9cca-cfdb2d65f5ac","sessionHash":"wXwFIkMvUoWzlJ4m","unitCount":15,"newUnitsInPoll":5,"cachedUnitsTotal":15,"unitsBufferSize":238,"weaponsBufferSize":8}
{"ts":"2025-11-19T02:39:07.095Z","level":"info","event":"bfis-binary-fetch","endpoint":"units","mode":"incremental","bytes":238,"lastTime":1763519946243}
{"ts":"2025-11-19T02:39:07.108Z","level":"warn","event":"bfis-snapshot-empty-data","endpoint":"weapons","bufferSize":8,"message":"Empty or minimal weapons data received"}
{"ts":"2025-11-19T02:39:07.109Z","level":"info","event":"bfis-binary-fetch","endpoint":"weapons","mode":"incremental","bytes":8,"lastTime":1763519946252}
{"ts":"2025-11-19T02:39:07.109Z","level":"warn","event":"bfis-unit-decode-unknown-datum-index","datumIndex":191,"unitId":16777473,"recovery":"searching-for-end-of-data-marker"}
{"ts":"2025-11-19T02:39:07.120Z","level":"warn","event":"bfis-snapshot-empty-data","endpoint":"logs","message":"Empty logs array received"}
{"ts":"2025-11-19T02:39:07.160Z","level":"info","event":"bfis-snapshot-read-ok","snapshotId":"5f242ea2-4ca3-4fa6-ad1d-eacdb9c347e8","sessionHash":"wXwFIkMvUoWzlJ4m","unitCount":16,"newUnitsInPoll":2,"cachedUnitsTotal":16,"unitsBufferSize":238,"weaponsBufferSize":8}
{"ts":"2025-11-19T02:39:08.079Z","level":"info","event":"bfis-binary-fetch","endpoint":"units","mode":"incremental","bytes":435,"lastTime":1763519947252}
{"ts":"2025-11-19T02:39:08.079Z","level":"warn","event":"bfis-large-data-detected","endpoint":"units","currentBytes":435,"baselineBytes":156.9,"multiplier":2,"threshold":313.8}
{"ts":"2025-11-19T02:39:08.087Z","level":"warn","event":"bfis-snapshot-empty-data","endpoint":"weapons","bufferSize":8,"message":"Empty or minimal weapons data received"}
{"ts":"2025-11-19T02:39:08.087Z","level":"info","event":"bfis-binary-fetch","endpoint":"weapons","mode":"incremental","bytes":8,"lastTime":1763519947268}
{"ts":"2025-11-19T02:39:08.087Z","level":"warn","event":"bfis-unit-decode-unknown-datum-index","datumIndex":191,"unitId":16777473,"recovery":"searching-for-end-of-data-marker"}
{"ts":"2025-11-19T02:39:08.088Z","level":"warn","event":"bfis-unit-decode-unknown-datum-index","datumIndex":191,"unitId":16777985,"recovery":"searching-for-end-of-data-marker"}
{"ts":"2025-11-19T02:39:08.088Z","level":"warn","event":"bfis-unit-decode-unknown-datum-index","datumIndex":71,"unitId":16778241,"recovery":"searching-for-end-of-data-marker"}
{"ts":"2025-11-19T02:39:08.096Z","level":"warn","event":"bfis-snapshot-empty-data","endpoint":"logs","message":"Empty logs array received"}
{"ts":"2025-11-19T02:39:08.133Z","level":"info","event":"bfis-snapshot-read-ok","snapshotId":"dcf3ce2a-3a02-49c2-9934-9ed712e60fd5","sessionHash":"wXwFIkMvUoWzlJ4m","unitCount":16,"newUnitsInPoll":4,"cachedUnitsTotal":16,"unitsBufferSize":435,"weaponsBufferSize":8}
{"ts":"2025-11-19T02:39:09.085Z","level":"info","event":"bfis-binary-fetch","endpoint":"units","mode":"incremental","bytes":243,"lastTime":1763519948240}
{"ts":"2025-11-19T02:39:09.092Z","level":"warn","event":"bfis-snapshot-empty-data","endpoint":"weapons","bufferSize":8,"message":"Empty or minimal weapons data received"}
{"ts":"2025-11-19T02:39:09.093Z","level":"info","event":"bfis-binary-fetch","endpoint":"weapons","mode":"incremental","bytes":8,"lastTime":1763519948248}
{"ts":"2025-11-19T02:39:09.093Z","level":"warn","event":"bfis-unit-decode-unknown-datum-index","datumIndex":191,"unitId":16777985,"recovery":"searching-for-end-of-data-marker"}
{"ts":"2025-11-19T02:39:09.093Z","level":"warn","event":"bfis-unit-decode-unknown-datum-index","datumIndex":191,"unitId":16777473,"recovery":"searching-for-end-of-data-marker"}
{"ts":"2025-11-19T02:39:09.093Z","level":"warn","event":"bfis-unit-decode-field-error","datumIndex":63,"unitId":16778241,"error":"Offset is outside the bounds of the DataView","errorType":"RangeError"}
{"ts":"2025-11-19T02:39:09.101Z","level":"warn","event":"bfis-snapshot-empty-data","endpoint":"logs","message":"Empty logs array received"}
{"ts":"2025-11-19T02:39:09.141Z","level":"info","event":"bfis-snapshot-read-ok","snapshotId":"61c3f50b-99a0-4092-b338-c8213e5b85c9","sessionHash":"wXwFIkMvUoWzlJ4m","unitCount":17,"newUnitsInPoll":5,"cachedUnitsTotal":17,"unitsBufferSize":243,"weaponsBufferSize":8}
{"ts":"2025-11-19T02:39:10.084Z","level":"info","event":"bfis-binary-fetch","endpoint":"units","mode":"incremental","bytes":243,"lastTime":1763519949246}
{"ts":"2025-11-19T02:39:10.092Z","level":"info","event":"bfis-binary-fetch","endpoint":"weapons","mode":"incremental","bytes":8,"lastTime":1763519949254}
{"ts":"2025-11-19T02:39:10.092Z","level":"warn","event":"bfis-snapshot-empty-data","endpoint":"weapons","bufferSize":8,"message":"Empty or minimal weapons data received"}
{"ts":"2025-11-19T02:39:10.100Z","level":"warn","event":"bfis-snapshot-empty-data","endpoint":"logs","message":"Empty logs array received"}
{"ts":"2025-11-19T02:39:10.129Z","level":"info","event":"bfis-snapshot-read-ok","snapshotId":"27bcbaba-7744-41b3-917c-5fd7aeb017de","sessionHash":"wXwFIkMvUoWzlJ4m","unitCount":17,"newUnitsInPoll":1,"cachedUnitsTotal":17,"unitsBufferSize":243,"weaponsBufferSize":8}
{"ts":"2025-11-19T02:39:11.086Z","level":"info","event":"bfis-binary-fetch","endpoint":"units","mode":"incremental","bytes":243,"lastTime":1763519950244}
{"ts":"2025-11-19T02:39:11.097Z","level":"warn","event":"bfis-snapshot-empty-data","endpoint":"weapons","bufferSize":8,"message":"Empty or minimal weapons data received"}
{"ts":"2025-11-19T02:39:11.097Z","level":"info","event":"bfis-binary-fetch","endpoint":"weapons","mode":"incremental","bytes":8,"lastTime":1763519950253}
{"ts":"2025-11-19T02:39:11.108Z","level":"warn","event":"bfis-snapshot-empty-data","endpoint":"logs","message":"Empty logs array received"}
{"ts":"2025-11-19T02:39:11.144Z","level":"info","event":"bfis-snapshot-read-ok","snapshotId":"ebd41c36-7940-47aa-957c-5664af0d9401","sessionHash":"wXwFIkMvUoWzlJ4m","unitCount":17,"newUnitsInPoll":1,"cachedUnitsTotal":17,"unitsBufferSize":243,"weaponsBufferSize":8}
{"ts":"2025-11-19T02:39:12.093Z","level":"info","event":"bfis-binary-fetch","endpoint":"units","mode":"incremental","bytes":243,"lastTime":1763519951247}
{"ts":"2025-11-19T02:39:12.108Z","level":"warn","event":"bfis-snapshot-empty-data","endpoint":"weapons","bufferSize":8,"message":"Empty or minimal weapons data received"}
{"ts":"2025-11-19T02:39:12.108Z","level":"info","event":"bfis-binary-fetch","endpoint":"weapons","mode":"incremental","bytes":8,"lastTime":1763519951257}
{"ts":"2025-11-19T02:39:12.116Z","level":"warn","event":"bfis-snapshot-empty-data","endpoint":"logs","message":"Empty logs array received"}
{"ts":"2025-11-19T02:39:12.152Z","level":"info","event":"bfis-snapshot-read-ok","snapshotId":"6855b9fe-f52d-43e1-aa73-19d6012b35c7","sessionHash":"wXwFIkMvUoWzlJ4m","unitCount":17,"newUnitsInPoll":1,"cachedUnitsTotal":17,"unitsBufferSize":243,"weaponsBufferSize":8}
{"ts":"2025-11-19T02:39:13.085Z","level":"info","event":"bfis-binary-fetch","endpoint":"units","mode":"incremental","bytes":243,"lastTime":1763519952251}
{"ts":"2025-11-19T02:39:13.094Z","level":"warn","event":"bfis-snapshot-empty-data","endpoint":"weapons","bufferSize":8,"message":"Empty or minimal weapons data received"}
{"ts":"2025-11-19T02:39:13.094Z","level":"info","event":"bfis-binary-fetch","endpoint":"weapons","mode":"incremental","bytes":8,"lastTime":1763519952267}
{"ts":"2025-11-19T02:39:13.102Z","level":"warn","event":"bfis-snapshot-empty-data","endpoint":"logs","message":"Empty logs array received"}
{"ts":"2025-11-19T02:39:13.149Z","level":"info","event":"bfis-snapshot-read-ok","snapshotId":"92b6276f-dcc5-4784-a9c7-7edfd638403b","sessionHash":"wXwFIkMvUoWzlJ4m","unitCount":17,"newUnitsInPoll":1,"cachedUnitsTotal":17,"unitsBufferSize":243,"weaponsBufferSize":8}
{"ts":"2025-11-19T02:39:14.089Z","level":"info","event":"bfis-binary-fetch","endpoint":"units","mode":"incremental","bytes":243,"lastTime":1763519953246}
{"ts":"2025-11-19T02:39:14.098Z","level":"warn","event":"bfis-snapshot-empty-data","endpoint":"weapons","bufferSize":8,"message":"Empty or minimal weapons data received"}
{"ts":"2025-11-19T02:39:14.099Z","level":"info","event":"bfis-binary-fetch","endpoint":"weapons","mode":"incremental","bytes":8,"lastTime":1763519953254}
{"ts":"2025-11-19T02:39:14.108Z","level":"warn","event":"bfis-snapshot-empty-data","endpoint":"logs","message":"Empty logs array received"}
{"ts":"2025-11-19T02:39:14.143Z","level":"info","event":"bfis-snapshot-read-ok","snapshotId":"f81f46a4-94a7-4831-994f-5c8f71cce00b","sessionHash":"wXwFIkMvUoWzlJ4m","unitCount":17,"newUnitsInPoll":1,"cachedUnitsTotal":17,"unitsBufferSize":243,"weaponsBufferSize":8}
{"ts":"2025-11-19T02:39:15.091Z","level":"info","event":"bfis-binary-fetch","endpoint":"units","mode":"incremental","bytes":243,"lastTime":1763519954248}
{"ts":"2025-11-19T02:39:15.101Z","level":"warn","event":"bfis-snapshot-empty-data","endpoint":"weapons","bufferSize":8,"message":"Empty or minimal weapons data received"}
{"ts":"2025-11-19T02:39:15.101Z","level":"warn","event":"bfis-unit-decode-unknown-datum-index","datumIndex":191,"unitId":16777473,"recovery":"searching-for-end-of-data-marker"}
{"ts":"2025-11-19T02:39:15.101Z","level":"warn","event":"bfis-unit-decode-unknown-datum-index","datumIndex":191,"unitId":16777985,"recovery":"searching-for-end-of-data-marker"}
{"ts":"2025-11-19T02:39:15.101Z","level":"info","event":"bfis-binary-fetch","endpoint":"weapons","mode":"incremental","bytes":8,"lastTime":1763519954259}
{"ts":"2025-11-19T02:39:15.101Z","level":"warn","event":"bfis-unit-decode-unknown-datum-index","datumIndex":191,"unitId":16778241,"recovery":"searching-for-end-of-data-marker"}
{"ts":"2025-11-19T02:39:15.112Z","level":"warn","event":"bfis-snapshot-empty-data","endpoint":"logs","message":"Empty logs array received"}
{"ts":"2025-11-19T02:39:15.152Z","level":"info","event":"bfis-snapshot-read-ok","snapshotId":"6aa1b4cd-065b-4027-a8e6-25fe536ae8b8","sessionHash":"wXwFIkMvUoWzlJ4m","unitCount":17,"newUnitsInPoll":5,"cachedUnitsTotal":17,"unitsBufferSize":243,"weaponsBufferSize":8}
{"ts":"2025-11-19T02:39:16.095Z","level":"info","event":"bfis-binary-fetch","endpoint":"units","mode":"incremental","bytes":243,"lastTime":1763519955252}
{"ts":"2025-11-19T02:39:16.106Z","level":"warn","event":"bfis-snapshot-empty-data","endpoint":"weapons","bufferSize":8,"message":"Empty or minimal weapons data received"}
{"ts":"2025-11-19T02:39:16.106Z","level":"info","event":"bfis-binary-fetch","endpoint":"weapons","mode":"incremental","bytes":8,"lastTime":1763519955261}
{"ts":"2025-11-19T02:39:16.106Z","level":"warn","event":"bfis-unit-decode-unknown-datum-index","datumIndex":191,"unitId":16777473,"recovery":"searching-for-end-of-data-marker"}
{"ts":"2025-11-19T02:39:16.106Z","level":"warn","event":"bfis-unit-decode-unknown-datum-index","datumIndex":191,"unitId":16777985,"recovery":"searching-for-end-of-data-marker"}
{"ts":"2025-11-19T02:39:16.106Z","level":"warn","event":"bfis-unit-decode-unknown-datum-index","datumIndex":191,"unitId":16778241,"recovery":"searching-for-end-of-data-marker"}
{"ts":"2025-11-19T02:39:16.117Z","level":"warn","event":"bfis-snapshot-empty-data","endpoint":"logs","message":"Empty logs array received"}
{"ts":"2025-11-19T02:39:16.158Z","level":"info","event":"bfis-snapshot-read-ok","snapshotId":"2b394eeb-4456-4130-8314-29cdb37f13f0","sessionHash":"wXwFIkMvUoWzlJ4m","unitCount":17,"newUnitsInPoll":5,"cachedUnitsTotal":17,"unitsBufferSize":243,"weaponsBufferSize":8}
{"ts":"2025-11-19T02:39:17.090Z","level":"info","event":"bfis-binary-fetch","endpoint":"units","mode":"incremental","bytes":243,"lastTime":1763519956255}
{"ts":"2025-11-19T02:39:17.103Z","level":"warn","event":"bfis-snapshot-empty-data","endpoint":"weapons","bufferSize":8,"message":"Empty or minimal weapons data received"}
{"ts":"2025-11-19T02:39:17.103Z","level":"info","event":"bfis-binary-fetch","endpoint":"weapons","mode":"incremental","bytes":8,"lastTime":1763519956266}
{"ts":"2025-11-19T02:39:17.103Z","level":"warn","event":"bfis-unit-decode-unknown-datum-index","datumIndex":191,"unitId":16777473,"recovery":"searching-for-end-of-data-marker"}
{"ts":"2025-11-19T02:39:17.103Z","level":"warn","event":"bfis-unit-decode-unknown-datum-index","datumIndex":191,"unitId":16777985,"recovery":"searching-for-end-of-data-marker"}
{"ts":"2025-11-19T02:39:17.103Z","level":"warn","event":"bfis-unit-decode-unknown-datum-index","datumIndex":191,"unitId":476057370,"recovery":"searching-for-end-of-data-marker"}
{"ts":"2025-11-19T02:39:17.103Z","level":"warn","event":"bfis-unit-decode-unknown-datum-index","datumIndex":191,"unitId":16778241,"recovery":"searching-for-end-of-data-marker"}
{"ts":"2025-11-19T02:39:17.114Z","level":"warn","event":"bfis-snapshot-empty-data","endpoint":"logs","message":"Empty logs array received"}
{"ts":"2025-11-19T02:39:17.154Z","level":"info","event":"bfis-snapshot-read-ok","snapshotId":"7a4871cd-44d6-47a1-85d6-48fdec203828","sessionHash":"wXwFIkMvUoWzlJ4m","unitCount":18,"newUnitsInPoll":6,"cachedUnitsTotal":18,"unitsBufferSize":243,"weaponsBufferSize":8}
{"ts":"2025-11-19T02:39:18.091Z","level":"info","event":"bfis-binary-fetch","endpoint":"units","mode":"incremental","bytes":243,"lastTime":1763519957250}
{"ts":"2025-11-19T02:39:18.103Z","level":"warn","event":"bfis-snapshot-empty-data","endpoint":"weapons","bufferSize":8,"message":"Empty or minimal weapons data received"}
{"ts":"2025-11-19T02:39:18.103Z","level":"info","event":"bfis-binary-fetch","endpoint":"weapons","mode":"incremental","bytes":8,"lastTime":1763519957261}
{"ts":"2025-11-19T02:39:18.104Z","level":"warn","event":"bfis-unit-decode-unknown-datum-index","datumIndex":191,"unitId":16777473,"recovery":"searching-for-end-of-data-marker"}
{"ts":"2025-11-19T02:39:18.104Z","level":"warn","event":"bfis-unit-decode-unknown-datum-index","datumIndex":191,"unitId":16777985,"recovery":"searching-for-end-of-data-marker"}
{"ts":"2025-11-19T02:39:18.104Z","level":"warn","event":"bfis-unit-decode-unknown-datum-index","datumIndex":191,"unitId":16778241,"recovery":"searching-for-end-of-data-marker"}
{"ts":"2025-11-19T02:39:18.112Z","level":"warn","event":"bfis-snapshot-empty-data","endpoint":"logs","message":"Empty logs array received"}
{"ts":"2025-11-19T02:39:18.160Z","level":"info","event":"bfis-snapshot-read-ok","snapshotId":"45d393a0-ca74-4303-8b84-52169485f703","sessionHash":"wXwFIkMvUoWzlJ4m","unitCount":18,"newUnitsInPoll":5,"cachedUnitsTotal":18,"unitsBufferSize":243,"weaponsBufferSize":8}
{"ts":"2025-11-19T02:39:19.095Z","level":"info","event":"bfis-binary-fetch","endpoint":"units","mode":"incremental","bytes":243,"lastTime":1763519958252}
{"ts":"2025-11-19T02:39:19.109Z","level":"warn","event":"bfis-snapshot-empty-data","endpoint":"weapons","bufferSize":8,"message":"Empty or minimal weapons data received"}
{"ts":"2025-11-19T02:39:19.109Z","level":"info","event":"bfis-binary-fetch","endpoint":"weapons","mode":"incremental","bytes":8,"lastTime":1763519958263}
{"ts":"2025-11-19T02:39:19.109Z","level":"warn","event":"bfis-unit-decode-unknown-datum-index","datumIndex":191,"unitId":16777473,"recovery":"searching-for-end-of-data-marker"}
{"ts":"2025-11-19T02:39:19.109Z","level":"warn","event":"bfis-unit-decode-unknown-datum-index","datumIndex":191,"unitId":16777985,"recovery":"searching-for-end-of-data-marker"}
{"ts":"2025-11-19T02:39:19.109Z","level":"warn","event":"bfis-unit-decode-unknown-datum-index","datumIndex":191,"unitId":16778241,"recovery":"searching-for-end-of-data-marker"}
{"ts":"2025-11-19T02:39:19.119Z","level":"warn","event":"bfis-snapshot-empty-data","endpoint":"logs","message":"Empty logs array received"}
{"ts":"2025-11-19T02:39:19.164Z","level":"info","event":"bfis-snapshot-read-ok","snapshotId":"31912d1f-6e43-4d83-9a6c-fa747e426468","sessionHash":"wXwFIkMvUoWzlJ4m","unitCount":18,"newUnitsInPoll":5,"cachedUnitsTotal":18,"unitsBufferSize":243,"weaponsBufferSize":8}
{"ts":"2025-11-19T02:39:20.093Z","level":"info","event":"bfis-binary-fetch","endpoint":"units","mode":"incremental","bytes":243,"lastTime":1763519959256}
{"ts":"2025-11-19T02:39:20.113Z","level":"warn","event":"bfis-snapshot-empty-data","endpoint":"weapons","bufferSize":8,"message":"Empty or minimal weapons data received"}
{"ts":"2025-11-19T02:39:20.113Z","level":"info","event":"bfis-binary-fetch","endpoint":"weapons","mode":"incremental","bytes":8,"lastTime":1763519959268}
{"ts":"2025-11-19T02:39:20.113Z","level":"warn","event":"bfis-unit-decode-unknown-datum-index","datumIndex":191,"unitId":16777473,"recovery":"searching-for-end-of-data-marker"}
{"ts":"2025-11-19T02:39:20.113Z","level":"warn","event":"bfis-unit-decode-unknown-datum-index","datumIndex":191,"unitId":16777985,"recovery":"searching-for-end-of-data-marker"}
{"ts":"2025-11-19T02:39:20.113Z","level":"warn","event":"bfis-unit-decode-unknown-datum-index","datumIndex":191,"unitId":16778241,"recovery":"searching-for-end-of-data-marker"}
{"ts":"2025-11-19T02:39:20.124Z","level":"warn","event":"bfis-snapshot-empty-data","endpoint":"logs","message":"Empty logs array received"}
{"ts":"2025-11-19T02:39:20.163Z","level":"info","event":"bfis-snapshot-read-ok","snapshotId":"3923e313-bd93-4acb-9ad1-69535bc6e817","sessionHash":"wXwFIkMvUoWzlJ4m","unitCount":18,"newUnitsInPoll":5,"cachedUnitsTotal":18,"unitsBufferSize":243,"weaponsBufferSize":8}
{"ts":"2025-11-19T02:39:21.092Z","level":"info","event":"bfis-binary-fetch","endpoint":"units","mode":"incremental","bytes":246,"lastTime":1763519960254}
{"ts":"2025-11-19T02:39:21.102Z","level":"warn","event":"bfis-snapshot-empty-data","endpoint":"weapons","bufferSize":8,"message":"Empty or minimal weapons data received"}
{"ts":"2025-11-19T02:39:21.102Z","level":"warn","event":"bfis-unit-decode-unknown-datum-index","datumIndex":191,"unitId":16777473,"recovery":"searching-for-end-of-data-marker"}
{"ts":"2025-11-19T02:39:21.102Z","level":"info","event":"bfis-binary-fetch","endpoint":"weapons","mode":"incremental","bytes":8,"lastTime":1763519960267}
{"ts":"2025-11-19T02:39:21.102Z","level":"warn","event":"bfis-unit-decode-unknown-datum-index","datumIndex":191,"unitId":16777985,"recovery":"searching-for-end-of-data-marker"}
{"ts":"2025-11-19T02:39:21.102Z","level":"warn","event":"bfis-unit-decode-unknown-datum-index","datumIndex":191,"unitId":16778241,"recovery":"searching-for-end-of-data-marker"}
{"ts":"2025-11-19T02:39:21.112Z","level":"warn","event":"bfis-snapshot-empty-data","endpoint":"logs","message":"Empty logs array received"}
{"ts":"2025-11-19T02:39:21.148Z","level":"info","event":"bfis-snapshot-read-ok","snapshotId":"c8e7cdde-51f6-4649-99b6-c87d33c7808e","sessionHash":"wXwFIkMvUoWzlJ4m","unitCount":18,"newUnitsInPoll":5,"cachedUnitsTotal":18,"unitsBufferSize":246,"weaponsBufferSize":8}
{"ts":"2025-11-19T02:39:22.095Z","level":"info","event":"bfis-binary-fetch","endpoint":"units","mode":"incremental","bytes":246,"lastTime":1763519961253}
{"ts":"2025-11-19T02:39:22.106Z","level":"info","event":"bfis-binary-fetch","endpoint":"weapons","mode":"incremental","bytes":8,"lastTime":1763519961262}
{"ts":"2025-11-19T02:39:22.106Z","level":"warn","event":"bfis-snapshot-empty-data","endpoint":"weapons","bufferSize":8,"message":"Empty or minimal weapons data received"}
{"ts":"2025-11-19T02:39:22.106Z","level":"warn","event":"bfis-unit-decode-unknown-datum-index","datumIndex":191,"unitId":16777473,"recovery":"searching-for-end-of-data-marker"}
{"ts":"2025-11-19T02:39:22.107Z","level":"warn","event":"bfis-unit-decode-unknown-datum-index","datumIndex":191,"unitId":16777985,"recovery":"searching-for-end-of-data-marker"}
{"ts":"2025-11-19T02:39:22.107Z","level":"warn","event":"bfis-unit-decode-unknown-datum-index","datumIndex":191,"unitId":16778241,"recovery":"searching-for-end-of-data-marker"}
{"ts":"2025-11-19T02:39:22.116Z","level":"warn","event":"bfis-snapshot-empty-data","endpoint":"logs","message":"Empty logs array received"}
{"ts":"2025-11-19T02:39:22.158Z","level":"info","event":"bfis-snapshot-read-ok","snapshotId":"99525ffb-82c8-4811-9b23-2ba267e04f09","sessionHash":"wXwFIkMvUoWzlJ4m","unitCount":18,"newUnitsInPoll":5,"cachedUnitsTotal":18,"unitsBufferSize":246,"weaponsBufferSize":8}
{"ts":"2025-11-19T02:39:23.096Z","level":"info","event":"bfis-binary-fetch","endpoint":"units","mode":"incremental","bytes":243,"lastTime":1763519962255}
{"ts":"2025-11-19T02:39:23.105Z","level":"warn","event":"bfis-snapshot-empty-data","endpoint":"weapons","bufferSize":8,"message":"Empty or minimal weapons data received"}
{"ts":"2025-11-19T02:39:23.106Z","level":"info","event":"bfis-binary-fetch","endpoint":"weapons","mode":"incremental","bytes":8,"lastTime":1763519962265}
{"ts":"2025-11-19T02:39:23.106Z","level":"warn","event":"bfis-unit-decode-unknown-datum-index","datumIndex":191,"unitId":16777473,"recovery":"searching-for-end-of-data-marker"}
{"ts":"2025-11-19T02:39:23.106Z","level":"warn","event":"bfis-unit-decode-unknown-datum-index","datumIndex":191,"unitId":16778241,"recovery":"searching-for-end-of-data-marker"}
{"ts":"2025-11-19T02:39:23.106Z","level":"warn","event":"bfis-unit-decode-unknown-datum-index","datumIndex":191,"unitId":16777985,"recovery":"searching-for-end-of-data-marker"}
{"ts":"2025-11-19T02:39:23.115Z","level":"warn","event":"bfis-snapshot-empty-data","endpoint":"logs","message":"Empty logs array received"}
{"ts":"2025-11-19T02:39:23.162Z","level":"info","event":"bfis-snapshot-read-ok","snapshotId":"10bea1af-9224-4af1-bcd3-3a0e05b107ad","sessionHash":"wXwFIkMvUoWzlJ4m","unitCount":18,"newUnitsInPoll":5,"cachedUnitsTotal":18,"unitsBufferSize":243,"weaponsBufferSize":8}
{"ts":"2025-11-19T02:39:24.097Z","level":"info","event":"bfis-binary-fetch","endpoint":"units","mode":"incremental","bytes":243,"lastTime":1763519963256}
{"ts":"2025-11-19T02:39:24.105Z","level":"info","event":"bfis-binary-fetch","endpoint":"weapons","mode":"incremental","bytes":8,"lastTime":1763519963266}
{"ts":"2025-11-19T02:39:24.105Z","level":"warn","event":"bfis-snapshot-empty-data","endpoint":"weapons","bufferSize":8,"message":"Empty or minimal weapons data received"}
{"ts":"2025-11-19T02:39:24.105Z","level":"warn","event":"bfis-unit-decode-unknown-datum-index","datumIndex":191,"unitId":16777473,"recovery":"searching-for-end-of-data-marker"}
{"ts":"2025-11-19T02:39:24.105Z","level":"warn","event":"bfis-unit-decode-unknown-datum-index","datumIndex":191,"unitId":16777985,"recovery":"searching-for-end-of-data-marker"}
{"ts":"2025-11-19T02:39:24.105Z","level":"warn","event":"bfis-unit-decode-unknown-datum-index","datumIndex":191,"unitId":16778241,"recovery":"searching-for-end-of-data-marker"}
{"ts":"2025-11-19T02:39:24.113Z","level":"warn","event":"bfis-snapshot-empty-data","endpoint":"logs","message":"Empty logs array received"}
{"ts":"2025-11-19T02:39:24.148Z","level":"info","event":"bfis-snapshot-read-ok","snapshotId":"7fb0d230-9b81-4efa-b530-6de133850f10","sessionHash":"wXwFIkMvUoWzlJ4m","unitCount":18,"newUnitsInPoll":5,"cachedUnitsTotal":18,"unitsBufferSize":243,"weaponsBufferSize":8}
{"ts":"2025-11-19T02:39:25.103Z","level":"info","event":"bfis-binary-fetch","endpoint":"units","mode":"incremental","bytes":243,"lastTime":1763519964259}
{"ts":"2025-11-19T02:39:25.112Z","level":"warn","event":"bfis-snapshot-empty-data","endpoint":"weapons","bufferSize":8,"message":"Empty or minimal weapons data received"}
{"ts":"2025-11-19T02:39:25.112Z","level":"info","event":"bfis-binary-fetch","endpoint":"weapons","mode":"incremental","bytes":8,"lastTime":1763519964267}
{"ts":"2025-11-19T02:39:25.113Z","level":"warn","event":"bfis-unit-decode-unknown-datum-index","datumIndex":191,"unitId":16777473,"recovery":"searching-for-end-of-data-marker"}
{"ts":"2025-11-19T02:39:25.113Z","level":"warn","event":"bfis-unit-decode-unknown-datum-index","datumIndex":191,"unitId":16777985,"recovery":"searching-for-end-of-data-marker"}
{"ts":"2025-11-19T02:39:25.113Z","level":"warn","event":"bfis-unit-decode-unknown-datum-index","datumIndex":192,"unitId":16778241,"recovery":"searching-for-end-of-data-marker"}
{"ts":"2025-11-19T02:39:25.126Z","level":"warn","event":"bfis-snapshot-empty-data","endpoint":"logs","message":"Empty logs array received"}
{"ts":"2025-11-19T02:39:25.173Z","level":"info","event":"bfis-snapshot-read-ok","snapshotId":"92354116-3c76-49ae-a23e-71b8649234b8","sessionHash":"wXwFIkMvUoWzlJ4m","unitCount":18,"newUnitsInPoll":5,"cachedUnitsTotal":18,"unitsBufferSize":243,"weaponsBufferSize":8}
{"ts":"2025-11-19T02:39:26.093Z","level":"info","event":"bfis-binary-fetch","endpoint":"units","mode":"incremental","bytes":243,"lastTime":1763519965261}
{"ts":"2025-11-19T02:39:26.104Z","level":"warn","event":"bfis-snapshot-empty-data","endpoint":"weapons","bufferSize":8,"message":"Empty or minimal weapons data received"}
{"ts":"2025-11-19T02:39:26.105Z","level":"info","event":"bfis-binary-fetch","endpoint":"weapons","mode":"incremental","bytes":8,"lastTime":1763519965273}
{"ts":"2025-11-19T02:39:26.105Z","level":"warn","event":"bfis-unit-decode-unknown-datum-index","datumIndex":191,"unitId":16777473,"recovery":"searching-for-end-of-data-marker"}
{"ts":"2025-11-19T02:39:26.105Z","level":"warn","event":"bfis-unit-decode-unknown-datum-index","datumIndex":191,"unitId":16777985,"recovery":"searching-for-end-of-data-marker"}
{"ts":"2025-11-19T02:39:26.105Z","level":"warn","event":"bfis-unit-decode-unknown-datum-index","datumIndex":191,"unitId":16778241,"recovery":"searching-for-end-of-data-marker"}
{"ts":"2025-11-19T02:39:26.115Z","level":"warn","event":"bfis-snapshot-empty-data","endpoint":"logs","message":"Empty logs array received"}
{"ts":"2025-11-19T02:39:26.168Z","level":"info","event":"bfis-snapshot-read-ok","snapshotId":"bcbc377f-10e3-4a32-ae77-51b844f2cf67","sessionHash":"wXwFIkMvUoWzlJ4m","unitCount":18,"newUnitsInPoll":5,"cachedUnitsTotal":18,"unitsBufferSize":243,"weaponsBufferSize":8}
{"ts":"2025-11-19T02:39:27.099Z","level":"info","event":"bfis-binary-fetch","endpoint":"units","mode":"incremental","bytes":243,"lastTime":1763519966254}
{"ts":"2025-11-19T02:39:27.110Z","level":"info","event":"bfis-binary-fetch","endpoint":"weapons","mode":"incremental","bytes":8,"lastTime":1763519966263}
{"ts":"2025-11-19T02:39:27.110Z","level":"warn","event":"bfis-unit-decode-unknown-datum-index","datumIndex":191,"unitId":16777473,"recovery":"searching-for-end-of-data-marker"}
{"ts":"2025-11-19T02:39:27.110Z","level":"warn","event":"bfis-unit-decode-unknown-datum-index","datumIndex":191,"unitId":16777985,"recovery":"searching-for-end-of-data-marker"}
{"ts":"2025-11-19T02:39:27.109Z","level":"warn","event":"bfis-snapshot-empty-data","endpoint":"weapons","bufferSize":8,"message":"Empty or minimal weapons data received"}
{"ts":"2025-11-19T02:39:27.110Z","level":"warn","event":"bfis-unit-decode-unknown-datum-index","datumIndex":191,"unitId":16778241,"recovery":"searching-for-end-of-data-marker"}
{"ts":"2025-11-19T02:39:27.121Z","level":"warn","event":"bfis-snapshot-empty-data","endpoint":"logs","message":"Empty logs array received"}
{"ts":"2025-11-19T02:39:27.168Z","level":"info","event":"bfis-snapshot-read-ok","snapshotId":"114bbe38-bd7b-4f17-9a15-573905f71d59","sessionHash":"wXwFIkMvUoWzlJ4m","unitCount":18,"newUnitsInPoll":5,"cachedUnitsTotal":18,"unitsBufferSize":243,"weaponsBufferSize":8}
{"ts":"2025-11-19T02:39:28.105Z","level":"info","event":"bfis-binary-fetch","endpoint":"units","mode":"incremental","bytes":243,"lastTime":1763519967259}
{"ts":"2025-11-19T02:39:28.116Z","level":"warn","event":"bfis-snapshot-empty-data","endpoint":"weapons","bufferSize":8,"message":"Empty or minimal weapons data received"}
{"ts":"2025-11-19T02:39:28.116Z","level":"info","event":"bfis-binary-fetch","endpoint":"weapons","mode":"incremental","bytes":8,"lastTime":1763519967269}
{"ts":"2025-11-19T02:39:28.133Z","level":"warn","event":"bfis-snapshot-empty-data","endpoint":"logs","message":"Empty logs array received"}
{"ts":"2025-11-19T02:39:28.171Z","level":"info","event":"bfis-snapshot-read-ok","snapshotId":"c64c531c-c4a6-469b-a301-442ef95f0c4e","sessionHash":"wXwFIkMvUoWzlJ4m","unitCount":18,"newUnitsInPoll":1,"cachedUnitsTotal":18,"unitsBufferSize":243,"weaponsBufferSize":8}
{"ts":"2025-11-19T02:39:29.110Z","level":"info","event":"bfis-binary-fetch","endpoint":"units","mode":"incremental","bytes":243,"lastTime":1763519968263}
{"ts":"2025-11-19T02:39:29.122Z","level":"warn","event":"bfis-snapshot-empty-data","endpoint":"weapons","bufferSize":8,"message":"Empty or minimal weapons data received"}
{"ts":"2025-11-19T02:39:29.122Z","level":"info","event":"bfis-binary-fetch","endpoint":"weapons","mode":"incremental","bytes":8,"lastTime":1763519968278}
{"ts":"2025-11-19T02:39:29.133Z","level":"warn","event":"bfis-snapshot-empty-data","endpoint":"logs","message":"Empty logs array received"}
{"ts":"2025-11-19T02:39:29.173Z","level":"info","event":"bfis-snapshot-read-ok","snapshotId":"74b47f87-075c-45cf-b389-3347a1ed6101","sessionHash":"wXwFIkMvUoWzlJ4m","unitCount":18,"newUnitsInPoll":1,"cachedUnitsTotal":18,"unitsBufferSize":243,"weaponsBufferSize":8}
{"ts":"2025-11-19T02:39:30.114Z","level":"info","event":"bfis-binary-fetch","endpoint":"units","mode":"incremental","bytes":243,"lastTime":1763519969268}
{"ts":"2025-11-19T02:39:30.124Z","level":"warn","event":"bfis-snapshot-empty-data","endpoint":"weapons","bufferSize":8,"message":"Empty or minimal weapons data received"}
{"ts":"2025-11-19T02:39:30.124Z","level":"info","event":"bfis-binary-fetch","endpoint":"weapons","mode":"incremental","bytes":8,"lastTime":1763519969283}
{"ts":"2025-11-19T02:39:30.134Z","level":"warn","event":"bfis-snapshot-empty-data","endpoint":"logs","message":"Empty logs array received"}
{"ts":"2025-11-19T02:39:30.203Z","level":"info","event":"bfis-snapshot-read-ok","snapshotId":"7274b3ee-6e03-4f17-8f9b-7cb57e711363","sessionHash":"wXwFIkMvUoWzlJ4m","unitCount":18,"newUnitsInPoll":1,"cachedUnitsTotal":18,"unitsBufferSize":243,"weaponsBufferSize":8}
{"ts":"2025-11-19T02:39:31.116Z","level":"info","event":"bfis-binary-fetch","endpoint":"units","mode":"incremental","bytes":243,"lastTime":1763519970275}
{"ts":"2025-11-19T02:39:31.126Z","level":"info","event":"bfis-binary-fetch","endpoint":"weapons","mode":"incremental","bytes":8,"lastTime":1763519970284}
{"ts":"2025-11-19T02:39:31.126Z","level":"warn","event":"bfis-snapshot-empty-data","endpoint":"weapons","bufferSize":8,"message":"Empty or minimal weapons data received"}
{"ts":"2025-11-19T02:39:31.138Z","level":"warn","event":"bfis-snapshot-empty-data","endpoint":"logs","message":"Empty logs array received"}
{"ts":"2025-11-19T02:39:31.199Z","level":"info","event":"bfis-snapshot-read-ok","snapshotId":"ea938729-7f7f-426e-83ba-7366ba7a0697","sessionHash":"wXwFIkMvUoWzlJ4m","unitCount":18,"newUnitsInPoll":1,"cachedUnitsTotal":18,"unitsBufferSize":243,"weaponsBufferSize":8}
{"ts":"2025-11-19T02:39:32.105Z","level":"info","event":"bfis-binary-fetch","endpoint":"units","mode":"incremental","bytes":243,"lastTime":1763519971277}
{"ts":"2025-11-19T02:39:32.136Z","level":"info","event":"bfis-binary-fetch","endpoint":"weapons","mode":"incremental","bytes":8,"lastTime":1763519971287}
{"ts":"2025-11-19T02:39:32.136Z","level":"warn","event":"bfis-snapshot-empty-data","endpoint":"weapons","bufferSize":8,"message":"Empty or minimal weapons data received"}
{"ts":"2025-11-19T02:39:32.147Z","level":"warn","event":"bfis-snapshot-empty-data","endpoint":"logs","message":"Empty logs array received"}
{"ts":"2025-11-19T02:39:32.207Z","level":"info","event":"bfis-snapshot-read-ok","snapshotId":"11bb27b0-9fda-4a1d-a338-8a8dc30708ec","sessionHash":"wXwFIkMvUoWzlJ4m","unitCount":18,"newUnitsInPoll":1,"cachedUnitsTotal":18,"unitsBufferSize":243,"weaponsBufferSize":8}
{"ts":"2025-11-19T02:39:33.124Z","level":"info","event":"bfis-binary-fetch","endpoint":"units","mode":"incremental","bytes":243,"lastTime":1763519972265}
{"ts":"2025-11-19T02:39:33.140Z","level":"warn","event":"bfis-snapshot-empty-data","endpoint":"weapons","bufferSize":8,"message":"Empty or minimal weapons data received"}
{"ts":"2025-11-19T02:39:33.140Z","level":"info","event":"bfis-binary-fetch","endpoint":"weapons","mode":"incremental","bytes":8,"lastTime":1763519972297}
{"ts":"2025-11-19T02:39:33.155Z","level":"warn","event":"bfis-snapshot-empty-data","endpoint":"logs","message":"Empty logs array received"}
{"ts":"2025-11-19T02:39:33.202Z","level":"info","event":"bfis-snapshot-read-ok","snapshotId":"791332b3-1cf4-45bc-937e-1dee01218178","sessionHash":"wXwFIkMvUoWzlJ4m","unitCount":18,"newUnitsInPoll":1,"cachedUnitsTotal":18,"unitsBufferSize":243,"weaponsBufferSize":8}
{"ts":"2025-11-19T02:39:34.102Z","level":"info","event":"bfis-binary-fetch","endpoint":"units","mode":"incremental","bytes":243,"lastTime":1763519973284}
{"ts":"2025-11-19T02:39:34.113Z","level":"info","event":"bfis-binary-fetch","endpoint":"weapons","mode":"incremental","bytes":8,"lastTime":1763519973300}
{"ts":"2025-11-19T02:39:34.113Z","level":"warn","event":"bfis-snapshot-empty-data","endpoint":"weapons","bufferSize":8,"message":"Empty or minimal weapons data received"}
{"ts":"2025-11-19T02:39:34.123Z","level":"warn","event":"bfis-snapshot-empty-data","endpoint":"logs","message":"Empty logs array received"}
{"ts":"2025-11-19T02:39:34.165Z","level":"info","event":"bfis-snapshot-read-ok","snapshotId":"531b5a6f-4e6c-4290-9312-d39ffb78e79c","sessionHash":"wXwFIkMvUoWzlJ4m","unitCount":18,"newUnitsInPoll":1,"cachedUnitsTotal":18,"unitsBufferSize":243,"weaponsBufferSize":8}
{"ts":"2025-11-19T02:39:35.106Z","level":"info","event":"bfis-binary-fetch","endpoint":"units","mode":"incremental","bytes":243,"lastTime":1763519974263}
{"ts":"2025-11-19T02:39:35.117Z","level":"warn","event":"bfis-snapshot-empty-data","endpoint":"weapons","bufferSize":8,"message":"Empty or minimal weapons data received"}
{"ts":"2025-11-19T02:39:35.117Z","level":"info","event":"bfis-binary-fetch","endpoint":"weapons","mode":"incremental","bytes":8,"lastTime":1763519974274}
{"ts":"2025-11-19T02:39:35.129Z","level":"warn","event":"bfis-snapshot-empty-data","endpoint":"logs","message":"Empty logs array received"}
{"ts":"2025-11-19T02:39:35.171Z","level":"info","event":"bfis-snapshot-read-ok","snapshotId":"7579345b-cb3b-40d8-a710-96b3e406a38b","sessionHash":"wXwFIkMvUoWzlJ4m","unitCount":18,"newUnitsInPoll":1,"cachedUnitsTotal":18,"unitsBufferSize":243,"weaponsBufferSize":8}
{"ts":"2025-11-19T02:39:36.105Z","level":"info","event":"bfis-binary-fetch","endpoint":"units","mode":"incremental","bytes":243,"lastTime":1763519975267}
{"ts":"2025-11-19T02:39:36.117Z","level":"warn","event":"bfis-snapshot-empty-data","endpoint":"weapons","bufferSize":8,"message":"Empty or minimal weapons data received"}
{"ts":"2025-11-19T02:39:36.117Z","level":"info","event":"bfis-binary-fetch","endpoint":"weapons","mode":"incremental","bytes":8,"lastTime":1763519975277}
{"ts":"2025-11-19T02:39:36.126Z","level":"warn","event":"bfis-snapshot-empty-data","endpoint":"logs","message":"Empty logs array received"}
{"ts":"2025-11-19T02:39:36.166Z","level":"info","event":"bfis-snapshot-read-ok","snapshotId":"d5eda6f4-30fa-411d-9212-c8aca73f71b5","sessionHash":"wXwFIkMvUoWzlJ4m","unitCount":18,"newUnitsInPoll":1,"cachedUnitsTotal":18,"unitsBufferSize":243,"weaponsBufferSize":8}
{"ts":"2025-11-19T02:39:37.111Z","level":"info","event":"bfis-binary-fetch","endpoint":"units","mode":"incremental","bytes":243,"lastTime":1763519976265}
{"ts":"2025-11-19T02:39:37.120Z","level":"warn","event":"bfis-snapshot-empty-data","endpoint":"weapons","bufferSize":8,"message":"Empty or minimal weapons data received"}
{"ts":"2025-11-19T02:39:37.120Z","level":"info","event":"bfis-binary-fetch","endpoint":"weapons","mode":"incremental","bytes":8,"lastTime":1763519976277}
{"ts":"2025-11-19T02:39:37.130Z","level":"warn","event":"bfis-snapshot-empty-data","endpoint":"logs","message":"Empty logs array received"}
{"ts":"2025-11-19T02:39:37.167Z","level":"info","event":"bfis-snapshot-read-ok","snapshotId":"96af014a-66af-47f1-9226-ab9d7d095d5a","sessionHash":"wXwFIkMvUoWzlJ4m","unitCount":18,"newUnitsInPoll":1,"cachedUnitsTotal":18,"unitsBufferSize":243,"weaponsBufferSize":8}
{"ts":"2025-11-19T02:39:38.113Z","level":"info","event":"bfis-binary-fetch","endpoint":"units","mode":"incremental","bytes":243,"lastTime":1763519977271}
{"ts":"2025-11-19T02:39:38.125Z","level":"warn","event":"bfis-snapshot-empty-data","endpoint":"weapons","bufferSize":8,"message":"Empty or minimal weapons data received"}
{"ts":"2025-11-19T02:39:38.125Z","level":"info","event":"bfis-binary-fetch","endpoint":"weapons","mode":"incremental","bytes":8,"lastTime":1763519977282}
{"ts":"2025-11-19T02:39:38.135Z","level":"warn","event":"bfis-snapshot-empty-data","endpoint":"logs","message":"Empty logs array received"}
{"ts":"2025-11-19T02:39:38.173Z","level":"info","event":"bfis-snapshot-read-ok","snapshotId":"527a25ea-dd7a-4937-af8f-4ebfa95680e3","sessionHash":"wXwFIkMvUoWzlJ4m","unitCount":18,"newUnitsInPoll":1,"cachedUnitsTotal":18,"unitsBufferSize":243,"weaponsBufferSize":8}
{"ts":"2025-11-19T02:39:39.108Z","level":"info","event":"bfis-binary-fetch","endpoint":"units","mode":"incremental","bytes":243,"lastTime":1763519978272}
{"ts":"2025-11-19T02:39:39.117Z","level":"warn","event":"bfis-snapshot-empty-data","endpoint":"weapons","bufferSize":8,"message":"Empty or minimal weapons data received"}
{"ts":"2025-11-19T02:39:39.118Z","level":"info","event":"bfis-binary-fetch","endpoint":"weapons","mode":"incremental","bytes":8,"lastTime":1763519978286}
{"ts":"2025-11-19T02:39:39.130Z","level":"warn","event":"bfis-snapshot-empty-data","endpoint":"logs","message":"Empty logs array received"}
{"ts":"2025-11-19T02:39:39.169Z","level":"info","event":"bfis-snapshot-read-ok","snapshotId":"daaee141-a72a-406a-a33b-596679a71419","sessionHash":"wXwFIkMvUoWzlJ4m","unitCount":18,"newUnitsInPoll":1,"cachedUnitsTotal":18,"unitsBufferSize":243,"weaponsBufferSize":8}
{"ts":"2025-11-19T02:39:40.108Z","level":"info","event":"bfis-binary-fetch","endpoint":"units","mode":"incremental","bytes":243,"lastTime":1763519979269}
{"ts":"2025-11-19T02:39:40.118Z","level":"warn","event":"bfis-snapshot-empty-data","endpoint":"weapons","bufferSize":8,"message":"Empty or minimal weapons data received"}
{"ts":"2025-11-19T02:39:40.118Z","level":"info","event":"bfis-binary-fetch","endpoint":"weapons","mode":"incremental","bytes":8,"lastTime":1763519979278}
{"ts":"2025-11-19T02:39:40.127Z","level":"warn","event":"bfis-snapshot-empty-data","endpoint":"logs","message":"Empty logs array received"}
{"ts":"2025-11-19T02:39:40.172Z","level":"info","event":"bfis-snapshot-read-ok","snapshotId":"64b410f8-7c78-4540-baba-4cb5c9f24247","sessionHash":"wXwFIkMvUoWzlJ4m","unitCount":18,"newUnitsInPoll":1,"cachedUnitsTotal":18,"unitsBufferSize":243,"weaponsBufferSize":8}
{"ts":"2025-11-19T02:39:41.112Z","level":"info","event":"bfis-binary-fetch","endpoint":"units","mode":"incremental","bytes":243,"lastTime":1763519980269}
{"ts":"2025-11-19T02:39:41.122Z","level":"warn","event":"bfis-snapshot-empty-data","endpoint":"weapons","bufferSize":8,"message":"Empty or minimal weapons data received"}
{"ts":"2025-11-19T02:39:41.122Z","level":"info","event":"bfis-binary-fetch","endpoint":"weapons","mode":"incremental","bytes":8,"lastTime":1763519980279}
{"ts":"2025-11-19T02:39:41.122Z","level":"warn","event":"bfis-unit-decode-unknown-datum-index","datumIndex":191,"unitId":16777473,"recovery":"searching-for-end-of-data-marker"}
{"ts":"2025-11-19T02:39:41.122Z","level":"warn","event":"bfis-unit-decode-unknown-datum-index","datumIndex":192,"unitId":16777985,"recovery":"searching-for-end-of-data-marker"}
{"ts":"2025-11-19T02:39:41.122Z","level":"warn","event":"bfis-unit-decode-unknown-datum-index","datumIndex":191,"unitId":16778241,"recovery":"searching-for-end-of-data-marker"}
{"ts":"2025-11-19T02:39:41.133Z","level":"warn","event":"bfis-snapshot-empty-data","endpoint":"logs","message":"Empty logs array received"}
{"ts":"2025-11-19T02:39:41.173Z","level":"info","event":"bfis-snapshot-read-ok","snapshotId":"45226f75-92e3-4af7-bc83-2b437bd758c0","sessionHash":"wXwFIkMvUoWzlJ4m","unitCount":18,"newUnitsInPoll":5,"cachedUnitsTotal":18,"unitsBufferSize":243,"weaponsBufferSize":8}
{"ts":"2025-11-19T02:39:42.115Z","level":"info","event":"bfis-binary-fetch","endpoint":"units","mode":"incremental","bytes":243,"lastTime":1763519981273}
{"ts":"2025-11-19T02:39:42.127Z","level":"warn","event":"bfis-snapshot-empty-data","endpoint":"weapons","bufferSize":8,"message":"Empty or minimal weapons data received"}
{"ts":"2025-11-19T02:39:42.127Z","level":"info","event":"bfis-binary-fetch","endpoint":"weapons","mode":"incremental","bytes":8,"lastTime":1763519981283}
{"ts":"2025-11-19T02:39:42.127Z","level":"warn","event":"bfis-unit-decode-unknown-datum-index","datumIndex":191,"unitId":16777473,"recovery":"searching-for-end-of-data-marker"}
{"ts":"2025-11-19T02:39:42.127Z","level":"warn","event":"bfis-unit-decode-unknown-datum-index","datumIndex":192,"unitId":16777985,"recovery":"searching-for-end-of-data-marker"}
{"ts":"2025-11-19T02:39:42.138Z","level":"warn","event":"bfis-snapshot-empty-data","endpoint":"logs","message":"Empty logs array received"}
{"ts":"2025-11-19T02:39:42.179Z","level":"info","event":"bfis-snapshot-read-ok","snapshotId":"376ea051-4bd6-46a3-bb6c-2b3d8cc5494a","sessionHash":"wXwFIkMvUoWzlJ4m","unitCount":19,"newUnitsInPoll":4,"cachedUnitsTotal":19,"unitsBufferSize":243,"weaponsBufferSize":8}
{"ts":"2025-11-19T02:39:43.113Z","level":"info","event":"bfis-binary-fetch","endpoint":"units","mode":"incremental","bytes":243,"lastTime":1763519982273}
{"ts":"2025-11-19T02:39:43.125Z","level":"warn","event":"bfis-snapshot-empty-data","endpoint":"weapons","bufferSize":8,"message":"Empty or minimal weapons data received"}
{"ts":"2025-11-19T02:39:43.125Z","level":"info","event":"bfis-binary-fetch","endpoint":"weapons","mode":"incremental","bytes":8,"lastTime":1763519982287}
{"ts":"2025-11-19T02:39:43.125Z","level":"warn","event":"bfis-unit-decode-unknown-datum-index","datumIndex":191,"unitId":16777473,"recovery":"searching-for-end-of-data-marker"}
{"ts":"2025-11-19T02:39:43.125Z","level":"warn","event":"bfis-unit-decode-unknown-datum-index","datumIndex":192,"unitId":16777985,"recovery":"searching-for-end-of-data-marker"}
{"ts":"2025-11-19T02:39:43.125Z","level":"warn","event":"bfis-unit-decode-unknown-datum-index","datumIndex":191,"unitId":16778241,"recovery":"searching-for-end-of-data-marker"}
{"ts":"2025-11-19T02:39:43.137Z","level":"warn","event":"bfis-snapshot-empty-data","endpoint":"logs","message":"Empty logs array received"}
{"ts":"2025-11-19T02:39:43.172Z","level":"info","event":"bfis-snapshot-read-ok","snapshotId":"f691880d-b388-4e57-9bfb-9d0fc5f7a9dc","sessionHash":"wXwFIkMvUoWzlJ4m","unitCount":19,"newUnitsInPoll":5,"cachedUnitsTotal":19,"unitsBufferSize":243,"weaponsBufferSize":8}
{"ts":"2025-11-19T02:39:44.121Z","level":"info","event":"bfis-binary-fetch","endpoint":"units","mode":"incremental","bytes":243,"lastTime":1763519983272}
{"ts":"2025-11-19T02:39:44.132Z","level":"warn","event":"bfis-snapshot-empty-data","endpoint":"weapons","bufferSize":8,"message":"Empty or minimal weapons data received"}
{"ts":"2025-11-19T02:39:44.133Z","level":"info","event":"bfis-binary-fetch","endpoint":"weapons","mode":"incremental","bytes":8,"lastTime":1763519983285}
{"ts":"2025-11-19T02:39:44.133Z","level":"warn","event":"bfis-unit-decode-unknown-datum-index","datumIndex":191,"unitId":16777473,"recovery":"searching-for-end-of-data-marker"}
{"ts":"2025-11-19T02:39:44.133Z","level":"warn","event":"bfis-unit-decode-unknown-datum-index","datumIndex":192,"unitId":16777985,"recovery":"searching-for-end-of-data-marker"}
{"ts":"2025-11-19T02:39:44.133Z","level":"warn","event":"bfis-unit-decode-unknown-datum-index","datumIndex":191,"unitId":16778241,"recovery":"searching-for-end-of-data-marker"}
{"ts":"2025-11-19T02:39:44.143Z","level":"warn","event":"bfis-snapshot-empty-data","endpoint":"logs","message":"Empty logs array received"}
{"ts":"2025-11-19T02:39:44.182Z","level":"info","event":"bfis-snapshot-read-ok","snapshotId":"68d4d524-2bb7-41e3-bec9-1bc75bf06437","sessionHash":"wXwFIkMvUoWzlJ4m","unitCount":19,"newUnitsInPoll":5,"cachedUnitsTotal":19,"unitsBufferSize":243,"weaponsBufferSize":8}
{"ts":"2025-11-19T02:39:45.116Z","level":"info","event":"bfis-binary-fetch","endpoint":"units","mode":"incremental","bytes":243,"lastTime":1763519984282}
{"ts":"2025-11-19T02:39:45.126Z","level":"warn","event":"bfis-snapshot-empty-data","endpoint":"weapons","bufferSize":8,"message":"Empty or minimal weapons data received"}
{"ts":"2025-11-19T02:39:45.126Z","level":"info","event":"bfis-binary-fetch","endpoint":"weapons","mode":"incremental","bytes":8,"lastTime":1763519984292}
{"ts":"2025-11-19T02:39:45.126Z","level":"warn","event":"bfis-unit-decode-unknown-datum-index","datumIndex":191,"unitId":16777473,"recovery":"searching-for-end-of-data-marker"}
{"ts":"2025-11-19T02:39:45.126Z","level":"warn","event":"bfis-unit-decode-unknown-datum-index","datumIndex":192,"unitId":16777985,"recovery":"searching-for-end-of-data-marker"}
{"ts":"2025-11-19T02:39:45.126Z","level":"warn","event":"bfis-unit-decode-unknown-datum-index","datumIndex":191,"unitId":16778241,"recovery":"searching-for-end-of-data-marker"}
{"ts":"2025-11-19T02:39:45.136Z","level":"warn","event":"bfis-snapshot-empty-data","endpoint":"logs","message":"Empty logs array received"}
{"ts":"2025-11-19T02:39:45.190Z","level":"info","event":"bfis-snapshot-read-ok","snapshotId":"2e672d00-5f48-4125-afc8-33bdce3c9a56","sessionHash":"wXwFIkMvUoWzlJ4m","unitCount":19,"newUnitsInPoll":5,"cachedUnitsTotal":19,"unitsBufferSize":243,"weaponsBufferSize":8}
{"ts":"2025-11-19T02:39:46.117Z","level":"info","event":"bfis-binary-fetch","endpoint":"units","mode":"incremental","bytes":243,"lastTime":1763519985277}
{"ts":"2025-11-19T02:39:46.126Z","level":"warn","event":"bfis-snapshot-empty-data","endpoint":"weapons","bufferSize":8,"message":"Empty or minimal weapons data received"}
{"ts":"2025-11-19T02:39:46.126Z","level":"info","event":"bfis-binary-fetch","endpoint":"weapons","mode":"incremental","bytes":8,"lastTime":1763519985288}
{"ts":"2025-11-19T02:39:46.126Z","level":"warn","event":"bfis-unit-decode-unknown-datum-index","datumIndex":191,"unitId":16777473,"recovery":"searching-for-end-of-data-marker"}
{"ts":"2025-11-19T02:39:46.126Z","level":"warn","event":"bfis-unit-decode-unknown-datum-index","datumIndex":192,"unitId":16777985,"recovery":"searching-for-end-of-data-marker"}
{"ts":"2025-11-19T02:39:46.126Z","level":"warn","event":"bfis-unit-decode-unknown-datum-index","datumIndex":191,"unitId":16778241,"recovery":"searching-for-end-of-data-marker"}
{"ts":"2025-11-19T02:39:46.136Z","level":"warn","event":"bfis-snapshot-empty-data","endpoint":"logs","message":"Empty logs array received"}
{"ts":"2025-11-19T02:39:46.176Z","level":"info","event":"bfis-snapshot-read-ok","snapshotId":"1d5fab9a-e704-4674-824d-0a7c6466b70f","sessionHash":"wXwFIkMvUoWzlJ4m","unitCount":19,"newUnitsInPoll":5,"cachedUnitsTotal":19,"unitsBufferSize":243,"weaponsBufferSize":8}
{"ts":"2025-11-19T02:39:47.113Z","level":"info","event":"bfis-binary-fetch","endpoint":"units","mode":"incremental","bytes":243,"lastTime":1763519986278}
{"ts":"2025-11-19T02:39:47.122Z","level":"warn","event":"bfis-snapshot-empty-data","endpoint":"weapons","bufferSize":8,"message":"Empty or minimal weapons data received"}
{"ts":"2025-11-19T02:39:47.122Z","level":"info","event":"bfis-binary-fetch","endpoint":"weapons","mode":"incremental","bytes":8,"lastTime":1763519986288}
{"ts":"2025-11-19T02:39:47.122Z","level":"warn","event":"bfis-unit-decode-unknown-datum-index","datumIndex":191,"unitId":16777473,"recovery":"searching-for-end-of-data-marker"}
{"ts":"2025-11-19T02:39:47.122Z","level":"warn","event":"bfis-unit-decode-unknown-datum-index","datumIndex":192,"unitId":16777985,"recovery":"searching-for-end-of-data-marker"}
{"ts":"2025-11-19T02:39:47.122Z","level":"warn","event":"bfis-unit-decode-unknown-datum-index","datumIndex":191,"unitId":16778241,"recovery":"searching-for-end-of-data-marker"}
{"ts":"2025-11-19T02:39:47.135Z","level":"warn","event":"bfis-snapshot-empty-data","endpoint":"logs","message":"Empty logs array received"}
{"ts":"2025-11-19T02:39:47.172Z","level":"info","event":"bfis-snapshot-read-ok","snapshotId":"3837721d-8686-4bec-93ac-9ca38192c659","sessionHash":"wXwFIkMvUoWzlJ4m","unitCount":19,"newUnitsInPoll":5,"cachedUnitsTotal":19,"unitsBufferSize":243,"weaponsBufferSize":8}
{"ts":"2025-11-19T02:39:48.115Z","level":"info","event":"bfis-binary-fetch","endpoint":"units","mode":"incremental","bytes":251,"lastTime":1763519987274}
{"ts":"2025-11-19T02:39:48.126Z","level":"warn","event":"bfis-snapshot-empty-data","endpoint":"weapons","bufferSize":8,"message":"Empty or minimal weapons data received"}
{"ts":"2025-11-19T02:39:48.126Z","level":"info","event":"bfis-binary-fetch","endpoint":"weapons","mode":"incremental","bytes":8,"lastTime":1763519987284}
{"ts":"2025-11-19T02:39:48.126Z","level":"warn","event":"bfis-unit-decode-unknown-datum-index","datumIndex":191,"unitId":16777473,"recovery":"searching-for-end-of-data-marker"}
{"ts":"2025-11-19T02:39:48.126Z","level":"warn","event":"bfis-unit-decode-unknown-datum-index","datumIndex":192,"unitId":16777985,"recovery":"searching-for-end-of-data-marker"}
{"ts":"2025-11-19T02:39:48.126Z","level":"warn","event":"bfis-unit-decode-unknown-datum-index","datumIndex":191,"unitId":16778241,"recovery":"searching-for-end-of-data-marker"}
{"ts":"2025-11-19T02:39:48.136Z","level":"warn","event":"bfis-snapshot-empty-data","endpoint":"logs","message":"Empty logs array received"}
{"ts":"2025-11-19T02:39:48.176Z","level":"info","event":"bfis-snapshot-read-ok","snapshotId":"c6723414-298f-458b-96ab-45109e7f165a","sessionHash":"wXwFIkMvUoWzlJ4m","unitCount":19,"newUnitsInPoll":5,"cachedUnitsTotal":19,"unitsBufferSize":251,"weaponsBufferSize":8}
{"ts":"2025-11-19T02:39:49.120Z","level":"info","event":"bfis-binary-fetch","endpoint":"units","mode":"incremental","bytes":243,"lastTime":1763519988275}
{"ts":"2025-11-19T02:39:49.133Z","level":"info","event":"bfis-binary-fetch","endpoint":"weapons","mode":"incremental","bytes":8,"lastTime":1763519988287}
{"ts":"2025-11-19T02:39:49.133Z","level":"warn","event":"bfis-snapshot-empty-data","endpoint":"weapons","bufferSize":8,"message":"Empty or minimal weapons data received"}
{"ts":"2025-11-19T02:39:49.133Z","level":"warn","event":"bfis-unit-decode-unknown-datum-index","datumIndex":191,"unitId":16777473,"recovery":"searching-for-end-of-data-marker"}
{"ts":"2025-11-19T02:39:49.133Z","level":"warn","event":"bfis-unit-decode-unknown-datum-index","datumIndex":192,"unitId":16777985,"recovery":"searching-for-end-of-data-marker"}
{"ts":"2025-11-19T02:39:49.133Z","level":"warn","event":"bfis-unit-decode-unknown-datum-index","datumIndex":191,"unitId":16778241,"recovery":"searching-for-end-of-data-marker"}
{"ts":"2025-11-19T02:39:49.143Z","level":"warn","event":"bfis-snapshot-empty-data","endpoint":"logs","message":"Empty logs array received"}
{"ts":"2025-11-19T02:39:49.189Z","level":"info","event":"bfis-snapshot-read-ok","snapshotId":"134774af-e39f-4721-93e4-412180783e1b","sessionHash":"wXwFIkMvUoWzlJ4m","unitCount":19,"newUnitsInPoll":5,"cachedUnitsTotal":19,"unitsBufferSize":243,"weaponsBufferSize":8}
{"ts":"2025-11-19T02:39:50.119Z","level":"info","event":"bfis-binary-fetch","endpoint":"units","mode":"incremental","bytes":243,"lastTime":1763519989280}
{"ts":"2025-11-19T02:39:50.128Z","level":"warn","event":"bfis-snapshot-empty-data","endpoint":"weapons","bufferSize":8,"message":"Empty or minimal weapons data received"}
{"ts":"2025-11-19T02:39:50.128Z","level":"info","event":"bfis-binary-fetch","endpoint":"weapons","mode":"incremental","bytes":8,"lastTime":1763519989293}
{"ts":"2025-11-19T02:39:50.128Z","level":"warn","event":"bfis-unit-decode-unknown-datum-index","datumIndex":191,"unitId":16777473,"recovery":"searching-for-end-of-data-marker"}
{"ts":"2025-11-19T02:39:50.128Z","level":"warn","event":"bfis-unit-decode-unknown-datum-index","datumIndex":192,"unitId":16777985,"recovery":"searching-for-end-of-data-marker"}
{"ts":"2025-11-19T02:39:50.128Z","level":"warn","event":"bfis-unit-decode-unknown-datum-index","datumIndex":192,"unitId":16778241,"recovery":"searching-for-end-of-data-marker"}
{"ts":"2025-11-19T02:39:50.136Z","level":"warn","event":"bfis-snapshot-empty-data","endpoint":"logs","message":"Empty logs array received"}
{"ts":"2025-11-19T02:39:50.171Z","level":"info","event":"bfis-snapshot-read-ok","snapshotId":"fb481f25-d1d4-40ab-9159-75b6760a8ff3","sessionHash":"wXwFIkMvUoWzlJ4m","unitCount":19,"newUnitsInPoll":5,"cachedUnitsTotal":19,"unitsBufferSize":243,"weaponsBufferSize":8}
{"ts":"2025-11-19T02:39:51.123Z","level":"info","event":"bfis-binary-fetch","endpoint":"units","mode":"incremental","bytes":243,"lastTime":1763519990280}
{"ts":"2025-11-19T02:39:51.137Z","level":"info","event":"bfis-binary-fetch","endpoint":"weapons","mode":"incremental","bytes":8,"lastTime":1763519990290}
{"ts":"2025-11-19T02:39:51.137Z","level":"warn","event":"bfis-snapshot-empty-data","endpoint":"weapons","bufferSize":8,"message":"Empty or minimal weapons data received"}
{"ts":"2025-11-19T02:39:51.137Z","level":"warn","event":"bfis-unit-decode-unknown-datum-index","datumIndex":191,"unitId":16777473,"recovery":"searching-for-end-of-data-marker"}
{"ts":"2025-11-19T02:39:51.137Z","level":"warn","event":"bfis-unit-decode-unknown-datum-index","datumIndex":192,"unitId":16777985,"recovery":"searching-for-end-of-data-marker"}
{"ts":"2025-11-19T02:39:51.137Z","level":"warn","event":"bfis-unit-decode-unknown-datum-index","datumIndex":192,"unitId":16778241,"recovery":"searching-for-end-of-data-marker"}
{"ts":"2025-11-19T02:39:51.146Z","level":"warn","event":"bfis-snapshot-empty-data","endpoint":"logs","message":"Empty logs array received"}
{"ts":"2025-11-19T02:39:51.185Z","level":"info","event":"bfis-snapshot-read-ok","snapshotId":"2905260c-def8-457a-b533-cfdc0ad62f0f","sessionHash":"wXwFIkMvUoWzlJ4m","unitCount":19,"newUnitsInPoll":5,"cachedUnitsTotal":19,"unitsBufferSize":243,"weaponsBufferSize":8}
{"ts":"2025-11-19T02:39:52.147Z","level":"info","event":"bfis-binary-fetch","endpoint":"units","mode":"incremental","bytes":243,"lastTime":1763519991283}
{"ts":"2025-11-19T02:39:52.164Z","level":"warn","event":"bfis-snapshot-empty-data","endpoint":"weapons","bufferSize":8,"message":"Empty or minimal weapons data received"}
{"ts":"2025-11-19T02:39:52.164Z","level":"info","event":"bfis-binary-fetch","endpoint":"weapons","mode":"incremental","bytes":8,"lastTime":1763519991295}
{"ts":"2025-11-19T02:39:52.164Z","level":"warn","event":"bfis-unit-decode-unknown-datum-index","datumIndex":191,"unitId":16777473,"recovery":"searching-for-end-of-data-marker"}
{"ts":"2025-11-19T02:39:52.165Z","level":"warn","event":"bfis-unit-decode-unknown-datum-index","datumIndex":192,"unitId":16777985,"recovery":"searching-for-end-of-data-marker"}
{"ts":"2025-11-19T02:39:52.165Z","level":"warn","event":"bfis-unit-decode-unknown-datum-index","datumIndex":192,"unitId":16778241,"recovery":"searching-for-end-of-data-marker"}
{"ts":"2025-11-19T02:39:52.174Z","level":"warn","event":"bfis-snapshot-empty-data","endpoint":"logs","message":"Empty logs array received"}
{"ts":"2025-11-19T02:39:52.215Z","level":"info","event":"bfis-snapshot-read-ok","snapshotId":"8b5ae9b0-3a57-4cb6-899c-a24f244b6e75","sessionHash":"wXwFIkMvUoWzlJ4m","unitCount":19,"newUnitsInPoll":5,"cachedUnitsTotal":19,"unitsBufferSize":243,"weaponsBufferSize":8}
{"ts":"2025-11-19T02:39:53.120Z","level":"info","event":"bfis-binary-fetch","endpoint":"units","mode":"incremental","bytes":246,"lastTime":1763519992308}
{"ts":"2025-11-19T02:39:53.130Z","level":"warn","event":"bfis-snapshot-empty-data","endpoint":"weapons","bufferSize":8,"message":"Empty or minimal weapons data received"}
{"ts":"2025-11-19T02:39:53.130Z","level":"info","event":"bfis-binary-fetch","endpoint":"weapons","mode":"incremental","bytes":8,"lastTime":1763519992323}
{"ts":"2025-11-19T02:39:53.130Z","level":"warn","event":"bfis-unit-decode-unknown-datum-index","datumIndex":191,"unitId":16777473,"recovery":"searching-for-end-of-data-marker"}
{"ts":"2025-11-19T02:39:53.131Z","level":"warn","event":"bfis-unit-decode-unknown-datum-index","datumIndex":192,"unitId":16777985,"recovery":"searching-for-end-of-data-marker"}
{"ts":"2025-11-19T02:39:53.131Z","level":"warn","event":"bfis-unit-decode-unknown-datum-index","datumIndex":192,"unitId":16778241,"recovery":"searching-for-end-of-data-marker"}
{"ts":"2025-11-19T02:39:53.140Z","level":"warn","event":"bfis-snapshot-empty-data","endpoint":"logs","message":"Empty logs array received"}
{"ts":"2025-11-19T02:39:53.184Z","level":"info","event":"bfis-snapshot-read-ok","snapshotId":"149d090e-e4db-475c-a5d1-fe6b309a4f2f","sessionHash":"wXwFIkMvUoWzlJ4m","unitCount":19,"newUnitsInPoll":5,"cachedUnitsTotal":19,"unitsBufferSize":246,"weaponsBufferSize":8}
{"ts":"2025-11-19T02:39:54.124Z","level":"info","event":"bfis-binary-fetch","endpoint":"units","mode":"incremental","bytes":243,"lastTime":1763519993280}
{"ts":"2025-11-19T02:39:54.133Z","level":"warn","event":"bfis-snapshot-empty-data","endpoint":"weapons","bufferSize":8,"message":"Empty or minimal weapons data received"}
{"ts":"2025-11-19T02:39:54.133Z","level":"info","event":"bfis-binary-fetch","endpoint":"weapons","mode":"incremental","bytes":8,"lastTime":1763519993291}
{"ts":"2025-11-19T02:39:54.134Z","level":"warn","event":"bfis-unit-decode-unknown-datum-index","datumIndex":191,"unitId":16777473,"recovery":"searching-for-end-of-data-marker"}
{"ts":"2025-11-19T02:39:54.134Z","level":"warn","event":"bfis-unit-decode-unknown-datum-index","datumIndex":192,"unitId":16777985,"recovery":"searching-for-end-of-data-marker"}
{"ts":"2025-11-19T02:39:54.134Z","level":"warn","event":"bfis-unit-decode-unknown-datum-index","datumIndex":192,"unitId":16778241,"recovery":"searching-for-end-of-data-marker"}
{"ts":"2025-11-19T02:39:54.144Z","level":"warn","event":"bfis-snapshot-empty-data","endpoint":"logs","message":"Empty logs array received"}
{"ts":"2025-11-19T02:39:54.198Z","level":"info","event":"bfis-snapshot-read-ok","snapshotId":"6feb6b7d-42c1-42d6-bc49-76a3a39d7796","sessionHash":"wXwFIkMvUoWzlJ4m","unitCount":19,"newUnitsInPoll":5,"cachedUnitsTotal":19,"unitsBufferSize":243,"weaponsBufferSize":8}
{"ts":"2025-11-19T02:39:55.122Z","level":"info","event":"bfis-binary-fetch","endpoint":"units","mode":"incremental","bytes":243,"lastTime":1763519994286}
{"ts":"2025-11-19T02:39:55.132Z","level":"warn","event":"bfis-snapshot-empty-data","endpoint":"weapons","bufferSize":8,"message":"Empty or minimal weapons data received"}
{"ts":"2025-11-19T02:39:55.132Z","level":"info","event":"bfis-binary-fetch","endpoint":"weapons","mode":"incremental","bytes":8,"lastTime":1763519994295}
{"ts":"2025-11-19T02:39:55.132Z","level":"warn","event":"bfis-unit-decode-unknown-datum-index","datumIndex":191,"unitId":16777473,"recovery":"searching-for-end-of-data-marker"}
{"ts":"2025-11-19T02:39:55.132Z","level":"warn","event":"bfis-unit-decode-unknown-datum-index","datumIndex":191,"unitId":16777985,"recovery":"searching-for-end-of-data-marker"}
{"ts":"2025-11-19T02:39:55.132Z","level":"warn","event":"bfis-unit-decode-unknown-datum-index","datumIndex":192,"unitId":16778241,"recovery":"searching-for-end-of-data-marker"}
{"ts":"2025-11-19T02:39:55.142Z","level":"warn","event":"bfis-snapshot-empty-data","endpoint":"logs","message":"Empty logs array received"}
{"ts":"2025-11-19T02:39:55.180Z","level":"info","event":"bfis-snapshot-read-ok","snapshotId":"f6fc3f83-3120-45d9-9f76-ac333c707c0c","sessionHash":"wXwFIkMvUoWzlJ4m","unitCount":19,"newUnitsInPoll":5,"cachedUnitsTotal":19,"unitsBufferSize":243,"weaponsBufferSize":8}
{"ts":"2025-11-19T02:39:56.126Z","level":"info","event":"bfis-binary-fetch","endpoint":"units","mode":"incremental","bytes":243,"lastTime":1763519995282}
{"ts":"2025-11-19T02:39:56.140Z","level":"warn","event":"bfis-snapshot-empty-data","endpoint":"weapons","bufferSize":8,"message":"Empty or minimal weapons data received"}
{"ts":"2025-11-19T02:39:56.141Z","level":"info","event":"bfis-binary-fetch","endpoint":"weapons","mode":"incremental","bytes":8,"lastTime":1763519995292}
{"ts":"2025-11-19T02:39:56.141Z","level":"warn","event":"bfis-unit-decode-unknown-datum-index","datumIndex":191,"unitId":16777473,"recovery":"searching-for-end-of-data-marker"}
{"ts":"2025-11-19T02:39:56.141Z","level":"warn","event":"bfis-unit-decode-unknown-datum-index","datumIndex":191,"unitId":16777985,"recovery":"searching-for-end-of-data-marker"}
{"ts":"2025-11-19T02:39:56.141Z","level":"warn","event":"bfis-unit-decode-unknown-datum-index","datumIndex":192,"unitId":16778241,"recovery":"searching-for-end-of-data-marker"}
{"ts":"2025-11-19T02:39:56.154Z","level":"warn","event":"bfis-snapshot-empty-data","endpoint":"logs","message":"Empty logs array received"}
{"ts":"2025-11-19T02:39:56.196Z","level":"info","event":"bfis-snapshot-read-ok","snapshotId":"617fb4f8-8d61-4996-999d-b0f4d22fbb83","sessionHash":"wXwFIkMvUoWzlJ4m","unitCount":19,"newUnitsInPoll":5,"cachedUnitsTotal":19,"unitsBufferSize":243,"weaponsBufferSize":8}
{"ts":"2025-11-19T02:39:57.121Z","level":"info","event":"bfis-binary-fetch","endpoint":"units","mode":"incremental","bytes":246,"lastTime":1763519996286}
{"ts":"2025-11-19T02:39:57.130Z","level":"warn","event":"bfis-snapshot-empty-data","endpoint":"weapons","bufferSize":8,"message":"Empty or minimal weapons data received"}
{"ts":"2025-11-19T02:39:57.130Z","level":"info","event":"bfis-binary-fetch","endpoint":"weapons","mode":"incremental","bytes":8,"lastTime":1763519996300}
{"ts":"2025-11-19T02:39:57.130Z","level":"warn","event":"bfis-unit-decode-unknown-datum-index","datumIndex":191,"unitId":16777473,"recovery":"searching-for-end-of-data-marker"}
{"ts":"2025-11-19T02:39:57.130Z","level":"warn","event":"bfis-unit-decode-unknown-datum-index","datumIndex":191,"unitId":16777985,"recovery":"searching-for-end-of-data-marker"}
{"ts":"2025-11-19T02:39:57.130Z","level":"warn","event":"bfis-unit-decode-unknown-datum-index","datumIndex":192,"unitId":16778241,"recovery":"searching-for-end-of-data-marker"}
{"ts":"2025-11-19T02:39:57.141Z","level":"warn","event":"bfis-snapshot-empty-data","endpoint":"logs","message":"Empty logs array received"}
{"ts":"2025-11-19T02:39:57.183Z","level":"info","event":"bfis-snapshot-read-ok","snapshotId":"b29a30f7-f7f7-4b32-a790-6f8b2a008a0c","sessionHash":"wXwFIkMvUoWzlJ4m","unitCount":19,"newUnitsInPoll":5,"cachedUnitsTotal":19,"unitsBufferSize":246,"weaponsBufferSize":8}
{"ts":"2025-11-19T02:39:58.126Z","level":"info","event":"bfis-binary-fetch","endpoint":"units","mode":"incremental","bytes":243,"lastTime":1763519997282}
{"ts":"2025-11-19T02:39:58.137Z","level":"warn","event":"bfis-snapshot-empty-data","endpoint":"weapons","bufferSize":8,"message":"Empty or minimal weapons data received"}
{"ts":"2025-11-19T02:39:58.137Z","level":"info","event":"bfis-binary-fetch","endpoint":"weapons","mode":"incremental","bytes":8,"lastTime":1763519997291}
{"ts":"2025-11-19T02:39:58.137Z","level":"warn","event":"bfis-unit-decode-unknown-datum-index","datumIndex":191,"unitId":16777473,"recovery":"searching-for-end-of-data-marker"}
{"ts":"2025-11-19T02:39:58.137Z","level":"warn","event":"bfis-unit-decode-unknown-datum-index","datumIndex":191,"unitId":16777985,"recovery":"searching-for-end-of-data-marker"}
{"ts":"2025-11-19T02:39:58.138Z","level":"warn","event":"bfis-unit-decode-unknown-datum-index","datumIndex":192,"unitId":16778241,"recovery":"searching-for-end-of-data-marker"}
{"ts":"2025-11-19T02:39:58.151Z","level":"warn","event":"bfis-snapshot-empty-data","endpoint":"logs","message":"Empty logs array received"}
{"ts":"2025-11-19T02:39:58.190Z","level":"info","event":"bfis-snapshot-read-ok","snapshotId":"c0648f7a-64ae-471b-94be-526fa85223d0","sessionHash":"wXwFIkMvUoWzlJ4m","unitCount":19,"newUnitsInPoll":5,"cachedUnitsTotal":19,"unitsBufferSize":243,"weaponsBufferSize":8}
{"ts":"2025-11-19T02:39:59.122Z","level":"info","event":"bfis-binary-fetch","endpoint":"units","mode":"incremental","bytes":243,"lastTime":1763519998286}
{"ts":"2025-11-19T02:39:59.130Z","level":"info","event":"bfis-binary-fetch","endpoint":"weapons","mode":"incremental","bytes":8,"lastTime":1763519998297}
{"ts":"2025-11-19T02:39:59.130Z","level":"warn","event":"bfis-unit-decode-unknown-datum-index","datumIndex":191,"unitId":16777473,"recovery":"searching-for-end-of-data-marker"}
{"ts":"2025-11-19T02:39:59.130Z","level":"warn","event":"bfis-snapshot-empty-data","endpoint":"weapons","bufferSize":8,"message":"Empty or minimal weapons data received"}
{"ts":"2025-11-19T02:39:59.130Z","level":"warn","event":"bfis-unit-decode-unknown-datum-index","datumIndex":191,"unitId":16777985,"recovery":"searching-for-end-of-data-marker"}
{"ts":"2025-11-19T02:39:59.130Z","level":"warn","event":"bfis-unit-decode-unknown-datum-index","datumIndex":192,"unitId":16778241,"recovery":"searching-for-end-of-data-marker"}
{"ts":"2025-11-19T02:39:59.138Z","level":"warn","event":"bfis-snapshot-empty-data","endpoint":"logs","message":"Empty logs array received"}
{"ts":"2025-11-19T02:39:59.170Z","level":"info","event":"bfis-snapshot-read-ok","snapshotId":"73921772-d3cf-4194-bb48-7e7a724eb71b","sessionHash":"wXwFIkMvUoWzlJ4m","unitCount":19,"newUnitsInPoll":5,"cachedUnitsTotal":19,"unitsBufferSize":243,"weaponsBufferSize":8}
{"ts":"2025-11-19T02:40:00.131Z","level":"info","event":"bfis-binary-fetch","endpoint":"units","mode":"incremental","bytes":243,"lastTime":1763519999284}
{"ts":"2025-11-19T02:40:00.142Z","level":"warn","event":"bfis-snapshot-empty-data","endpoint":"weapons","bufferSize":8,"message":"Empty or minimal weapons data received"}
{"ts":"2025-11-19T02:40:00.142Z","level":"info","event":"bfis-binary-fetch","endpoint":"weapons","mode":"incremental","bytes":8,"lastTime":1763519999292}
{"ts":"2025-11-19T02:40:00.142Z","level":"warn","event":"bfis-unit-decode-unknown-datum-index","datumIndex":191,"unitId":16777473,"recovery":"searching-for-end-of-data-marker"}
{"ts":"2025-11-19T02:40:00.142Z","level":"warn","event":"bfis-unit-decode-unknown-datum-index","datumIndex":191,"unitId":16777985,"recovery":"searching-for-end-of-data-marker"}
{"ts":"2025-11-19T02:40:00.142Z","level":"warn","event":"bfis-unit-decode-unknown-datum-index","datumIndex":191,"unitId":16778241,"recovery":"searching-for-end-of-data-marker"}
{"ts":"2025-11-19T02:40:00.152Z","level":"warn","event":"bfis-snapshot-empty-data","endpoint":"logs","message":"Empty logs array received"}
{"ts":"2025-11-19T02:40:00.185Z","level":"info","event":"bfis-snapshot-read-ok","snapshotId":"d6bfdf8f-230c-4bef-8904-dfa8bbbdaf23","sessionHash":"wXwFIkMvUoWzlJ4m","unitCount":19,"newUnitsInPoll":5,"cachedUnitsTotal":19,"unitsBufferSize":243,"weaponsBufferSize":8}
{"ts":"2025-11-19T02:40:01.122Z","level":"info","event":"bfis-binary-fetch","endpoint":"units","mode":"incremental","bytes":243,"lastTime":1763520000292}
{"ts":"2025-11-19T02:40:01.130Z","level":"warn","event":"bfis-snapshot-empty-data","endpoint":"weapons","bufferSize":8,"message":"Empty or minimal weapons data received"}
{"ts":"2025-11-19T02:40:01.130Z","level":"info","event":"bfis-binary-fetch","endpoint":"weapons","mode":"incremental","bytes":8,"lastTime":1763520000303}
{"ts":"2025-11-19T02:40:01.130Z","level":"warn","event":"bfis-unit-decode-unknown-datum-index","datumIndex":191,"unitId":16777473,"recovery":"searching-for-end-of-data-marker"}
{"ts":"2025-11-19T02:40:01.130Z","level":"warn","event":"bfis-unit-decode-unknown-datum-index","datumIndex":191,"unitId":16777985,"recovery":"searching-for-end-of-data-marker"}
{"ts":"2025-11-19T02:40:01.130Z","level":"warn","event":"bfis-unit-decode-unknown-datum-index","datumIndex":191,"unitId":16778241,"recovery":"searching-for-end-of-data-marker"}
{"ts":"2025-11-19T02:40:01.142Z","level":"warn","event":"bfis-snapshot-empty-data","endpoint":"logs","message":"Empty logs array received"}
{"ts":"2025-11-19T02:40:01.198Z","level":"info","event":"bfis-snapshot-read-ok","snapshotId":"5c75a462-caec-4d83-8503-a23d8640805d","sessionHash":"wXwFIkMvUoWzlJ4m","unitCount":19,"newUnitsInPoll":5,"cachedUnitsTotal":19,"unitsBufferSize":243,"weaponsBufferSize":8}
{"ts":"2025-11-19T02:40:01.678Z","level":"warn","event":"bfis-unit-decode-unknown-datum-index","datumIndex":191,"unitId":16777473,"recovery":"searching-for-end-of-data-marker"}
{"ts":"2025-11-19T02:40:01.679Z","level":"warn","event":"bfis-unit-decode-unknown-datum-index","datumIndex":104,"unitId":16777729,"recovery":"searching-for-end-of-data-marker"}
{"ts":"2025-11-19T02:40:01.679Z","level":"warn","event":"bfis-unit-decode-unknown-datum-index","datumIndex":191,"unitId":16777985,"recovery":"searching-for-end-of-data-marker"}
{"ts":"2025-11-19T02:40:01.679Z","level":"warn","event":"bfis-unit-decode-unknown-datum-index","datumIndex":191,"unitId":16778241,"recovery":"searching-for-end-of-data-marker"}
{"ts":"2025-11-19T02:40:01.688Z","level":"info","event":"bfis-context-snapshot-ok","snapshotId":"c43a841a-8e4c-4d58-a122-84892e1b070f","sessionHash":"wXwFIkMvUoWzlJ4m","unitCount":5,"airbaseCount":17,"bullseyeCount":3,"spotCount":1,"drawingCount":0,"logCount":10,"weaponCount":0}
{"ts":"2025-11-19T02:40:02.127Z","level":"info","event":"bfis-binary-fetch","endpoint":"units","mode":"incremental","bytes":243,"lastTime":1763520001284}
{"ts":"2025-11-19T02:40:02.138Z","level":"warn","event":"bfis-snapshot-empty-data","endpoint":"weapons","bufferSize":8,"message":"Empty or minimal weapons data received"}
{"ts":"2025-11-19T02:40:02.139Z","level":"info","event":"bfis-binary-fetch","endpoint":"weapons","mode":"incremental","bytes":8,"lastTime":1763520001292}
{"ts":"2025-11-19T02:40:02.139Z","level":"warn","event":"bfis-unit-decode-unknown-datum-index","datumIndex":191,"unitId":16777473,"recovery":"searching-for-end-of-data-marker"}
{"ts":"2025-11-19T02:40:02.139Z","level":"warn","event":"bfis-unit-decode-unknown-datum-index","datumIndex":191,"unitId":16777985,"recovery":"searching-for-end-of-data-marker"}
{"ts":"2025-11-19T02:40:02.139Z","level":"warn","event":"bfis-unit-decode-unknown-datum-index","datumIndex":191,"unitId":16778241,"recovery":"searching-for-end-of-data-marker"}
{"ts":"2025-11-19T02:40:02.148Z","level":"warn","event":"bfis-snapshot-empty-data","endpoint":"logs","message":"Empty logs array received"}
{"ts":"2025-11-19T02:40:02.201Z","level":"info","event":"bfis-snapshot-read-ok","snapshotId":"ca042fd4-9e24-4cba-9f2f-8d6e301b9511","sessionHash":"wXwFIkMvUoWzlJ4m","unitCount":20,"newUnitsInPoll":5,"cachedUnitsTotal":20,"unitsBufferSize":243,"weaponsBufferSize":8}
{"ts":"2025-11-19T02:40:03.125Z","level":"info","event":"bfis-binary-fetch","endpoint":"units","mode":"incremental","bytes":243,"lastTime":1763520002288}
{"ts":"2025-11-19T02:40:03.135Z","level":"warn","event":"bfis-snapshot-empty-data","endpoint":"weapons","bufferSize":8,"message":"Empty or minimal weapons data received"}
{"ts":"2025-11-19T02:40:03.135Z","level":"info","event":"bfis-binary-fetch","endpoint":"weapons","mode":"incremental","bytes":8,"lastTime":1763520002299}
{"ts":"2025-11-19T02:40:03.135Z","level":"warn","event":"bfis-unit-decode-unknown-datum-index","datumIndex":191,"unitId":16777473,"recovery":"searching-for-end-of-data-marker"}
{"ts":"2025-11-19T02:40:03.136Z","level":"warn","event":"bfis-unit-decode-unknown-datum-index","datumIndex":191,"unitId":16777985,"recovery":"searching-for-end-of-data-marker"}
{"ts":"2025-11-19T02:40:03.136Z","level":"warn","event":"bfis-unit-decode-unknown-datum-index","datumIndex":191,"unitId":16778241,"recovery":"searching-for-end-of-data-marker"}
{"ts":"2025-11-19T02:40:03.147Z","level":"warn","event":"bfis-snapshot-empty-data","endpoint":"logs","message":"Empty logs array received"}
{"ts":"2025-11-19T02:40:03.189Z","level":"info","event":"bfis-snapshot-read-ok","snapshotId":"3eeb4a4f-e5be-4c40-babd-5096018b10df","sessionHash":"wXwFIkMvUoWzlJ4m","unitCount":20,"newUnitsInPoll":5,"cachedUnitsTotal":20,"unitsBufferSize":243,"weaponsBufferSize":8}
{"ts":"2025-11-19T02:40:04.131Z","level":"info","event":"bfis-binary-fetch","endpoint":"units","mode":"incremental","bytes":243,"lastTime":1763520003286}
{"ts":"2025-11-19T02:40:04.141Z","level":"warn","event":"bfis-snapshot-empty-data","endpoint":"weapons","bufferSize":8,"message":"Empty or minimal weapons data received"}
{"ts":"2025-11-19T02:40:04.141Z","level":"info","event":"bfis-binary-fetch","endpoint":"weapons","mode":"incremental","bytes":8,"lastTime":1763520003296}
{"ts":"2025-11-19T02:40:04.141Z","level":"warn","event":"bfis-unit-decode-unknown-datum-index","datumIndex":191,"unitId":16777473,"recovery":"searching-for-end-of-data-marker"}
{"ts":"2025-11-19T02:40:04.141Z","level":"warn","event":"bfis-unit-decode-unknown-datum-index","datumIndex":191,"unitId":16777985,"recovery":"searching-for-end-of-data-marker"}
{"ts":"2025-11-19T02:40:04.141Z","level":"warn","event":"bfis-unit-decode-unknown-datum-index","datumIndex":191,"unitId":16778241,"recovery":"searching-for-end-of-data-marker"}
{"ts":"2025-11-19T02:40:04.151Z","level":"warn","event":"bfis-snapshot-empty-data","endpoint":"logs","message":"Empty logs array received"}
{"ts":"2025-11-19T02:40:04.193Z","level":"info","event":"bfis-snapshot-read-ok","snapshotId":"02e9e0d6-8b5e-4ea9-9cbb-94a111906868","sessionHash":"wXwFIkMvUoWzlJ4m","unitCount":20,"newUnitsInPoll":5,"cachedUnitsTotal":20,"unitsBufferSize":243,"weaponsBufferSize":8}
{"ts":"2025-11-19T02:40:05.124Z","level":"info","event":"bfis-binary-fetch","endpoint":"units","mode":"incremental","bytes":243,"lastTime":1763520004289}
{"ts":"2025-11-19T02:40:05.136Z","level":"warn","event":"bfis-snapshot-empty-data","endpoint":"weapons","bufferSize":8,"message":"Empty or minimal weapons data received"}
{"ts":"2025-11-19T02:40:05.136Z","level":"info","event":"bfis-binary-fetch","endpoint":"weapons","mode":"incremental","bytes":8,"lastTime":1763520004302}
{"ts":"2025-11-19T02:40:05.136Z","level":"warn","event":"bfis-unit-decode-unknown-datum-index","datumIndex":191,"unitId":16777473,"recovery":"searching-for-end-of-data-marker"}
{"ts":"2025-11-19T02:40:05.136Z","level":"warn","event":"bfis-unit-decode-unknown-datum-index","datumIndex":191,"unitId":16777985,"recovery":"searching-for-end-of-data-marker"}
{"ts":"2025-11-19T02:40:05.136Z","level":"warn","event":"bfis-unit-decode-unknown-datum-index","datumIndex":191,"unitId":16778241,"recovery":"searching-for-end-of-data-marker"}
{"ts":"2025-11-19T02:40:05.145Z","level":"warn","event":"bfis-snapshot-empty-data","endpoint":"logs","message":"Empty logs array received"}
{"ts":"2025-11-19T02:40:05.190Z","level":"info","event":"bfis-snapshot-read-ok","snapshotId":"685aa79c-dc3c-44a0-a72b-f71b5ce0d9b8","sessionHash":"wXwFIkMvUoWzlJ4m","unitCount":20,"newUnitsInPoll":5,"cachedUnitsTotal":20,"unitsBufferSize":243,"weaponsBufferSize":8}
{"ts":"2025-11-19T02:40:06.126Z","level":"info","event":"bfis-binary-fetch","endpoint":"units","mode":"incremental","bytes":243,"lastTime":1763520005286}
{"ts":"2025-11-19T02:40:06.137Z","level":"warn","event":"bfis-snapshot-empty-data","endpoint":"weapons","bufferSize":8,"message":"Empty or minimal weapons data received"}
{"ts":"2025-11-19T02:40:06.138Z","level":"info","event":"bfis-binary-fetch","endpoint":"weapons","mode":"incremental","bytes":8,"lastTime":1763520005297}
{"ts":"2025-11-19T02:40:06.138Z","level":"warn","event":"bfis-unit-decode-unknown-datum-index","datumIndex":191,"unitId":16777473,"recovery":"searching-for-end-of-data-marker"}
{"ts":"2025-11-19T02:40:06.138Z","level":"warn","event":"bfis-unit-decode-unknown-datum-index","datumIndex":191,"unitId":16778241,"recovery":"searching-for-end-of-data-marker"}
{"ts":"2025-11-19T02:40:06.138Z","level":"warn","event":"bfis-unit-decode-unknown-datum-index","datumIndex":191,"unitId":16777985,"recovery":"searching-for-end-of-data-marker"}
{"ts":"2025-11-19T02:40:06.146Z","level":"warn","event":"bfis-snapshot-empty-data","endpoint":"logs","message":"Empty logs array received"}
{"ts":"2025-11-19T02:40:06.188Z","level":"info","event":"bfis-snapshot-read-ok","snapshotId":"e1e1d09f-ad45-4208-85a8-66b3efa21621","sessionHash":"wXwFIkMvUoWzlJ4m","unitCount":20,"newUnitsInPoll":5,"cachedUnitsTotal":20,"unitsBufferSize":243,"weaponsBufferSize":8}
{"ts":"2025-11-19T02:40:07.128Z","level":"info","event":"bfis-binary-fetch","endpoint":"units","mode":"incremental","bytes":243,"lastTime":1763520006289}
{"ts":"2025-11-19T02:40:07.137Z","level":"warn","event":"bfis-snapshot-empty-data","endpoint":"weapons","bufferSize":8,"message":"Empty or minimal weapons data received"}
{"ts":"2025-11-19T02:40:07.137Z","level":"info","event":"bfis-binary-fetch","endpoint":"weapons","mode":"incremental","bytes":8,"lastTime":1763520006297}
{"ts":"2025-11-19T02:40:07.137Z","level":"warn","event":"bfis-unit-decode-unknown-datum-index","datumIndex":191,"unitId":16777473,"recovery":"searching-for-end-of-data-marker"}
{"ts":"2025-11-19T02:40:07.138Z","level":"warn","event":"bfis-unit-decode-unknown-datum-index","datumIndex":191,"unitId":16777985,"recovery":"searching-for-end-of-data-marker"}
{"ts":"2025-11-19T02:40:07.138Z","level":"warn","event":"bfis-unit-decode-unknown-datum-index","datumIndex":191,"unitId":16778241,"recovery":"searching-for-end-of-data-marker"}
{"ts":"2025-11-19T02:40:07.147Z","level":"warn","event":"bfis-snapshot-empty-data","endpoint":"logs","message":"Empty logs array received"}
{"ts":"2025-11-19T02:40:07.185Z","level":"info","event":"bfis-snapshot-read-ok","snapshotId":"21088991-00ee-4902-9978-14c5a09e0c95","sessionHash":"wXwFIkMvUoWzlJ4m","unitCount":21,"newUnitsInPoll":6,"cachedUnitsTotal":21,"unitsBufferSize":243,"weaponsBufferSize":8}
{"ts":"2025-11-19T02:40:08.137Z","level":"info","event":"bfis-binary-fetch","endpoint":"units","mode":"incremental","bytes":243,"lastTime":1763520007289}
{"ts":"2025-11-19T02:40:08.148Z","level":"warn","event":"bfis-snapshot-empty-data","endpoint":"weapons","bufferSize":8,"message":"Empty or minimal weapons data received"}
{"ts":"2025-11-19T02:40:08.148Z","level":"info","event":"bfis-binary-fetch","endpoint":"weapons","mode":"incremental","bytes":8,"lastTime":1763520007299}
{"ts":"2025-11-19T02:40:08.148Z","level":"warn","event":"bfis-unit-decode-unknown-datum-index","datumIndex":191,"unitId":16777473,"recovery":"searching-for-end-of-data-marker"}
{"ts":"2025-11-19T02:40:08.148Z","level":"warn","event":"bfis-unit-decode-unknown-datum-index","datumIndex":191,"unitId":16778241,"recovery":"searching-for-end-of-data-marker"}
{"ts":"2025-11-19T02:40:08.148Z","level":"warn","event":"bfis-unit-decode-unknown-datum-index","datumIndex":191,"unitId":16777985,"recovery":"searching-for-end-of-data-marker"}
{"ts":"2025-11-19T02:40:08.160Z","level":"warn","event":"bfis-snapshot-empty-data","endpoint":"logs","message":"Empty logs array received"}
{"ts":"2025-11-19T02:40:08.204Z","level":"info","event":"bfis-snapshot-read-ok","snapshotId":"83067806-31c5-48fe-8fb5-13392f323a00","sessionHash":"wXwFIkMvUoWzlJ4m","unitCount":21,"newUnitsInPoll":5,"cachedUnitsTotal":21,"unitsBufferSize":243,"weaponsBufferSize":8}
{"ts":"2025-11-19T02:40:09.132Z","level":"info","event":"bfis-binary-fetch","endpoint":"units","mode":"incremental","bytes":243,"lastTime":1763520008298}
{"ts":"2025-11-19T02:40:09.144Z","level":"warn","event":"bfis-snapshot-empty-data","endpoint":"weapons","bufferSize":8,"message":"Empty or minimal weapons data received"}
{"ts":"2025-11-19T02:40:09.144Z","level":"info","event":"bfis-binary-fetch","endpoint":"weapons","mode":"incremental","bytes":8,"lastTime":1763520008309}
{"ts":"2025-11-19T02:40:09.144Z","level":"warn","event":"bfis-unit-decode-unknown-datum-index","datumIndex":191,"unitId":16777473,"recovery":"searching-for-end-of-data-marker"}
{"ts":"2025-11-19T02:40:09.144Z","level":"warn","event":"bfis-unit-decode-unknown-datum-index","datumIndex":241,"unitId":2691534336,"recovery":"searching-for-end-of-data-marker"}
{"ts":"2025-11-19T02:40:09.144Z","level":"warn","event":"bfis-unit-decode-unknown-datum-index","datumIndex":192,"unitId":16777985,"recovery":"searching-for-end-of-data-marker"}
{"ts":"2025-11-19T02:40:09.144Z","level":"warn","event":"bfis-unit-decode-unknown-datum-index","datumIndex":191,"unitId":16778241,"recovery":"searching-for-end-of-data-marker"}
{"ts":"2025-11-19T02:40:09.156Z","level":"warn","event":"bfis-snapshot-empty-data","endpoint":"logs","message":"Empty logs array received"}
{"ts":"2025-11-19T02:40:09.216Z","level":"info","event":"bfis-snapshot-read-ok","snapshotId":"fa3098be-992d-4bba-8834-341c0cc58f6f","sessionHash":"wXwFIkMvUoWzlJ4m","unitCount":22,"newUnitsInPoll":6,"cachedUnitsTotal":22,"unitsBufferSize":243,"weaponsBufferSize":8}
{"ts":"2025-11-19T02:40:10.125Z","level":"info","event":"bfis-binary-fetch","endpoint":"units","mode":"incremental","bytes":243,"lastTime":1763520009293}
{"ts":"2025-11-19T02:40:10.132Z","level":"warn","event":"bfis-snapshot-empty-data","endpoint":"weapons","bufferSize":8,"message":"Empty or minimal weapons data received"}
{"ts":"2025-11-19T02:40:10.132Z","level":"info","event":"bfis-binary-fetch","endpoint":"weapons","mode":"incremental","bytes":8,"lastTime":1763520009305}
{"ts":"2025-11-19T02:40:10.132Z","level":"warn","event":"bfis-unit-decode-unknown-datum-index","datumIndex":192,"unitId":16777985,"recovery":"searching-for-end-of-data-marker"}
{"ts":"2025-11-19T02:40:10.132Z","level":"warn","event":"bfis-unit-decode-unknown-datum-index","datumIndex":191,"unitId":16777473,"recovery":"searching-for-end-of-data-marker"}
{"ts":"2025-11-19T02:40:10.132Z","level":"warn","event":"bfis-unit-decode-field-error","datumIndex":64,"unitId":16778241,"error":"Offset is outside the bounds of the DataView","errorType":"RangeError"}
{"ts":"2025-11-19T02:40:10.140Z","level":"warn","event":"bfis-snapshot-empty-data","endpoint":"logs","message":"Empty logs array received"}
{"ts":"2025-11-19T02:40:10.180Z","level":"info","event":"bfis-snapshot-read-ok","snapshotId":"1bfb5d8c-5181-4699-94b3-95a8b6e1c8f3","sessionHash":"wXwFIkMvUoWzlJ4m","unitCount":22,"newUnitsInPoll":5,"cachedUnitsTotal":22,"unitsBufferSize":243,"weaponsBufferSize":8}
{"ts":"2025-11-19T02:40:11.128Z","level":"info","event":"bfis-binary-fetch","endpoint":"units","mode":"incremental","bytes":243,"lastTime":1763520010287}
{"ts":"2025-11-19T02:40:11.137Z","level":"info","event":"bfis-binary-fetch","endpoint":"weapons","mode":"incremental","bytes":8,"lastTime":1763520010294}
{"ts":"2025-11-19T02:40:11.137Z","level":"warn","event":"bfis-snapshot-empty-data","endpoint":"weapons","bufferSize":8,"message":"Empty or minimal weapons data received"}
{"ts":"2025-11-19T02:40:11.137Z","level":"warn","event":"bfis-unit-decode-unknown-datum-index","datumIndex":191,"unitId":16777473,"recovery":"searching-for-end-of-data-marker"}
{"ts":"2025-11-19T02:40:11.137Z","level":"warn","event":"bfis-unit-decode-unknown-datum-index","datumIndex":192,"unitId":16777985,"recovery":"searching-for-end-of-data-marker"}
{"ts":"2025-11-19T02:40:11.137Z","level":"warn","event":"bfis-unit-decode-field-error","datumIndex":64,"unitId":16778241,"error":"Offset is outside the bounds of the DataView","errorType":"RangeError"}
{"ts":"2025-11-19T02:40:11.146Z","level":"warn","event":"bfis-snapshot-empty-data","endpoint":"logs","message":"Empty logs array received"}
{"ts":"2025-11-19T02:40:11.178Z","level":"info","event":"bfis-snapshot-read-ok","snapshotId":"d71b5943-aada-4491-ad71-36eea059e399","sessionHash":"wXwFIkMvUoWzlJ4m","unitCount":22,"newUnitsInPoll":5,"cachedUnitsTotal":22,"unitsBufferSize":243,"weaponsBufferSize":8}
{"ts":"2025-11-19T02:40:12.136Z","level":"info","event":"bfis-binary-fetch","endpoint":"units","mode":"incremental","bytes":243,"lastTime":1763520011290}
{"ts":"2025-11-19T02:40:12.143Z","level":"warn","event":"bfis-snapshot-empty-data","endpoint":"weapons","bufferSize":8,"message":"Empty or minimal weapons data received"}
{"ts":"2025-11-19T02:40:12.144Z","level":"warn","event":"bfis-unit-decode-unknown-datum-index","datumIndex":191,"unitId":16777473,"recovery":"searching-for-end-of-data-marker"}
{"ts":"2025-11-19T02:40:12.143Z","level":"info","event":"bfis-binary-fetch","endpoint":"weapons","mode":"incremental","bytes":8,"lastTime":1763520011299}
{"ts":"2025-11-19T02:40:12.144Z","level":"warn","event":"bfis-unit-decode-unknown-datum-index","datumIndex":192,"unitId":16777985,"recovery":"searching-for-end-of-data-marker"}
{"ts":"2025-11-19T02:40:12.144Z","level":"warn","event":"bfis-unit-decode-field-error","datumIndex":63,"unitId":16778241,"error":"Offset is outside the bounds of the DataView","errorType":"RangeError"}
{"ts":"2025-11-19T02:40:12.152Z","level":"warn","event":"bfis-snapshot-empty-data","endpoint":"logs","message":"Empty logs array received"}
{"ts":"2025-11-19T02:40:12.189Z","level":"info","event":"bfis-snapshot-read-ok","snapshotId":"15b0bde1-7f3b-4dfb-a81b-644b6b8d0f4f","sessionHash":"wXwFIkMvUoWzlJ4m","unitCount":22,"newUnitsInPoll":5,"cachedUnitsTotal":22,"unitsBufferSize":243,"weaponsBufferSize":8}
{"ts":"2025-11-19T02:40:13.131Z","level":"info","event":"bfis-binary-fetch","endpoint":"units","mode":"incremental","bytes":243,"lastTime":1763520012297}
{"ts":"2025-11-19T02:40:13.137Z","level":"warn","event":"bfis-snapshot-empty-data","endpoint":"weapons","bufferSize":8,"message":"Empty or minimal weapons data received"}
{"ts":"2025-11-19T02:40:13.137Z","level":"warn","event":"bfis-unit-decode-unknown-datum-index","datumIndex":191,"unitId":16777473,"recovery":"searching-for-end-of-data-marker"}
{"ts":"2025-11-19T02:40:13.137Z","level":"info","event":"bfis-binary-fetch","endpoint":"weapons","mode":"incremental","bytes":8,"lastTime":1763520012306}
{"ts":"2025-11-19T02:40:13.137Z","level":"warn","event":"bfis-unit-decode-field-error","datumIndex":63,"unitId":16778241,"error":"Offset is outside the bounds of the DataView","errorType":"RangeError"}
{"ts":"2025-11-19T02:40:13.137Z","level":"warn","event":"bfis-unit-decode-unknown-datum-index","datumIndex":192,"unitId":16777985,"recovery":"searching-for-end-of-data-marker"}
{"ts":"2025-11-19T02:40:13.149Z","level":"warn","event":"bfis-snapshot-empty-data","endpoint":"logs","message":"Empty logs array received"}
{"ts":"2025-11-19T02:40:13.178Z","level":"info","event":"bfis-snapshot-read-ok","snapshotId":"a56bc397-a723-4852-b622-2b798793cd7f","sessionHash":"wXwFIkMvUoWzlJ4m","unitCount":22,"newUnitsInPoll":5,"cachedUnitsTotal":22,"unitsBufferSize":243,"weaponsBufferSize":8}
{"ts":"2025-11-19T02:40:14.135Z","level":"info","event":"bfis-binary-fetch","endpoint":"units","mode":"incremental","bytes":243,"lastTime":1763520013292}
{"ts":"2025-11-19T02:40:14.149Z","level":"warn","event":"bfis-snapshot-empty-data","endpoint":"weapons","bufferSize":8,"message":"Empty or minimal weapons data received"}
{"ts":"2025-11-19T02:40:14.149Z","level":"info","event":"bfis-binary-fetch","endpoint":"weapons","mode":"incremental","bytes":8,"lastTime":1763520013300}
{"ts":"2025-11-19T02:40:14.149Z","level":"warn","event":"bfis-unit-decode-unknown-datum-index","datumIndex":191,"unitId":16777473,"recovery":"searching-for-end-of-data-marker"}
{"ts":"2025-11-19T02:40:14.149Z","level":"warn","event":"bfis-unit-decode-unknown-datum-index","datumIndex":192,"unitId":16777985,"recovery":"searching-for-end-of-data-marker"}
{"ts":"2025-11-19T02:40:14.149Z","level":"warn","event":"bfis-unit-decode-field-error","datumIndex":63,"unitId":16778241,"error":"Offset is outside the bounds of the DataView","errorType":"RangeError"}
{"ts":"2025-11-19T02:40:14.163Z","level":"warn","event":"bfis-snapshot-empty-data","endpoint":"logs","message":"Empty logs array received"}
{"ts":"2025-11-19T02:40:14.205Z","level":"info","event":"bfis-snapshot-read-ok","snapshotId":"7613f3b6-89f0-4b1f-bafd-851b1759a74d","sessionHash":"wXwFIkMvUoWzlJ4m","unitCount":22,"newUnitsInPoll":5,"cachedUnitsTotal":22,"unitsBufferSize":243,"weaponsBufferSize":8}
{"ts":"2025-11-19T02:40:15.136Z","level":"info","event":"bfis-binary-fetch","endpoint":"units","mode":"incremental","bytes":243,"lastTime":1763520014296}
{"ts":"2025-11-19T02:40:15.144Z","level":"warn","event":"bfis-snapshot-empty-data","endpoint":"weapons","bufferSize":8,"message":"Empty or minimal weapons data received"}
{"ts":"2025-11-19T02:40:15.145Z","level":"info","event":"bfis-binary-fetch","endpoint":"weapons","mode":"incremental","bytes":8,"lastTime":1763520014309}
{"ts":"2025-11-19T02:40:15.145Z","level":"warn","event":"bfis-unit-decode-unknown-datum-index","datumIndex":192,"unitId":16777985,"recovery":"searching-for-end-of-data-marker"}
{"ts":"2025-11-19T02:40:15.145Z","level":"warn","event":"bfis-unit-decode-unknown-datum-index","datumIndex":191,"unitId":16777473,"recovery":"searching-for-end-of-data-marker"}
{"ts":"2025-11-19T02:40:15.145Z","level":"warn","event":"bfis-unit-decode-field-error","datumIndex":63,"unitId":16778241,"error":"Offset is outside the bounds of the DataView","errorType":"RangeError"}
{"ts":"2025-11-19T02:40:15.156Z","level":"warn","event":"bfis-snapshot-empty-data","endpoint":"logs","message":"Empty logs array received"}
{"ts":"2025-11-19T02:40:15.199Z","level":"info","event":"bfis-snapshot-read-ok","snapshotId":"9a349fa1-f154-455d-a11f-40a9897fd9be","sessionHash":"wXwFIkMvUoWzlJ4m","unitCount":22,"newUnitsInPoll":5,"cachedUnitsTotal":22,"unitsBufferSize":243,"weaponsBufferSize":8}
{"ts":"2025-11-19T02:40:16.157Z","level":"info","event":"bfis-binary-fetch","endpoint":"units","mode":"incremental","bytes":243,"lastTime":1763520015297}
{"ts":"2025-11-19T02:40:16.165Z","level":"warn","event":"bfis-snapshot-empty-data","endpoint":"weapons","bufferSize":8,"message":"Empty or minimal weapons data received"}
{"ts":"2025-11-19T02:40:16.165Z","level":"info","event":"bfis-binary-fetch","endpoint":"weapons","mode":"incremental","bytes":8,"lastTime":1763520015307}
{"ts":"2025-11-19T02:40:16.165Z","level":"warn","event":"bfis-unit-decode-unknown-datum-index","datumIndex":191,"unitId":16777473,"recovery":"searching-for-end-of-data-marker"}
{"ts":"2025-11-19T02:40:16.166Z","level":"warn","event":"bfis-unit-decode-unknown-datum-index","datumIndex":192,"unitId":16777985,"recovery":"searching-for-end-of-data-marker"}
{"ts":"2025-11-19T02:40:16.166Z","level":"warn","event":"bfis-unit-decode-field-error","datumIndex":63,"unitId":16778241,"error":"Offset is outside the bounds of the DataView","errorType":"RangeError"}
{"ts":"2025-11-19T02:40:16.173Z","level":"warn","event":"bfis-snapshot-empty-data","endpoint":"logs","message":"Empty logs array received"}
{"ts":"2025-11-19T02:40:16.209Z","level":"info","event":"bfis-snapshot-read-ok","snapshotId":"aaf8fb4d-7a5b-4643-9846-47e29caf2790","sessionHash":"wXwFIkMvUoWzlJ4m","unitCount":22,"newUnitsInPoll":5,"cachedUnitsTotal":22,"unitsBufferSize":243,"weaponsBufferSize":8}
{"ts":"2025-11-19T02:40:17.139Z","level":"info","event":"bfis-binary-fetch","endpoint":"units","mode":"incremental","bytes":243,"lastTime":1763520016318}
{"ts":"2025-11-19T02:40:17.151Z","level":"warn","event":"bfis-snapshot-empty-data","endpoint":"weapons","bufferSize":8,"message":"Empty or minimal weapons data received"}
{"ts":"2025-11-19T02:40:17.152Z","level":"info","event":"bfis-binary-fetch","endpoint":"weapons","mode":"incremental","bytes":8,"lastTime":1763520016327}
{"ts":"2025-11-19T02:40:17.152Z","level":"warn","event":"bfis-unit-decode-unknown-datum-index","datumIndex":191,"unitId":16777473,"recovery":"searching-for-end-of-data-marker"}
{"ts":"2025-11-19T02:40:17.152Z","level":"warn","event":"bfis-unit-decode-unknown-datum-index","datumIndex":192,"unitId":16777985,"recovery":"searching-for-end-of-data-marker"}
{"ts":"2025-11-19T02:40:17.152Z","level":"warn","event":"bfis-unit-decode-field-error","datumIndex":63,"unitId":16778241,"error":"Offset is outside the bounds of the DataView","errorType":"RangeError"}
{"ts":"2025-11-19T02:40:17.169Z","level":"warn","event":"bfis-snapshot-empty-data","endpoint":"logs","message":"Empty logs array received"}
{"ts":"2025-11-19T02:40:17.213Z","level":"info","event":"bfis-snapshot-read-ok","snapshotId":"20dc3a55-731d-4e9b-a766-8a5fd2528fd4","sessionHash":"wXwFIkMvUoWzlJ4m","unitCount":22,"newUnitsInPoll":5,"cachedUnitsTotal":22,"unitsBufferSize":243,"weaponsBufferSize":8}
{"ts":"2025-11-19T02:40:18.141Z","level":"info","event":"bfis-binary-fetch","endpoint":"units","mode":"incremental","bytes":243,"lastTime":1763520017299}
{"ts":"2025-11-19T02:40:18.151Z","level":"warn","event":"bfis-snapshot-empty-data","endpoint":"weapons","bufferSize":8,"message":"Empty or minimal weapons data received"}
{"ts":"2025-11-19T02:40:18.151Z","level":"info","event":"bfis-binary-fetch","endpoint":"weapons","mode":"incremental","bytes":8,"lastTime":1763520017311}
{"ts":"2025-11-19T02:40:18.151Z","level":"warn","event":"bfis-unit-decode-unknown-datum-index","datumIndex":191,"unitId":16777473,"recovery":"searching-for-end-of-data-marker"}
{"ts":"2025-11-19T02:40:18.151Z","level":"warn","event":"bfis-unit-decode-unknown-datum-index","datumIndex":192,"unitId":16777985,"recovery":"searching-for-end-of-data-marker"}
{"ts":"2025-11-19T02:40:18.151Z","level":"warn","event":"bfis-unit-decode-unknown-datum-index","datumIndex":191,"unitId":16778241,"recovery":"searching-for-end-of-data-marker"}
{"ts":"2025-11-19T02:40:18.163Z","level":"warn","event":"bfis-snapshot-empty-data","endpoint":"logs","message":"Empty logs array received"}
{"ts":"2025-11-19T02:40:18.203Z","level":"info","event":"bfis-snapshot-read-ok","snapshotId":"107390b6-d50c-4592-a8f0-0648c4266d5b","sessionHash":"wXwFIkMvUoWzlJ4m","unitCount":22,"newUnitsInPoll":5,"cachedUnitsTotal":22,"unitsBufferSize":243,"weaponsBufferSize":8}
{"ts":"2025-11-19T02:40:19.140Z","level":"info","event":"bfis-binary-fetch","endpoint":"units","mode":"incremental","bytes":246,"lastTime":1763520018301}
{"ts":"2025-11-19T02:40:19.148Z","level":"warn","event":"bfis-snapshot-empty-data","endpoint":"weapons","bufferSize":8,"message":"Empty or minimal weapons data received"}
{"ts":"2025-11-19T02:40:19.148Z","level":"info","event":"bfis-binary-fetch","endpoint":"weapons","mode":"incremental","bytes":8,"lastTime":1763520018312}
{"ts":"2025-11-19T02:40:19.149Z","level":"warn","event":"bfis-unit-decode-unknown-datum-index","datumIndex":191,"unitId":16777473,"recovery":"searching-for-end-of-data-marker"}
{"ts":"2025-11-19T02:40:19.149Z","level":"warn","event":"bfis-unit-decode-unknown-datum-index","datumIndex":192,"unitId":16777985,"recovery":"searching-for-end-of-data-marker"}
{"ts":"2025-11-19T02:40:19.149Z","level":"warn","event":"bfis-unit-decode-unknown-datum-index","datumIndex":191,"unitId":16778241,"recovery":"searching-for-end-of-data-marker"}
{"ts":"2025-11-19T02:40:19.160Z","level":"warn","event":"bfis-snapshot-empty-data","endpoint":"logs","message":"Empty logs array received"}
{"ts":"2025-11-19T02:40:19.206Z","level":"info","event":"bfis-snapshot-read-ok","snapshotId":"fe6a71db-2a54-4bff-af83-2f4e98fa2742","sessionHash":"wXwFIkMvUoWzlJ4m","unitCount":22,"newUnitsInPoll":5,"cachedUnitsTotal":22,"unitsBufferSize":246,"weaponsBufferSize":8}
{"ts":"2025-11-19T02:40:20.141Z","level":"info","event":"bfis-binary-fetch","endpoint":"units","mode":"incremental","bytes":243,"lastTime":1763520019301}
{"ts":"2025-11-19T02:40:20.151Z","level":"info","event":"bfis-binary-fetch","endpoint":"weapons","mode":"incremental","bytes":8,"lastTime":1763520019310}
{"ts":"2025-11-19T02:40:20.151Z","level":"warn","event":"bfis-snapshot-empty-data","endpoint":"weapons","bufferSize":8,"message":"Empty or minimal weapons data received"}
{"ts":"2025-11-19T02:40:20.151Z","level":"warn","event":"bfis-unit-decode-unknown-datum-index","datumIndex":192,"unitId":16777985,"recovery":"searching-for-end-of-data-marker"}
{"ts":"2025-11-19T02:40:20.151Z","level":"warn","event":"bfis-unit-decode-unknown-datum-index","datumIndex":191,"unitId":16777473,"recovery":"searching-for-end-of-data-marker"}
{"ts":"2025-11-19T02:40:20.151Z","level":"warn","event":"bfis-unit-decode-unknown-datum-index","datumIndex":191,"unitId":16778241,"recovery":"searching-for-end-of-data-marker"}
{"ts":"2025-11-19T02:40:20.161Z","level":"warn","event":"bfis-snapshot-empty-data","endpoint":"logs","message":"Empty logs array received"}
{"ts":"2025-11-19T02:40:20.216Z","level":"info","event":"bfis-snapshot-read-ok","snapshotId":"9bef294a-6f84-4943-89bd-579d42d75ca4","sessionHash":"wXwFIkMvUoWzlJ4m","unitCount":22,"newUnitsInPoll":5,"cachedUnitsTotal":22,"unitsBufferSize":243,"weaponsBufferSize":8}
{"ts":"2025-11-19T02:40:21.142Z","level":"info","event":"bfis-binary-fetch","endpoint":"units","mode":"incremental","bytes":243,"lastTime":1763520020302}
{"ts":"2025-11-19T02:40:21.155Z","level":"warn","event":"bfis-snapshot-empty-data","endpoint":"weapons","bufferSize":8,"message":"Empty or minimal weapons data received"}
{"ts":"2025-11-19T02:40:21.155Z","level":"info","event":"bfis-binary-fetch","endpoint":"weapons","mode":"incremental","bytes":8,"lastTime":1763520020312}
{"ts":"2025-11-19T02:40:21.155Z","level":"warn","event":"bfis-unit-decode-unknown-datum-index","datumIndex":191,"unitId":16777473,"recovery":"searching-for-end-of-data-marker"}
{"ts":"2025-11-19T02:40:21.155Z","level":"warn","event":"bfis-unit-decode-unknown-datum-index","datumIndex":192,"unitId":16777985,"recovery":"searching-for-end-of-data-marker"}
{"ts":"2025-11-19T02:40:21.155Z","level":"warn","event":"bfis-unit-decode-unknown-datum-index","datumIndex":191,"unitId":16778241,"recovery":"searching-for-end-of-data-marker"}
{"ts":"2025-11-19T02:40:21.166Z","level":"warn","event":"bfis-snapshot-empty-data","endpoint":"logs","message":"Empty logs array received"}
{"ts":"2025-11-19T02:40:21.207Z","level":"info","event":"bfis-snapshot-read-ok","snapshotId":"621b1edf-4fa4-4680-b7e1-6a236fa4436d","sessionHash":"wXwFIkMvUoWzlJ4m","unitCount":22,"newUnitsInPoll":5,"cachedUnitsTotal":22,"unitsBufferSize":243,"weaponsBufferSize":8}
{"ts":"2025-11-19T02:40:22.174Z","level":"info","event":"bfis-binary-fetch","endpoint":"units","mode":"incremental","bytes":243,"lastTime":1763520021303}
{"ts":"2025-11-19T02:40:22.183Z","level":"warn","event":"bfis-snapshot-empty-data","endpoint":"weapons","bufferSize":8,"message":"Empty or minimal weapons data received"}
{"ts":"2025-11-19T02:40:22.183Z","level":"info","event":"bfis-binary-fetch","endpoint":"weapons","mode":"incremental","bytes":8,"lastTime":1763520021313}
{"ts":"2025-11-19T02:40:22.183Z","level":"warn","event":"bfis-unit-decode-unknown-datum-index","datumIndex":191,"unitId":16777473,"recovery":"searching-for-end-of-data-marker"}
{"ts":"2025-11-19T02:40:22.183Z","level":"warn","event":"bfis-unit-decode-unknown-datum-index","datumIndex":192,"unitId":16777985,"recovery":"searching-for-end-of-data-marker"}
{"ts":"2025-11-19T02:40:22.183Z","level":"warn","event":"bfis-unit-decode-unknown-datum-index","datumIndex":191,"unitId":16778241,"recovery":"searching-for-end-of-data-marker"}
{"ts":"2025-11-19T02:40:22.194Z","level":"warn","event":"bfis-snapshot-empty-data","endpoint":"logs","message":"Empty logs array received"}
{"ts":"2025-11-19T02:40:22.272Z","level":"info","event":"bfis-snapshot-read-ok","snapshotId":"18708a3e-edbd-4208-9d55-fb38b02cc3b5","sessionHash":"wXwFIkMvUoWzlJ4m","unitCount":22,"newUnitsInPoll":5,"cachedUnitsTotal":22,"unitsBufferSize":243,"weaponsBufferSize":8}
{"ts":"2025-11-19T02:40:23.143Z","level":"info","event":"bfis-binary-fetch","endpoint":"units","mode":"incremental","bytes":243,"lastTime":1763520022335}
{"ts":"2025-11-19T02:40:23.153Z","level":"info","event":"bfis-binary-fetch","endpoint":"weapons","mode":"incremental","bytes":8,"lastTime":1763520022345}
{"ts":"2025-11-19T02:40:23.153Z","level":"warn","event":"bfis-snapshot-empty-data","endpoint":"weapons","bufferSize":8,"message":"Empty or minimal weapons data received"}
{"ts":"2025-11-19T02:40:23.153Z","level":"warn","event":"bfis-unit-decode-unknown-datum-index","datumIndex":191,"unitId":16777473,"recovery":"searching-for-end-of-data-marker"}
{"ts":"2025-11-19T02:40:23.153Z","level":"warn","event":"bfis-unit-decode-unknown-datum-index","datumIndex":192,"unitId":16777985,"recovery":"searching-for-end-of-data-marker"}
{"ts":"2025-11-19T02:40:23.154Z","level":"warn","event":"bfis-unit-decode-unknown-datum-index","datumIndex":191,"unitId":16778241,"recovery":"searching-for-end-of-data-marker"}
{"ts":"2025-11-19T02:40:23.168Z","level":"warn","event":"bfis-snapshot-empty-data","endpoint":"logs","message":"Empty logs array received"}
{"ts":"2025-11-19T02:40:23.221Z","level":"info","event":"bfis-snapshot-read-ok","snapshotId":"30388615-20bc-4356-8a00-c7f364144f23","sessionHash":"wXwFIkMvUoWzlJ4m","unitCount":22,"newUnitsInPoll":5,"cachedUnitsTotal":22,"unitsBufferSize":243,"weaponsBufferSize":8}
{"ts":"2025-11-19T02:40:24.145Z","level":"info","event":"bfis-binary-fetch","endpoint":"units","mode":"incremental","bytes":243,"lastTime":1763520023302}
{"ts":"2025-11-19T02:40:24.154Z","level":"warn","event":"bfis-snapshot-empty-data","endpoint":"weapons","bufferSize":8,"message":"Empty or minimal weapons data received"}
{"ts":"2025-11-19T02:40:24.154Z","level":"info","event":"bfis-binary-fetch","endpoint":"weapons","mode":"incremental","bytes":8,"lastTime":1763520023314}
{"ts":"2025-11-19T02:40:24.155Z","level":"warn","event":"bfis-unit-decode-unknown-datum-index","datumIndex":191,"unitId":16777473,"recovery":"searching-for-end-of-data-marker"}
{"ts":"2025-11-19T02:40:24.155Z","level":"warn","event":"bfis-unit-decode-unknown-datum-index","datumIndex":192,"unitId":16777985,"recovery":"searching-for-end-of-data-marker"}
{"ts":"2025-11-19T02:40:24.155Z","level":"warn","event":"bfis-unit-decode-unknown-datum-index","datumIndex":191,"unitId":16778241,"recovery":"searching-for-end-of-data-marker"}
{"ts":"2025-11-19T02:40:24.164Z","level":"warn","event":"bfis-snapshot-empty-data","endpoint":"logs","message":"Empty logs array received"}
{"ts":"2025-11-19T02:40:24.202Z","level":"info","event":"bfis-snapshot-read-ok","snapshotId":"b912f6a5-db9b-4400-81bb-a8372622a5d8","sessionHash":"wXwFIkMvUoWzlJ4m","unitCount":22,"newUnitsInPoll":5,"cachedUnitsTotal":22,"unitsBufferSize":243,"weaponsBufferSize":8}
{"ts":"2025-11-19T02:40:25.142Z","level":"info","event":"bfis-binary-fetch","endpoint":"units","mode":"incremental","bytes":243,"lastTime":1763520024306}
{"ts":"2025-11-19T02:40:25.153Z","level":"info","event":"bfis-binary-fetch","endpoint":"weapons","mode":"incremental","bytes":8,"lastTime":1763520024316}
{"ts":"2025-11-19T02:40:25.153Z","level":"warn","event":"bfis-snapshot-empty-data","endpoint":"weapons","bufferSize":8,"message":"Empty or minimal weapons data received"}
{"ts":"2025-11-19T02:40:25.154Z","level":"warn","event":"bfis-unit-decode-unknown-datum-index","datumIndex":191,"unitId":16777473,"recovery":"searching-for-end-of-data-marker"}
{"ts":"2025-11-19T02:40:25.154Z","level":"warn","event":"bfis-unit-decode-unknown-datum-index","datumIndex":192,"unitId":16777985,"recovery":"searching-for-end-of-data-marker"}
{"ts":"2025-11-19T02:40:25.154Z","level":"warn","event":"bfis-unit-decode-unknown-datum-index","datumIndex":191,"unitId":16778241,"recovery":"searching-for-end-of-data-marker"}
{"ts":"2025-11-19T02:40:25.154Z","level":"warn","event":"bfis-unit-decode-field-error","datumIndex":63,"unitId":2965272182,"error":"Offset is outside the bounds of the DataView","errorType":"RangeError"}
{"ts":"2025-11-19T02:40:25.165Z","level":"warn","event":"bfis-snapshot-empty-data","endpoint":"logs","message":"Empty logs array received"}
{"ts":"2025-11-19T02:40:25.200Z","level":"info","event":"bfis-snapshot-read-ok","snapshotId":"2c1a82ef-f910-4388-8dbc-c304f6f1b8d3","sessionHash":"wXwFIkMvUoWzlJ4m","unitCount":23,"newUnitsInPoll":6,"cachedUnitsTotal":23,"unitsBufferSize":243,"weaponsBufferSize":8}
{"ts":"2025-11-19T02:40:26.151Z","level":"info","event":"bfis-binary-fetch","endpoint":"units","mode":"incremental","bytes":243,"lastTime":1763520025303}
{"ts":"2025-11-19T02:40:26.162Z","level":"warn","event":"bfis-snapshot-empty-data","endpoint":"weapons","bufferSize":8,"message":"Empty or minimal weapons data received"}
{"ts":"2025-11-19T02:40:26.162Z","level":"info","event":"bfis-binary-fetch","endpoint":"weapons","mode":"incremental","bytes":8,"lastTime":1763520025314}
{"ts":"2025-11-19T02:40:26.162Z","level":"warn","event":"bfis-unit-decode-unknown-datum-index","datumIndex":191,"unitId":16777473,"recovery":"searching-for-end-of-data-marker"}
{"ts":"2025-11-19T02:40:26.162Z","level":"warn","event":"bfis-unit-decode-unknown-datum-index","datumIndex":192,"unitId":16777985,"recovery":"searching-for-end-of-data-marker"}
{"ts":"2025-11-19T02:40:26.162Z","level":"warn","event":"bfis-unit-decode-unknown-datum-index","datumIndex":191,"unitId":16778241,"recovery":"searching-for-end-of-data-marker"}
{"ts":"2025-11-19T02:40:26.172Z","level":"warn","event":"bfis-snapshot-empty-data","endpoint":"logs","message":"Empty logs array received"}
{"ts":"2025-11-19T02:40:26.215Z","level":"info","event":"bfis-snapshot-read-ok","snapshotId":"ceb136c6-90dd-4042-bb62-d236e69bb0a8","sessionHash":"wXwFIkMvUoWzlJ4m","unitCount":23,"newUnitsInPoll":5,"cachedUnitsTotal":23,"unitsBufferSize":243,"weaponsBufferSize":8}
{"ts":"2025-11-19T02:40:27.151Z","level":"info","event":"bfis-binary-fetch","endpoint":"units","mode":"incremental","bytes":243,"lastTime":1763520026309}
{"ts":"2025-11-19T02:40:27.216Z","level":"warn","event":"bfis-snapshot-empty-data","endpoint":"weapons","bufferSize":8,"message":"Empty or minimal weapons data received"}
{"ts":"2025-11-19T02:40:27.216Z","level":"info","event":"bfis-binary-fetch","endpoint":"weapons","mode":"incremental","bytes":8,"lastTime":1763520026323}
{"ts":"2025-11-19T02:40:27.217Z","level":"warn","event":"bfis-unit-decode-unknown-datum-index","datumIndex":191,"unitId":16778241,"recovery":"searching-for-end-of-data-marker"}
{"ts":"2025-11-19T02:40:27.217Z","level":"warn","event":"bfis-unit-decode-unknown-datum-index","datumIndex":191,"unitId":16777473,"recovery":"searching-for-end-of-data-marker"}
{"ts":"2025-11-19T02:40:27.217Z","level":"warn","event":"bfis-unit-decode-unknown-datum-index","datumIndex":192,"unitId":16777985,"recovery":"searching-for-end-of-data-marker"}
{"ts":"2025-11-19T02:40:27.227Z","level":"warn","event":"bfis-snapshot-empty-data","endpoint":"logs","message":"Empty logs array received"}
{"ts":"2025-11-19T02:40:27.270Z","level":"info","event":"bfis-snapshot-read-ok","snapshotId":"9e5e01f0-55f0-4f51-bd18-c80484d92f99","sessionHash":"wXwFIkMvUoWzlJ4m","unitCount":23,"newUnitsInPoll":5,"cachedUnitsTotal":23,"unitsBufferSize":243,"weaponsBufferSize":8}
{"ts":"2025-11-19T02:40:28.142Z","level":"info","event":"bfis-binary-fetch","endpoint":"units","mode":"incremental","bytes":243,"lastTime":1763520027312}
{"ts":"2025-11-19T02:40:28.151Z","level":"warn","event":"bfis-snapshot-empty-data","endpoint":"weapons","bufferSize":8,"message":"Empty or minimal weapons data received"}
{"ts":"2025-11-19T02:40:28.151Z","level":"info","event":"bfis-binary-fetch","endpoint":"weapons","mode":"incremental","bytes":8,"lastTime":1763520027377}
{"ts":"2025-11-19T02:40:28.152Z","level":"warn","event":"bfis-unit-decode-unknown-datum-index","datumIndex":191,"unitId":16777473,"recovery":"searching-for-end-of-data-marker"}
{"ts":"2025-11-19T02:40:28.152Z","level":"warn","event":"bfis-unit-decode-unknown-datum-index","datumIndex":245,"unitId":16777985,"recovery":"searching-for-end-of-data-marker"}
{"ts":"2025-11-19T02:40:28.160Z","level":"warn","event":"bfis-snapshot-empty-data","endpoint":"logs","message":"Empty logs array received"}
{"ts":"2025-11-19T02:40:28.198Z","level":"info","event":"bfis-snapshot-read-ok","snapshotId":"6483c8f6-d7a7-449b-b179-378019f37012","sessionHash":"wXwFIkMvUoWzlJ4m","unitCount":23,"newUnitsInPoll":4,"cachedUnitsTotal":23,"unitsBufferSize":243,"weaponsBufferSize":8}
{"ts":"2025-11-19T02:40:29.145Z","level":"info","event":"bfis-binary-fetch","endpoint":"units","mode":"incremental","bytes":243,"lastTime":1763520028304}
{"ts":"2025-11-19T02:40:29.153Z","level":"warn","event":"bfis-snapshot-empty-data","endpoint":"weapons","bufferSize":8,"message":"Empty or minimal weapons data received"}
{"ts":"2025-11-19T02:40:29.153Z","level":"info","event":"bfis-binary-fetch","endpoint":"weapons","mode":"incremental","bytes":8,"lastTime":1763520028312}
{"ts":"2025-11-19T02:40:29.153Z","level":"warn","event":"bfis-unit-decode-unknown-datum-index","datumIndex":191,"unitId":16777473,"recovery":"searching-for-end-of-data-marker"}
{"ts":"2025-11-19T02:40:29.153Z","level":"warn","event":"bfis-unit-decode-unknown-datum-index","datumIndex":239,"unitId":16777985,"recovery":"searching-for-end-of-data-marker"}
{"ts":"2025-11-19T02:40:29.162Z","level":"warn","event":"bfis-snapshot-empty-data","endpoint":"logs","message":"Empty logs array received"}
{"ts":"2025-11-19T02:40:29.198Z","level":"info","event":"bfis-snapshot-read-ok","snapshotId":"333ed021-7a8a-46ef-a93a-3d24b0de81c1","sessionHash":"wXwFIkMvUoWzlJ4m","unitCount":23,"newUnitsInPoll":4,"cachedUnitsTotal":23,"unitsBufferSize":243,"weaponsBufferSize":8}
{"ts":"2025-11-19T02:40:29.433Z","level":"warn","event":"bfis-unit-decode-unknown-datum-index","datumIndex":191,"unitId":16777473,"recovery":"searching-for-end-of-data-marker"}
{"ts":"2025-11-19T02:40:29.434Z","level":"warn","event":"bfis-unit-decode-unknown-datum-index","datumIndex":104,"unitId":16777729,"recovery":"searching-for-end-of-data-marker"}
{"ts":"2025-11-19T02:40:29.434Z","level":"warn","event":"bfis-unit-decode-unknown-datum-index","datumIndex":173,"unitId":16777985,"recovery":"searching-for-end-of-data-marker"}
{"ts":"2025-11-19T02:40:29.434Z","level":"warn","event":"bfis-unit-decode-unknown-datum-index","datumIndex":231,"unitId":16778241,"recovery":"searching-for-end-of-data-marker"}
{"ts":"2025-11-19T02:40:29.443Z","level":"info","event":"bfis-context-snapshot-ok","snapshotId":"6104e36b-4441-4b60-9a00-3a8093b89cd4","sessionHash":"wXwFIkMvUoWzlJ4m","unitCount":5,"airbaseCount":17,"bullseyeCount":3,"spotCount":1,"drawingCount":0,"logCount":10,"weaponCount":0}
{"ts":"2025-11-19T02:40:30.146Z","level":"info","event":"bfis-binary-fetch","endpoint":"units","mode":"incremental","bytes":243,"lastTime":1763520029307}
{"ts":"2025-11-19T02:40:30.155Z","level":"info","event":"bfis-binary-fetch","endpoint":"weapons","mode":"incremental","bytes":8,"lastTime":1763520029316}
{"ts":"2025-11-19T02:40:30.155Z","level":"warn","event":"bfis-snapshot-empty-data","endpoint":"weapons","bufferSize":8,"message":"Empty or minimal weapons data received"}
{"ts":"2025-11-19T02:40:30.155Z","level":"warn","event":"bfis-unit-decode-unknown-datum-index","datumIndex":191,"unitId":16777473,"recovery":"searching-for-end-of-data-marker"}
{"ts":"2025-11-19T02:40:30.155Z","level":"warn","event":"bfis-unit-decode-unknown-datum-index","datumIndex":181,"unitId":16777985,"recovery":"searching-for-end-of-data-marker"}
{"ts":"2025-11-19T02:40:30.166Z","level":"warn","event":"bfis-snapshot-empty-data","endpoint":"logs","message":"Empty logs array received"}
{"ts":"2025-11-19T02:40:30.198Z","level":"info","event":"bfis-snapshot-read-ok","snapshotId":"9803fe78-ffd8-4614-b67c-5eef5fc3d18c","sessionHash":"wXwFIkMvUoWzlJ4m","unitCount":23,"newUnitsInPoll":4,"cachedUnitsTotal":23,"unitsBufferSize":243,"weaponsBufferSize":8}
{"ts":"2025-11-19T02:40:31.156Z","level":"info","event":"bfis-binary-fetch","endpoint":"units","mode":"incremental","bytes":243,"lastTime":1763520030308}
{"ts":"2025-11-19T02:40:31.169Z","level":"warn","event":"bfis-snapshot-empty-data","endpoint":"weapons","bufferSize":8,"message":"Empty or minimal weapons data received"}
{"ts":"2025-11-19T02:40:31.169Z","level":"info","event":"bfis-binary-fetch","endpoint":"weapons","mode":"incremental","bytes":8,"lastTime":1763520030316}
{"ts":"2025-11-19T02:40:31.169Z","level":"warn","event":"bfis-unit-decode-unknown-datum-index","datumIndex":191,"unitId":16777473,"recovery":"searching-for-end-of-data-marker"}
{"ts":"2025-11-19T02:40:31.169Z","level":"warn","event":"bfis-unit-decode-unknown-datum-index","datumIndex":187,"unitId":16777985,"recovery":"searching-for-end-of-data-marker"}
{"ts":"2025-11-19T02:40:31.169Z","level":"warn","event":"bfis-unit-decode-field-error","datumIndex":63,"unitId":3886830564,"error":"Offset is outside the bounds of the DataView","errorType":"RangeError"}
{"ts":"2025-11-19T02:40:31.181Z","level":"warn","event":"bfis-snapshot-empty-data","endpoint":"logs","message":"Empty logs array received"}
{"ts":"2025-11-19T02:40:31.223Z","level":"info","event":"bfis-snapshot-read-ok","snapshotId":"e25e1de8-9e52-4084-b777-289d62680b01","sessionHash":"wXwFIkMvUoWzlJ4m","unitCount":24,"newUnitsInPoll":5,"cachedUnitsTotal":24,"unitsBufferSize":243,"weaponsBufferSize":8}
{"ts":"2025-11-19T02:40:32.156Z","level":"info","event":"bfis-binary-fetch","endpoint":"units","mode":"incremental","bytes":243,"lastTime":1763520031315}
{"ts":"2025-11-19T02:40:32.172Z","level":"info","event":"bfis-binary-fetch","endpoint":"weapons","mode":"incremental","bytes":8,"lastTime":1763520031329}
{"ts":"2025-11-19T02:40:32.172Z","level":"warn","event":"bfis-snapshot-empty-data","endpoint":"weapons","bufferSize":8,"message":"Empty or minimal weapons data received"}
{"ts":"2025-11-19T02:40:32.172Z","level":"warn","event":"bfis-unit-decode-unknown-datum-index","datumIndex":191,"unitId":16777473,"recovery":"searching-for-end-of-data-marker"}
{"ts":"2025-11-19T02:40:32.172Z","level":"warn","event":"bfis-unit-decode-unknown-datum-index","datumIndex":176,"unitId":16777985,"recovery":"searching-for-end-of-data-marker"}
{"ts":"2025-11-19T02:40:32.198Z","level":"warn","event":"bfis-snapshot-empty-data","endpoint":"logs","message":"Empty logs array received"}
{"ts":"2025-11-19T02:40:32.237Z","level":"info","event":"bfis-snapshot-read-ok","snapshotId":"ac31bc75-dc57-4e90-840d-eab45ef7f632","sessionHash":"wXwFIkMvUoWzlJ4m","unitCount":24,"newUnitsInPoll":4,"cachedUnitsTotal":24,"unitsBufferSize":243,"weaponsBufferSize":8}
{"ts":"2025-11-19T02:40:33.154Z","level":"info","event":"bfis-binary-fetch","endpoint":"units","mode":"incremental","bytes":243,"lastTime":1763520032316}
{"ts":"2025-11-19T02:40:33.178Z","level":"warn","event":"bfis-snapshot-empty-data","endpoint":"weapons","bufferSize":8,"message":"Empty or minimal weapons data received"}
{"ts":"2025-11-19T02:40:33.178Z","level":"info","event":"bfis-binary-fetch","endpoint":"weapons","mode":"incremental","bytes":8,"lastTime":1763520032333}
{"ts":"2025-11-19T02:40:33.178Z","level":"warn","event":"bfis-unit-decode-unknown-datum-index","datumIndex":250,"unitId":16777985,"recovery":"searching-for-end-of-data-marker"}
{"ts":"2025-11-19T02:40:33.178Z","level":"warn","event":"bfis-unit-decode-unknown-datum-index","datumIndex":191,"unitId":16777473,"recovery":"searching-for-end-of-data-marker"}
{"ts":"2025-11-19T02:40:33.193Z","level":"warn","event":"bfis-snapshot-empty-data","endpoint":"logs","message":"Empty logs array received"}
{"ts":"2025-11-19T02:40:33.234Z","level":"info","event":"bfis-snapshot-read-ok","snapshotId":"fbdc4721-e219-47a8-9292-1cb7510a11c9","sessionHash":"wXwFIkMvUoWzlJ4m","unitCount":24,"newUnitsInPoll":4,"cachedUnitsTotal":24,"unitsBufferSize":243,"weaponsBufferSize":8}
{"ts":"2025-11-19T02:40:34.152Z","level":"info","event":"bfis-binary-fetch","endpoint":"units","mode":"incremental","bytes":243,"lastTime":1763520033316}
{"ts":"2025-11-19T02:40:34.162Z","level":"warn","event":"bfis-snapshot-empty-data","endpoint":"weapons","bufferSize":8,"message":"Empty or minimal weapons data received"}
{"ts":"2025-11-19T02:40:34.162Z","level":"info","event":"bfis-binary-fetch","endpoint":"weapons","mode":"incremental","bytes":8,"lastTime":1763520033336}
{"ts":"2025-11-19T02:40:34.162Z","level":"warn","event":"bfis-unit-decode-unknown-datum-index","datumIndex":191,"unitId":16777473,"recovery":"searching-for-end-of-data-marker"}
{"ts":"2025-11-19T02:40:34.162Z","level":"warn","event":"bfis-unit-decode-unknown-datum-index","datumIndex":159,"unitId":3525358479,"recovery":"searching-for-end-of-data-marker"}
{"ts":"2025-11-19T02:40:34.162Z","level":"warn","event":"bfis-unit-decode-unknown-datum-index","datumIndex":209,"unitId":16777985,"recovery":"searching-for-end-of-data-marker"}
{"ts":"2025-11-19T02:40:34.171Z","level":"warn","event":"bfis-snapshot-empty-data","endpoint":"logs","message":"Empty logs array received"}
{"ts":"2025-11-19T02:40:34.209Z","level":"info","event":"bfis-snapshot-read-ok","snapshotId":"10b5d334-6793-4170-aa37-56cc7ec10b2c","sessionHash":"wXwFIkMvUoWzlJ4m","unitCount":25,"newUnitsInPoll":5,"cachedUnitsTotal":25,"unitsBufferSize":243,"weaponsBufferSize":8}
{"ts":"2025-11-19T02:40:35.179Z","level":"info","event":"bfis-binary-fetch","endpoint":"units","mode":"incremental","bytes":243,"lastTime":1763520034314}
{"ts":"2025-11-19T02:40:35.202Z","level":"warn","event":"bfis-snapshot-empty-data","endpoint":"weapons","bufferSize":8,"message":"Empty or minimal weapons data received"}
{"ts":"2025-11-19T02:40:35.202Z","level":"info","event":"bfis-binary-fetch","endpoint":"weapons","mode":"incremental","bytes":8,"lastTime":1763520034324}
{"ts":"2025-11-19T02:40:35.202Z","level":"warn","event":"bfis-unit-decode-unknown-datum-index","datumIndex":191,"unitId":16777473,"recovery":"searching-for-end-of-data-marker"}
{"ts":"2025-11-19T02:40:35.202Z","level":"warn","event":"bfis-unit-decode-unknown-datum-index","datumIndex":222,"unitId":16777985,"recovery":"searching-for-end-of-data-marker"}
{"ts":"2025-11-19T02:40:35.214Z","level":"warn","event":"bfis-snapshot-empty-data","endpoint":"logs","message":"Empty logs array received"}
{"ts":"2025-11-19T02:40:35.311Z","level":"info","event":"bfis-snapshot-read-ok","snapshotId":"0a402d47-a0c9-4239-bafc-b07a77d422f2","sessionHash":"wXwFIkMvUoWzlJ4m","unitCount":25,"newUnitsInPoll":4,"cachedUnitsTotal":25,"unitsBufferSize":243,"weaponsBufferSize":8}
{"ts":"2025-11-19T02:40:36.148Z","level":"info","event":"bfis-binary-fetch","endpoint":"units","mode":"incremental","bytes":243,"lastTime":1763520035339}
{"ts":"2025-11-19T02:40:36.156Z","level":"warn","event":"bfis-snapshot-empty-data","endpoint":"weapons","bufferSize":8,"message":"Empty or minimal weapons data received"}
{"ts":"2025-11-19T02:40:36.156Z","level":"info","event":"bfis-binary-fetch","endpoint":"weapons","mode":"incremental","bytes":8,"lastTime":1763520035361}
{"ts":"2025-11-19T02:40:36.156Z","level":"warn","event":"bfis-unit-decode-unknown-datum-index","datumIndex":191,"unitId":16777473,"recovery":"searching-for-end-of-data-marker"}
{"ts":"2025-11-19T02:40:36.156Z","level":"warn","event":"bfis-unit-decode-unknown-datum-index","datumIndex":191,"unitId":16777985,"recovery":"searching-for-end-of-data-marker"}
{"ts":"2025-11-19T02:40:36.156Z","level":"warn","event":"bfis-unit-decode-unknown-datum-index","datumIndex":191,"unitId":16778241,"recovery":"searching-for-end-of-data-marker"}
{"ts":"2025-11-19T02:40:36.165Z","level":"warn","event":"bfis-snapshot-empty-data","endpoint":"logs","message":"Empty logs array received"}
{"ts":"2025-11-19T02:40:36.209Z","level":"info","event":"bfis-snapshot-read-ok","snapshotId":"07588bd5-2b7e-4fda-9480-a927e7503f77","sessionHash":"wXwFIkMvUoWzlJ4m","unitCount":25,"newUnitsInPoll":5,"cachedUnitsTotal":25,"unitsBufferSize":243,"weaponsBufferSize":8}
{"ts":"2025-11-19T02:40:37.156Z","level":"info","event":"bfis-binary-fetch","endpoint":"units","mode":"incremental","bytes":243,"lastTime":1763520036311}
{"ts":"2025-11-19T02:40:37.168Z","level":"warn","event":"bfis-snapshot-empty-data","endpoint":"weapons","bufferSize":8,"message":"Empty or minimal weapons data received"}
{"ts":"2025-11-19T02:40:37.168Z","level":"warn","event":"bfis-unit-decode-unknown-datum-index","datumIndex":191,"unitId":16777473,"recovery":"searching-for-end-of-data-marker"}
{"ts":"2025-11-19T02:40:37.168Z","level":"info","event":"bfis-binary-fetch","endpoint":"weapons","mode":"incremental","bytes":8,"lastTime":1763520036318}
{"ts":"2025-11-19T02:40:37.168Z","level":"warn","event":"bfis-unit-decode-unknown-datum-index","datumIndex":191,"unitId":16777985,"recovery":"searching-for-end-of-data-marker"}
{"ts":"2025-11-19T02:40:37.168Z","level":"warn","event":"bfis-unit-decode-unknown-datum-index","datumIndex":191,"unitId":16778241,"recovery":"searching-for-end-of-data-marker"}
{"ts":"2025-11-19T02:40:37.184Z","level":"warn","event":"bfis-snapshot-empty-data","endpoint":"logs","message":"Empty logs array received"}
{"ts":"2025-11-19T02:40:37.257Z","level":"info","event":"bfis-snapshot-read-ok","snapshotId":"7d80a60c-3d3a-48c3-9640-da74acf42f78","sessionHash":"wXwFIkMvUoWzlJ4m","unitCount":25,"newUnitsInPoll":5,"cachedUnitsTotal":25,"unitsBufferSize":243,"weaponsBufferSize":8}
{"ts":"2025-11-19T02:40:38.157Z","level":"info","event":"bfis-binary-fetch","endpoint":"units","mode":"incremental","bytes":243,"lastTime":1763520037316}
{"ts":"2025-11-19T02:40:38.168Z","level":"info","event":"bfis-binary-fetch","endpoint":"weapons","mode":"incremental","bytes":8,"lastTime":1763520037328}
{"ts":"2025-11-19T02:40:38.168Z","level":"warn","event":"bfis-snapshot-empty-data","endpoint":"weapons","bufferSize":8,"message":"Empty or minimal weapons data received"}
{"ts":"2025-11-19T02:40:38.168Z","level":"warn","event":"bfis-unit-decode-unknown-datum-index","datumIndex":191,"unitId":16777473,"recovery":"searching-for-end-of-data-marker"}
{"ts":"2025-11-19T02:40:38.168Z","level":"warn","event":"bfis-unit-decode-unknown-datum-index","datumIndex":191,"unitId":16777985,"recovery":"searching-for-end-of-data-marker"}
{"ts":"2025-11-19T02:40:38.168Z","level":"warn","event":"bfis-unit-decode-unknown-datum-index","datumIndex":191,"unitId":16778241,"recovery":"searching-for-end-of-data-marker"}
{"ts":"2025-11-19T02:40:38.176Z","level":"warn","event":"bfis-snapshot-empty-data","endpoint":"logs","message":"Empty logs array received"}
{"ts":"2025-11-19T02:40:38.213Z","level":"info","event":"bfis-snapshot-read-ok","snapshotId":"e981e012-95b4-4653-b604-361ca335278a","sessionHash":"wXwFIkMvUoWzlJ4m","unitCount":25,"newUnitsInPoll":5,"cachedUnitsTotal":25,"unitsBufferSize":243,"weaponsBufferSize":8}
{"ts":"2025-11-19T02:40:39.152Z","level":"info","event":"bfis-binary-fetch","endpoint":"units","mode":"incremental","bytes":243,"lastTime":1763520038319}
{"ts":"2025-11-19T02:40:39.162Z","level":"warn","event":"bfis-snapshot-empty-data","endpoint":"weapons","bufferSize":8,"message":"Empty or minimal weapons data received"}
{"ts":"2025-11-19T02:40:39.162Z","level":"info","event":"bfis-binary-fetch","endpoint":"weapons","mode":"incremental","bytes":8,"lastTime":1763520038331}
{"ts":"2025-11-19T02:40:39.162Z","level":"warn","event":"bfis-unit-decode-unknown-datum-index","datumIndex":191,"unitId":16777473,"recovery":"searching-for-end-of-data-marker"}
{"ts":"2025-11-19T02:40:39.162Z","level":"warn","event":"bfis-unit-decode-unknown-datum-index","datumIndex":191,"unitId":16778241,"recovery":"searching-for-end-of-data-marker"}
{"ts":"2025-11-19T02:40:39.162Z","level":"warn","event":"bfis-unit-decode-unknown-datum-index","datumIndex":191,"unitId":16777985,"recovery":"searching-for-end-of-data-marker"}
{"ts":"2025-11-19T02:40:39.171Z","level":"warn","event":"bfis-snapshot-empty-data","endpoint":"logs","message":"Empty logs array received"}
{"ts":"2025-11-19T02:40:39.212Z","level":"info","event":"bfis-snapshot-read-ok","snapshotId":"5c70c8ec-df42-4984-a668-98c23c17ad5d","sessionHash":"wXwFIkMvUoWzlJ4m","unitCount":25,"newUnitsInPoll":5,"cachedUnitsTotal":25,"unitsBufferSize":243,"weaponsBufferSize":8}
{"ts":"2025-11-19T02:40:40.156Z","level":"info","event":"bfis-binary-fetch","endpoint":"units","mode":"incremental","bytes":243,"lastTime":1763520039314}
{"ts":"2025-11-19T02:40:40.167Z","level":"warn","event":"bfis-snapshot-empty-data","endpoint":"weapons","bufferSize":8,"message":"Empty or minimal weapons data received"}
{"ts":"2025-11-19T02:40:40.168Z","level":"info","event":"bfis-binary-fetch","endpoint":"weapons","mode":"incremental","bytes":8,"lastTime":1763520039323}
{"ts":"2025-11-19T02:40:40.168Z","level":"warn","event":"bfis-unit-decode-unknown-datum-index","datumIndex":191,"unitId":16777473,"recovery":"searching-for-end-of-data-marker"}
{"ts":"2025-11-19T02:40:40.168Z","level":"warn","event":"bfis-unit-decode-unknown-datum-index","datumIndex":191,"unitId":16777985,"recovery":"searching-for-end-of-data-marker"}
{"ts":"2025-11-19T02:40:40.168Z","level":"warn","event":"bfis-unit-decode-unknown-datum-index","datumIndex":191,"unitId":16778241,"recovery":"searching-for-end-of-data-marker"}
{"ts":"2025-11-19T02:40:40.182Z","level":"warn","event":"bfis-snapshot-empty-data","endpoint":"logs","message":"Empty logs array received"}
{"ts":"2025-11-19T02:40:40.237Z","level":"info","event":"bfis-snapshot-read-ok","snapshotId":"e62f2891-0324-48aa-bd6e-719e0090b412","sessionHash":"wXwFIkMvUoWzlJ4m","unitCount":25,"newUnitsInPoll":5,"cachedUnitsTotal":25,"unitsBufferSize":243,"weaponsBufferSize":8}
{"ts":"2025-11-19T02:40:41.155Z","level":"info","event":"bfis-binary-fetch","endpoint":"units","mode":"incremental","bytes":243,"lastTime":1763520040316}
{"ts":"2025-11-19T02:40:41.165Z","level":"warn","event":"bfis-snapshot-empty-data","endpoint":"weapons","bufferSize":8,"message":"Empty or minimal weapons data received"}
{"ts":"2025-11-19T02:40:41.165Z","level":"info","event":"bfis-binary-fetch","endpoint":"weapons","mode":"incremental","bytes":8,"lastTime":1763520040328}
{"ts":"2025-11-19T02:40:41.165Z","level":"warn","event":"bfis-unit-decode-unknown-datum-index","datumIndex":191,"unitId":16777473,"recovery":"searching-for-end-of-data-marker"}
{"ts":"2025-11-19T02:40:41.165Z","level":"warn","event":"bfis-unit-decode-unknown-datum-index","datumIndex":191,"unitId":16777985,"recovery":"searching-for-end-of-data-marker"}
{"ts":"2025-11-19T02:40:41.165Z","level":"warn","event":"bfis-unit-decode-unknown-datum-index","datumIndex":191,"unitId":16778241,"recovery":"searching-for-end-of-data-marker"}
{"ts":"2025-11-19T02:40:41.175Z","level":"warn","event":"bfis-snapshot-empty-data","endpoint":"logs","message":"Empty logs array received"}
{"ts":"2025-11-19T02:40:41.216Z","level":"info","event":"bfis-snapshot-read-ok","snapshotId":"c4dd5096-20ae-4e6f-a029-63b8c1d33f22","sessionHash":"wXwFIkMvUoWzlJ4m","unitCount":25,"newUnitsInPoll":5,"cachedUnitsTotal":25,"unitsBufferSize":243,"weaponsBufferSize":8}
{"ts":"2025-11-19T02:40:42.154Z","level":"info","event":"bfis-binary-fetch","endpoint":"units","mode":"incremental","bytes":246,"lastTime":1763520041317}
{"ts":"2025-11-19T02:40:42.176Z","level":"warn","event":"bfis-snapshot-empty-data","endpoint":"weapons","bufferSize":8,"message":"Empty or minimal weapons data received"}
{"ts":"2025-11-19T02:40:42.176Z","level":"info","event":"bfis-binary-fetch","endpoint":"weapons","mode":"incremental","bytes":8,"lastTime":1763520041326}
{"ts":"2025-11-19T02:40:42.176Z","level":"warn","event":"bfis-unit-decode-unknown-datum-index","datumIndex":191,"unitId":16777473,"recovery":"searching-for-end-of-data-marker"}
{"ts":"2025-11-19T02:40:42.176Z","level":"warn","event":"bfis-unit-decode-unknown-datum-index","datumIndex":191,"unitId":16777985,"recovery":"searching-for-end-of-data-marker"}
{"ts":"2025-11-19T02:40:42.176Z","level":"warn","event":"bfis-unit-decode-field-error","datumIndex":63,"unitId":16778241,"error":"Offset is outside the bounds of the DataView","errorType":"RangeError"}
{"ts":"2025-11-19T02:40:42.187Z","level":"warn","event":"bfis-snapshot-empty-data","endpoint":"logs","message":"Empty logs array received"}
{"ts":"2025-11-19T02:40:42.244Z","level":"info","event":"bfis-snapshot-read-ok","snapshotId":"cb896df2-f04e-4276-9e1b-900036c0aee4","sessionHash":"wXwFIkMvUoWzlJ4m","unitCount":25,"newUnitsInPoll":5,"cachedUnitsTotal":25,"unitsBufferSize":246,"weaponsBufferSize":8}
{"ts":"2025-11-19T02:40:43.157Z","level":"info","event":"bfis-binary-fetch","endpoint":"units","mode":"incremental","bytes":243,"lastTime":1763520042316}
{"ts":"2025-11-19T02:40:43.167Z","level":"warn","event":"bfis-snapshot-empty-data","endpoint":"weapons","bufferSize":8,"message":"Empty or minimal weapons data received"}
{"ts":"2025-11-19T02:40:43.167Z","level":"info","event":"bfis-binary-fetch","endpoint":"weapons","mode":"incremental","bytes":8,"lastTime":1763520042326}
{"ts":"2025-11-19T02:40:43.167Z","level":"warn","event":"bfis-unit-decode-unknown-datum-index","datumIndex":191,"unitId":16777473,"recovery":"searching-for-end-of-data-marker"}
{"ts":"2025-11-19T02:40:43.167Z","level":"warn","event":"bfis-unit-decode-unknown-datum-index","datumIndex":191,"unitId":16777985,"recovery":"searching-for-end-of-data-marker"}
{"ts":"2025-11-19T02:40:43.167Z","level":"warn","event":"bfis-unit-decode-field-error","datumIndex":63,"unitId":16778241,"error":"Offset is outside the bounds of the DataView","errorType":"RangeError"}
{"ts":"2025-11-19T02:40:43.177Z","level":"warn","event":"bfis-snapshot-empty-data","endpoint":"logs","message":"Empty logs array received"}
{"ts":"2025-11-19T02:40:43.216Z","level":"info","event":"bfis-snapshot-read-ok","snapshotId":"a96d4d5f-040e-481b-8676-e04bf097d37e","sessionHash":"wXwFIkMvUoWzlJ4m","unitCount":25,"newUnitsInPoll":5,"cachedUnitsTotal":25,"unitsBufferSize":243,"weaponsBufferSize":8}
{"ts":"2025-11-19T02:40:44.170Z","level":"info","event":"bfis-binary-fetch","endpoint":"units","mode":"incremental","bytes":246,"lastTime":1763520043318}
{"ts":"2025-11-19T02:40:44.190Z","level":"warn","event":"bfis-snapshot-empty-data","endpoint":"weapons","bufferSize":8,"message":"Empty or minimal weapons data received"}
{"ts":"2025-11-19T02:40:44.190Z","level":"info","event":"bfis-binary-fetch","endpoint":"weapons","mode":"incremental","bytes":8,"lastTime":1763520043329}
{"ts":"2025-11-19T02:40:44.190Z","level":"warn","event":"bfis-unit-decode-unknown-datum-index","datumIndex":191,"unitId":16777473,"recovery":"searching-for-end-of-data-marker"}
{"ts":"2025-11-19T02:40:44.191Z","level":"warn","event":"bfis-unit-decode-unknown-datum-index","datumIndex":191,"unitId":16777985,"recovery":"searching-for-end-of-data-marker"}
{"ts":"2025-11-19T02:40:44.191Z","level":"warn","event":"bfis-unit-decode-field-error","datumIndex":63,"unitId":16778241,"error":"Offset is outside the bounds of the DataView","errorType":"RangeError"}
{"ts":"2025-11-19T02:40:44.202Z","level":"warn","event":"bfis-snapshot-empty-data","endpoint":"logs","message":"Empty logs array received"}
{"ts":"2025-11-19T02:40:44.253Z","level":"info","event":"bfis-snapshot-read-ok","snapshotId":"c27f7f35-24c9-4b81-af88-cb63d0083c54","sessionHash":"wXwFIkMvUoWzlJ4m","unitCount":25,"newUnitsInPoll":5,"cachedUnitsTotal":25,"unitsBufferSize":246,"weaponsBufferSize":8}
{"ts":"2025-11-19T02:40:45.157Z","level":"info","event":"bfis-binary-fetch","endpoint":"units","mode":"incremental","bytes":243,"lastTime":1763520044328}
{"ts":"2025-11-19T02:40:45.167Z","level":"warn","event":"bfis-snapshot-empty-data","endpoint":"weapons","bufferSize":8,"message":"Empty or minimal weapons data received"}
{"ts":"2025-11-19T02:40:45.168Z","level":"warn","event":"bfis-unit-decode-unknown-datum-index","datumIndex":191,"unitId":16777473,"recovery":"searching-for-end-of-data-marker"}
{"ts":"2025-11-19T02:40:45.168Z","level":"info","event":"bfis-binary-fetch","endpoint":"weapons","mode":"incremental","bytes":8,"lastTime":1763520044343}
{"ts":"2025-11-19T02:40:45.168Z","level":"warn","event":"bfis-unit-decode-unknown-datum-index","datumIndex":208,"unitId":759371711,"recovery":"searching-for-end-of-data-marker"}
{"ts":"2025-11-19T02:40:45.168Z","level":"warn","event":"bfis-unit-decode-unknown-datum-index","datumIndex":191,"unitId":16777985,"recovery":"searching-for-end-of-data-marker"}
{"ts":"2025-11-19T02:40:45.168Z","level":"warn","event":"bfis-unit-decode-field-error","datumIndex":63,"unitId":16778241,"error":"Offset is outside the bounds of the DataView","errorType":"RangeError"}
{"ts":"2025-11-19T02:40:45.177Z","level":"warn","event":"bfis-snapshot-empty-data","endpoint":"logs","message":"Empty logs array received"}
{"ts":"2025-11-19T02:40:45.221Z","level":"info","event":"bfis-snapshot-read-ok","snapshotId":"0710c7f2-3c0f-420b-8c4d-fc51c3302415","sessionHash":"wXwFIkMvUoWzlJ4m","unitCount":26,"newUnitsInPoll":6,"cachedUnitsTotal":26,"unitsBufferSize":243,"weaponsBufferSize":8}
{"ts":"2025-11-19T02:40:46.157Z","level":"info","event":"bfis-binary-fetch","endpoint":"units","mode":"incremental","bytes":243,"lastTime":1763520045318}
{"ts":"2025-11-19T02:40:46.166Z","level":"warn","event":"bfis-snapshot-empty-data","endpoint":"weapons","bufferSize":8,"message":"Empty or minimal weapons data received"}
{"ts":"2025-11-19T02:40:46.167Z","level":"info","event":"bfis-binary-fetch","endpoint":"weapons","mode":"incremental","bytes":8,"lastTime":1763520045328}
{"ts":"2025-11-19T02:40:46.167Z","level":"warn","event":"bfis-unit-decode-unknown-datum-index","datumIndex":191,"unitId":16777473,"recovery":"searching-for-end-of-data-marker"}
{"ts":"2025-11-19T02:40:46.176Z","level":"warn","event":"bfis-snapshot-empty-data","endpoint":"logs","message":"Empty logs array received"}
{"ts":"2025-11-19T02:40:46.214Z","level":"info","event":"bfis-snapshot-read-ok","snapshotId":"1c562b08-4352-4303-b672-1ea0b7ec87f8","sessionHash":"wXwFIkMvUoWzlJ4m","unitCount":26,"newUnitsInPoll":2,"cachedUnitsTotal":26,"unitsBufferSize":243,"weaponsBufferSize":8}
{"ts":"2025-11-19T02:40:47.171Z","level":"info","event":"bfis-binary-fetch","endpoint":"units","mode":"incremental","bytes":243,"lastTime":1763520046318}
{"ts":"2025-11-19T02:40:47.201Z","level":"warn","event":"bfis-snapshot-empty-data","endpoint":"weapons","bufferSize":8,"message":"Empty or minimal weapons data received"}
{"ts":"2025-11-19T02:40:47.201Z","level":"info","event":"bfis-binary-fetch","endpoint":"weapons","mode":"incremental","bytes":8,"lastTime":1763520046328}
{"ts":"2025-11-19T02:40:47.201Z","level":"warn","event":"bfis-unit-decode-unknown-datum-index","datumIndex":191,"unitId":16777473,"recovery":"searching-for-end-of-data-marker"}
{"ts":"2025-11-19T02:40:47.201Z","level":"warn","event":"bfis-unit-decode-unknown-datum-index","datumIndex":191,"unitId":16777985,"recovery":"searching-for-end-of-data-marker"}
{"ts":"2025-11-19T02:40:47.201Z","level":"warn","event":"bfis-unit-decode-unknown-datum-index","datumIndex":245,"unitId":883103551,"recovery":"searching-for-end-of-data-marker"}
{"ts":"2025-11-19T02:40:47.201Z","level":"warn","event":"bfis-unit-decode-unknown-datum-index","datumIndex":191,"unitId":16778241,"recovery":"searching-for-end-of-data-marker"}
{"ts":"2025-11-19T02:40:47.211Z","level":"warn","event":"bfis-snapshot-empty-data","endpoint":"logs","message":"Empty logs array received"}
{"ts":"2025-11-19T02:40:47.269Z","level":"info","event":"bfis-snapshot-read-ok","snapshotId":"1c9106bd-9472-4600-b9b3-308735dc4bbf","sessionHash":"wXwFIkMvUoWzlJ4m","unitCount":27,"newUnitsInPoll":6,"cachedUnitsTotal":27,"unitsBufferSize":243,"weaponsBufferSize":8}
{"ts":"2025-11-19T02:40:48.164Z","level":"info","event":"bfis-binary-fetch","endpoint":"units","mode":"incremental","bytes":243,"lastTime":1763520047333}
{"ts":"2025-11-19T02:40:48.174Z","level":"warn","event":"bfis-snapshot-empty-data","endpoint":"weapons","bufferSize":8,"message":"Empty or minimal weapons data received"}
{"ts":"2025-11-19T02:40:48.174Z","level":"info","event":"bfis-binary-fetch","endpoint":"weapons","mode":"incremental","bytes":8,"lastTime":1763520047362}
{"ts":"2025-11-19T02:40:48.174Z","level":"warn","event":"bfis-unit-decode-unknown-datum-index","datumIndex":191,"unitId":16777473,"recovery":"searching-for-end-of-data-marker"}
{"ts":"2025-11-19T02:40:48.175Z","level":"warn","event":"bfis-unit-decode-unknown-datum-index","datumIndex":191,"unitId":16777985,"recovery":"searching-for-end-of-data-marker"}
{"ts":"2025-11-19T02:40:48.175Z","level":"warn","event":"bfis-unit-decode-unknown-datum-index","datumIndex":191,"unitId":16778241,"recovery":"searching-for-end-of-data-marker"}
{"ts":"2025-11-19T02:40:48.184Z","level":"warn","event":"bfis-snapshot-empty-data","endpoint":"logs","message":"Empty logs array received"}
{"ts":"2025-11-19T02:40:48.222Z","level":"info","event":"bfis-snapshot-read-ok","snapshotId":"c232efe9-1e14-479b-8f39-90ba320a7779","sessionHash":"wXwFIkMvUoWzlJ4m","unitCount":27,"newUnitsInPoll":5,"cachedUnitsTotal":27,"unitsBufferSize":243,"weaponsBufferSize":8}
{"ts":"2025-11-19T02:40:49.175Z","level":"info","event":"bfis-binary-fetch","endpoint":"units","mode":"incremental","bytes":243,"lastTime":1763520048325}
{"ts":"2025-11-19T02:40:49.190Z","level":"warn","event":"bfis-snapshot-empty-data","endpoint":"weapons","bufferSize":8,"message":"Empty or minimal weapons data received"}
{"ts":"2025-11-19T02:40:49.190Z","level":"info","event":"bfis-binary-fetch","endpoint":"weapons","mode":"incremental","bytes":8,"lastTime":1763520048335}
{"ts":"2025-11-19T02:40:49.190Z","level":"warn","event":"bfis-unit-decode-unknown-datum-index","datumIndex":191,"unitId":16777473,"recovery":"searching-for-end-of-data-marker"}
{"ts":"2025-11-19T02:40:49.190Z","level":"warn","event":"bfis-unit-decode-unknown-datum-index","datumIndex":191,"unitId":16777985,"recovery":"searching-for-end-of-data-marker"}
{"ts":"2025-11-19T02:40:49.190Z","level":"warn","event":"bfis-unit-decode-unknown-datum-index","datumIndex":191,"unitId":16778241,"recovery":"searching-for-end-of-data-marker"}
{"ts":"2025-11-19T02:40:49.200Z","level":"warn","event":"bfis-snapshot-empty-data","endpoint":"logs","message":"Empty logs array received"}
{"ts":"2025-11-19T02:40:49.240Z","level":"info","event":"bfis-snapshot-read-ok","snapshotId":"27d2ee4a-7808-4a5b-b313-9ff8e8a0f213","sessionHash":"wXwFIkMvUoWzlJ4m","unitCount":27,"newUnitsInPoll":5,"cachedUnitsTotal":27,"unitsBufferSize":243,"weaponsBufferSize":8}
{"ts":"2025-11-19T02:40:50.174Z","level":"info","event":"bfis-binary-fetch","endpoint":"units","mode":"incremental","bytes":243,"lastTime":1763520049333}
{"ts":"2025-11-19T02:40:50.186Z","level":"warn","event":"bfis-snapshot-empty-data","endpoint":"weapons","bufferSize":8,"message":"Empty or minimal weapons data received"}
{"ts":"2025-11-19T02:40:50.186Z","level":"info","event":"bfis-binary-fetch","endpoint":"weapons","mode":"incremental","bytes":8,"lastTime":1763520049348}
{"ts":"2025-11-19T02:40:50.186Z","level":"warn","event":"bfis-unit-decode-unknown-datum-index","datumIndex":191,"unitId":16777473,"recovery":"searching-for-end-of-data-marker"}
{"ts":"2025-11-19T02:40:50.186Z","level":"warn","event":"bfis-unit-decode-unknown-datum-index","datumIndex":191,"unitId":16777985,"recovery":"searching-for-end-of-data-marker"}
{"ts":"2025-11-19T02:40:50.199Z","level":"warn","event":"bfis-snapshot-empty-data","endpoint":"logs","message":"Empty logs array received"}
{"ts":"2025-11-19T02:40:50.257Z","level":"info","event":"bfis-snapshot-read-ok","snapshotId":"5729bd69-2f39-409b-972a-2d0480802030","sessionHash":"wXwFIkMvUoWzlJ4m","unitCount":28,"newUnitsInPoll":4,"cachedUnitsTotal":28,"unitsBufferSize":243,"weaponsBufferSize":8}
{"ts":"2025-11-19T02:40:51.171Z","level":"info","event":"bfis-binary-fetch","endpoint":"units","mode":"incremental","bytes":243,"lastTime":1763520050330}
{"ts":"2025-11-19T02:40:51.182Z","level":"warn","event":"bfis-snapshot-empty-data","endpoint":"weapons","bufferSize":8,"message":"Empty or minimal weapons data received"}
{"ts":"2025-11-19T02:40:51.182Z","level":"info","event":"bfis-binary-fetch","endpoint":"weapons","mode":"incremental","bytes":8,"lastTime":1763520050346}
{"ts":"2025-11-19T02:40:51.182Z","level":"warn","event":"bfis-unit-decode-unknown-datum-index","datumIndex":191,"unitId":16777473,"recovery":"searching-for-end-of-data-marker"}
{"ts":"2025-11-19T02:40:51.182Z","level":"warn","event":"bfis-unit-decode-unknown-datum-index","datumIndex":191,"unitId":16777985,"recovery":"searching-for-end-of-data-marker"}
{"ts":"2025-11-19T02:40:51.182Z","level":"warn","event":"bfis-unit-decode-unknown-datum-index","datumIndex":191,"unitId":16778241,"recovery":"searching-for-end-of-data-marker"}
{"ts":"2025-11-19T02:40:51.192Z","level":"warn","event":"bfis-snapshot-empty-data","endpoint":"logs","message":"Empty logs array received"}
{"ts":"2025-11-19T02:40:51.236Z","level":"info","event":"bfis-snapshot-read-ok","snapshotId":"aba68026-e07b-4a57-9b83-49436694b683","sessionHash":"wXwFIkMvUoWzlJ4m","unitCount":28,"newUnitsInPoll":5,"cachedUnitsTotal":28,"unitsBufferSize":243,"weaponsBufferSize":8}
{"ts":"2025-11-19T02:40:52.183Z","level":"info","event":"bfis-binary-fetch","endpoint":"units","mode":"incremental","bytes":243,"lastTime":1763520051332}
{"ts":"2025-11-19T02:40:52.194Z","level":"warn","event":"bfis-snapshot-empty-data","endpoint":"weapons","bufferSize":8,"message":"Empty or minimal weapons data received"}
{"ts":"2025-11-19T02:40:52.195Z","level":"info","event":"bfis-binary-fetch","endpoint":"weapons","mode":"incremental","bytes":8,"lastTime":1763520051344}
{"ts":"2025-11-19T02:40:52.195Z","level":"warn","event":"bfis-unit-decode-unknown-datum-index","datumIndex":191,"unitId":16777473,"recovery":"searching-for-end-of-data-marker"}
{"ts":"2025-11-19T02:40:52.195Z","level":"warn","event":"bfis-unit-decode-unknown-datum-index","datumIndex":191,"unitId":16777985,"recovery":"searching-for-end-of-data-marker"}
{"ts":"2025-11-19T02:40:52.195Z","level":"warn","event":"bfis-unit-decode-unknown-datum-index","datumIndex":191,"unitId":16778241,"recovery":"searching-for-end-of-data-marker"}
{"ts":"2025-11-19T02:40:52.216Z","level":"warn","event":"bfis-snapshot-empty-data","endpoint":"logs","message":"Empty logs array received"}
{"ts":"2025-11-19T02:40:52.263Z","level":"info","event":"bfis-snapshot-read-ok","snapshotId":"2d14539e-4c8a-4343-9fce-e0192bcc6035","sessionHash":"wXwFIkMvUoWzlJ4m","unitCount":29,"newUnitsInPoll":6,"cachedUnitsTotal":29,"unitsBufferSize":243,"weaponsBufferSize":8}
{"ts":"2025-11-19T02:40:53.167Z","level":"info","event":"bfis-binary-fetch","endpoint":"units","mode":"incremental","bytes":243,"lastTime":1763520052344}
{"ts":"2025-11-19T02:40:53.178Z","level":"warn","event":"bfis-snapshot-empty-data","endpoint":"weapons","bufferSize":8,"message":"Empty or minimal weapons data received"}
{"ts":"2025-11-19T02:40:53.178Z","level":"info","event":"bfis-binary-fetch","endpoint":"weapons","mode":"incremental","bytes":8,"lastTime":1763520052354}
{"ts":"2025-11-19T02:40:53.179Z","level":"warn","event":"bfis-unit-decode-unknown-datum-index","datumIndex":192,"unitId":16777473,"recovery":"searching-for-end-of-data-marker"}
{"ts":"2025-11-19T02:40:53.179Z","level":"warn","event":"bfis-unit-decode-unknown-datum-index","datumIndex":191,"unitId":16777985,"recovery":"searching-for-end-of-data-marker"}
{"ts":"2025-11-19T02:40:53.179Z","level":"warn","event":"bfis-unit-decode-unknown-datum-index","datumIndex":191,"unitId":16778241,"recovery":"searching-for-end-of-data-marker"}
{"ts":"2025-11-19T02:40:53.190Z","level":"warn","event":"bfis-snapshot-empty-data","endpoint":"logs","message":"Empty logs array received"}
{"ts":"2025-11-19T02:40:53.237Z","level":"info","event":"bfis-snapshot-read-ok","snapshotId":"f24d544f-9766-4663-9839-4cd5bba99dcf","sessionHash":"wXwFIkMvUoWzlJ4m","unitCount":29,"newUnitsInPoll":5,"cachedUnitsTotal":29,"unitsBufferSize":243,"weaponsBufferSize":8}
{"ts":"2025-11-19T02:40:54.181Z","level":"info","event":"bfis-binary-fetch","endpoint":"units","mode":"incremental","bytes":243,"lastTime":1763520053328}
{"ts":"2025-11-19T02:40:54.197Z","level":"warn","event":"bfis-snapshot-empty-data","endpoint":"weapons","bufferSize":8,"message":"Empty or minimal weapons data received"}
{"ts":"2025-11-19T02:40:54.197Z","level":"info","event":"bfis-binary-fetch","endpoint":"weapons","mode":"incremental","bytes":8,"lastTime":1763520053340}
{"ts":"2025-11-19T02:40:54.197Z","level":"warn","event":"bfis-unit-decode-unknown-datum-index","datumIndex":192,"unitId":16777473,"recovery":"searching-for-end-of-data-marker"}
{"ts":"2025-11-19T02:40:54.197Z","level":"warn","event":"bfis-unit-decode-unknown-datum-index","datumIndex":191,"unitId":16777985,"recovery":"searching-for-end-of-data-marker"}
{"ts":"2025-11-19T02:40:54.197Z","level":"warn","event":"bfis-unit-decode-unknown-datum-index","datumIndex":191,"unitId":16778241,"recovery":"searching-for-end-of-data-marker"}
{"ts":"2025-11-19T02:40:54.207Z","level":"warn","event":"bfis-snapshot-empty-data","endpoint":"logs","message":"Empty logs array received"}
{"ts":"2025-11-19T02:40:54.249Z","level":"info","event":"bfis-snapshot-read-ok","snapshotId":"e22bbdc2-d8bf-4cbc-b788-7255a616b26b","sessionHash":"wXwFIkMvUoWzlJ4m","unitCount":29,"newUnitsInPoll":5,"cachedUnitsTotal":29,"unitsBufferSize":243,"weaponsBufferSize":8}
{"ts":"2025-11-19T02:40:55.166Z","level":"info","event":"bfis-binary-fetch","endpoint":"units","mode":"incremental","bytes":243,"lastTime":1763520054343}
{"ts":"2025-11-19T02:40:55.177Z","level":"warn","event":"bfis-snapshot-empty-data","endpoint":"weapons","bufferSize":8,"message":"Empty or minimal weapons data received"}
{"ts":"2025-11-19T02:40:55.177Z","level":"info","event":"bfis-binary-fetch","endpoint":"weapons","mode":"incremental","bytes":8,"lastTime":1763520054355}
{"ts":"2025-11-19T02:40:55.177Z","level":"warn","event":"bfis-unit-decode-unknown-datum-index","datumIndex":192,"unitId":16777473,"recovery":"searching-for-end-of-data-marker"}
{"ts":"2025-11-19T02:40:55.177Z","level":"warn","event":"bfis-unit-decode-unknown-datum-index","datumIndex":192,"unitId":61618104,"recovery":"searching-for-end-of-data-marker"}
{"ts":"2025-11-19T02:40:55.177Z","level":"warn","event":"bfis-unit-decode-unknown-datum-index","datumIndex":191,"unitId":16777985,"recovery":"searching-for-end-of-data-marker"}
{"ts":"2025-11-19T02:40:55.177Z","level":"warn","event":"bfis-unit-decode-unknown-datum-index","datumIndex":191,"unitId":16778241,"recovery":"searching-for-end-of-data-marker"}
{"ts":"2025-11-19T02:40:55.189Z","level":"warn","event":"bfis-snapshot-empty-data","endpoint":"logs","message":"Empty logs array received"}
{"ts":"2025-11-19T02:40:55.241Z","level":"info","event":"bfis-snapshot-read-ok","snapshotId":"ea3315a5-5c82-4bfe-9a33-e1a00065209b","sessionHash":"wXwFIkMvUoWzlJ4m","unitCount":30,"newUnitsInPoll":6,"cachedUnitsTotal":30,"unitsBufferSize":243,"weaponsBufferSize":8}
{"ts":"2025-11-19T02:40:56.166Z","level":"info","event":"bfis-binary-fetch","endpoint":"units","mode":"incremental","bytes":243,"lastTime":1763520055328}
{"ts":"2025-11-19T02:40:56.175Z","level":"warn","event":"bfis-snapshot-empty-data","endpoint":"weapons","bufferSize":8,"message":"Empty or minimal weapons data received"}
{"ts":"2025-11-19T02:40:56.175Z","level":"info","event":"bfis-binary-fetch","endpoint":"weapons","mode":"incremental","bytes":8,"lastTime":1763520055338}
{"ts":"2025-11-19T02:40:56.175Z","level":"warn","event":"bfis-unit-decode-unknown-datum-index","datumIndex":192,"unitId":16777473,"recovery":"searching-for-end-of-data-marker"}
{"ts":"2025-11-19T02:40:56.175Z","level":"warn","event":"bfis-unit-decode-unknown-datum-index","datumIndex":191,"unitId":16777985,"recovery":"searching-for-end-of-data-marker"}
{"ts":"2025-11-19T02:40:56.175Z","level":"warn","event":"bfis-unit-decode-unknown-datum-index","datumIndex":191,"unitId":16778241,"recovery":"searching-for-end-of-data-marker"}
{"ts":"2025-11-19T02:40:56.185Z","level":"warn","event":"bfis-snapshot-empty-data","endpoint":"logs","message":"Empty logs array received"}
{"ts":"2025-11-19T02:40:56.233Z","level":"info","event":"bfis-snapshot-read-ok","snapshotId":"3026dfcb-4357-45ed-b7cb-074ad616d612","sessionHash":"wXwFIkMvUoWzlJ4m","unitCount":30,"newUnitsInPoll":5,"cachedUnitsTotal":30,"unitsBufferSize":243,"weaponsBufferSize":8}
{"ts":"2025-11-19T02:40:57.171Z","level":"info","event":"bfis-binary-fetch","endpoint":"units","mode":"incremental","bytes":243,"lastTime":1763520056328}
{"ts":"2025-11-19T02:40:57.184Z","level":"warn","event":"bfis-snapshot-empty-data","endpoint":"weapons","bufferSize":8,"message":"Empty or minimal weapons data received"}
{"ts":"2025-11-19T02:40:57.184Z","level":"info","event":"bfis-binary-fetch","endpoint":"weapons","mode":"incremental","bytes":8,"lastTime":1763520056337}
{"ts":"2025-11-19T02:40:57.184Z","level":"warn","event":"bfis-unit-decode-unknown-datum-index","datumIndex":191,"unitId":16778241,"recovery":"searching-for-end-of-data-marker"}
{"ts":"2025-11-19T02:40:57.184Z","level":"warn","event":"bfis-unit-decode-unknown-datum-index","datumIndex":192,"unitId":16777473,"recovery":"searching-for-end-of-data-marker"}
{"ts":"2025-11-19T02:40:57.184Z","level":"warn","event":"bfis-unit-decode-unknown-datum-index","datumIndex":191,"unitId":16777985,"recovery":"searching-for-end-of-data-marker"}
{"ts":"2025-11-19T02:40:57.193Z","level":"warn","event":"bfis-snapshot-empty-data","endpoint":"logs","message":"Empty logs array received"}
{"ts":"2025-11-19T02:40:57.231Z","level":"info","event":"bfis-snapshot-read-ok","snapshotId":"ad27a107-5714-4bd4-b71a-1c03f019a363","sessionHash":"wXwFIkMvUoWzlJ4m","unitCount":30,"newUnitsInPoll":5,"cachedUnitsTotal":30,"unitsBufferSize":243,"weaponsBufferSize":8}
{"ts":"2025-11-19T02:40:58.177Z","level":"info","event":"bfis-binary-fetch","endpoint":"units","mode":"incremental","bytes":243,"lastTime":1763520057333}
{"ts":"2025-11-19T02:40:58.190Z","level":"warn","event":"bfis-snapshot-empty-data","endpoint":"weapons","bufferSize":8,"message":"Empty or minimal weapons data received"}
{"ts":"2025-11-19T02:40:58.190Z","level":"info","event":"bfis-binary-fetch","endpoint":"weapons","mode":"incremental","bytes":8,"lastTime":1763520057346}
{"ts":"2025-11-19T02:40:58.191Z","level":"warn","event":"bfis-unit-decode-unknown-datum-index","datumIndex":192,"unitId":16777473,"recovery":"searching-for-end-of-data-marker"}
{"ts":"2025-11-19T02:40:58.191Z","level":"warn","event":"bfis-unit-decode-unknown-datum-index","datumIndex":144,"unitId":16777985,"recovery":"searching-for-end-of-data-marker"}
{"ts":"2025-11-19T02:40:58.207Z","level":"warn","event":"bfis-snapshot-empty-data","endpoint":"logs","message":"Empty logs array received"}
{"ts":"2025-11-19T02:40:58.260Z","level":"info","event":"bfis-snapshot-read-ok","snapshotId":"d20495dd-2d77-4d20-8478-451473d39bb5","sessionHash":"wXwFIkMvUoWzlJ4m","unitCount":30,"newUnitsInPoll":4,"cachedUnitsTotal":30,"unitsBufferSize":243,"weaponsBufferSize":8}
{"ts":"2025-11-19T02:40:59.168Z","level":"info","event":"bfis-binary-fetch","endpoint":"units","mode":"incremental","bytes":243,"lastTime":1763520058335}
{"ts":"2025-11-19T02:40:59.177Z","level":"warn","event":"bfis-snapshot-empty-data","endpoint":"weapons","bufferSize":8,"message":"Empty or minimal weapons data received"}
{"ts":"2025-11-19T02:40:59.177Z","level":"info","event":"bfis-binary-fetch","endpoint":"weapons","mode":"incremental","bytes":8,"lastTime":1763520058349}
{"ts":"2025-11-19T02:40:59.177Z","level":"warn","event":"bfis-unit-decode-unknown-datum-index","datumIndex":192,"unitId":16777473,"recovery":"searching-for-end-of-data-marker"}
{"ts":"2025-11-19T02:40:59.177Z","level":"warn","event":"bfis-unit-decode-unknown-datum-index","datumIndex":126,"unitId":16777985,"recovery":"searching-for-end-of-data-marker"}
{"ts":"2025-11-19T02:40:59.177Z","level":"warn","event":"bfis-unit-decode-unknown-datum-index","datumIndex":251,"unitId":2568470478,"recovery":"searching-for-end-of-data-marker"}
{"ts":"2025-11-19T02:40:59.185Z","level":"warn","event":"bfis-snapshot-empty-data","endpoint":"logs","message":"Empty logs array received"}
{"ts":"2025-11-19T02:40:59.248Z","level":"info","event":"bfis-snapshot-read-ok","snapshotId":"491908c7-186c-46b7-8961-4cc8d7fbae75","sessionHash":"wXwFIkMvUoWzlJ4m","unitCount":31,"newUnitsInPoll":5,"cachedUnitsTotal":31,"unitsBufferSize":243,"weaponsBufferSize":8}
{"ts":"2025-11-19T02:41:00.171Z","level":"info","event":"bfis-binary-fetch","endpoint":"units","mode":"incremental","bytes":243,"lastTime":1763520059330}
{"ts":"2025-11-19T02:41:00.193Z","level":"warn","event":"bfis-snapshot-empty-data","endpoint":"weapons","bufferSize":8,"message":"Empty or minimal weapons data received"}
{"ts":"2025-11-19T02:41:00.193Z","level":"info","event":"bfis-binary-fetch","endpoint":"weapons","mode":"incremental","bytes":8,"lastTime":1763520059339}
{"ts":"2025-11-19T02:41:00.194Z","level":"warn","event":"bfis-unit-decode-unknown-datum-index","datumIndex":192,"unitId":16777473,"recovery":"searching-for-end-of-data-marker"}
{"ts":"2025-11-19T02:41:00.194Z","level":"warn","event":"bfis-unit-decode-unknown-datum-index","datumIndex":195,"unitId":16777985,"recovery":"searching-for-end-of-data-marker"}
{"ts":"2025-11-19T02:41:00.205Z","level":"warn","event":"bfis-snapshot-empty-data","endpoint":"logs","message":"Empty logs array received"}
{"ts":"2025-11-19T02:41:00.256Z","level":"info","event":"bfis-snapshot-read-ok","snapshotId":"5e088e92-3b64-453d-a709-83dc59286aa4","sessionHash":"wXwFIkMvUoWzlJ4m","unitCount":31,"newUnitsInPoll":4,"cachedUnitsTotal":31,"unitsBufferSize":243,"weaponsBufferSize":8}
{"ts":"2025-11-19T02:41:01.170Z","level":"info","event":"bfis-binary-fetch","endpoint":"units","mode":"incremental","bytes":246,"lastTime":1763520060332}
{"ts":"2025-11-19T02:41:01.180Z","level":"warn","event":"bfis-snapshot-empty-data","endpoint":"weapons","bufferSize":8,"message":"Empty or minimal weapons data received"}
{"ts":"2025-11-19T02:41:01.181Z","level":"info","event":"bfis-binary-fetch","endpoint":"weapons","mode":"incremental","bytes":8,"lastTime":1763520060355}
{"ts":"2025-11-19T02:41:01.181Z","level":"warn","event":"bfis-unit-decode-unknown-datum-index","datumIndex":192,"unitId":16777473,"recovery":"searching-for-end-of-data-marker"}
{"ts":"2025-11-19T02:41:01.181Z","level":"warn","event":"bfis-unit-decode-unknown-datum-index","datumIndex":174,"unitId":16777985,"recovery":"searching-for-end-of-data-marker"}
{"ts":"2025-11-19T02:41:01.190Z","level":"warn","event":"bfis-snapshot-empty-data","endpoint":"logs","message":"Empty logs array received"}
{"ts":"2025-11-19T02:41:01.229Z","level":"info","event":"bfis-snapshot-read-ok","snapshotId":"da2f21ca-d275-49fa-bf26-9a747729546b","sessionHash":"wXwFIkMvUoWzlJ4m","unitCount":31,"newUnitsInPoll":4,"cachedUnitsTotal":31,"unitsBufferSize":246,"weaponsBufferSize":8}
{"ts":"2025-11-19T02:41:02.179Z","level":"info","event":"bfis-binary-fetch","endpoint":"units","mode":"incremental","bytes":243,"lastTime":1763520061331}
{"ts":"2025-11-19T02:41:02.197Z","level":"warn","event":"bfis-snapshot-empty-data","endpoint":"weapons","bufferSize":8,"message":"Empty or minimal weapons data received"}
{"ts":"2025-11-19T02:41:02.197Z","level":"info","event":"bfis-binary-fetch","endpoint":"weapons","mode":"incremental","bytes":8,"lastTime":1763520061342}
{"ts":"2025-11-19T02:41:02.197Z","level":"warn","event":"bfis-unit-decode-unknown-datum-index","datumIndex":192,"unitId":16777473,"recovery":"searching-for-end-of-data-marker"}
{"ts":"2025-11-19T02:41:02.197Z","level":"warn","event":"bfis-unit-decode-unknown-datum-index","datumIndex":95,"unitId":16777985,"recovery":"searching-for-end-of-data-marker"}
{"ts":"2025-11-19T02:41:02.206Z","level":"warn","event":"bfis-snapshot-empty-data","endpoint":"logs","message":"Empty logs array received"}
{"ts":"2025-11-19T02:41:02.243Z","level":"info","event":"bfis-snapshot-read-ok","snapshotId":"79cf6303-ee89-47ea-abae-b4a5a57ef515","sessionHash":"wXwFIkMvUoWzlJ4m","unitCount":31,"newUnitsInPoll":4,"cachedUnitsTotal":31,"unitsBufferSize":243,"weaponsBufferSize":8}
{"ts":"2025-11-19T02:41:03.170Z","level":"info","event":"bfis-binary-fetch","endpoint":"units","mode":"incremental","bytes":243,"lastTime":1763520062341}
{"ts":"2025-11-19T02:41:03.180Z","level":"warn","event":"bfis-snapshot-empty-data","endpoint":"weapons","bufferSize":8,"message":"Empty or minimal weapons data received"}
{"ts":"2025-11-19T02:41:03.181Z","level":"info","event":"bfis-binary-fetch","endpoint":"weapons","mode":"incremental","bytes":8,"lastTime":1763520062351}
{"ts":"2025-11-19T02:41:03.181Z","level":"warn","event":"bfis-unit-decode-unknown-datum-index","datumIndex":192,"unitId":16777473,"recovery":"searching-for-end-of-data-marker"}
{"ts":"2025-11-19T02:41:03.181Z","level":"warn","event":"bfis-unit-decode-unknown-datum-index","datumIndex":173,"unitId":16777985,"recovery":"searching-for-end-of-data-marker"}
{"ts":"2025-11-19T02:41:03.193Z","level":"warn","event":"bfis-snapshot-empty-data","endpoint":"logs","message":"Empty logs array received"}
{"ts":"2025-11-19T02:41:03.238Z","level":"info","event":"bfis-snapshot-read-ok","snapshotId":"39c105c6-3d3b-4dcb-9110-590cb325cade","sessionHash":"wXwFIkMvUoWzlJ4m","unitCount":31,"newUnitsInPoll":4,"cachedUnitsTotal":31,"unitsBufferSize":243,"weaponsBufferSize":8}
{"ts":"2025-11-19T02:41:04.170Z","level":"info","event":"bfis-binary-fetch","endpoint":"units","mode":"incremental","bytes":243,"lastTime":1763520063332}
{"ts":"2025-11-19T02:41:04.179Z","level":"info","event":"bfis-binary-fetch","endpoint":"weapons","mode":"incremental","bytes":8,"lastTime":1763520063342}
{"ts":"2025-11-19T02:41:04.179Z","level":"warn","event":"bfis-snapshot-empty-data","endpoint":"weapons","bufferSize":8,"message":"Empty or minimal weapons data received"}
{"ts":"2025-11-19T02:41:04.179Z","level":"warn","event":"bfis-unit-decode-unknown-datum-index","datumIndex":192,"unitId":16777473,"recovery":"searching-for-end-of-data-marker"}
{"ts":"2025-11-19T02:41:04.180Z","level":"warn","event":"bfis-unit-decode-unknown-datum-index","datumIndex":183,"unitId":16777985,"recovery":"searching-for-end-of-data-marker"}
{"ts":"2025-11-19T02:41:04.188Z","level":"warn","event":"bfis-snapshot-empty-data","endpoint":"logs","message":"Empty logs array received"}
{"ts":"2025-11-19T02:41:04.226Z","level":"info","event":"bfis-snapshot-read-ok","snapshotId":"c3e201b3-28e8-43a1-ab2a-f7cbf73ab0d1","sessionHash":"wXwFIkMvUoWzlJ4m","unitCount":31,"newUnitsInPoll":4,"cachedUnitsTotal":31,"unitsBufferSize":243,"weaponsBufferSize":8}
{"ts":"2025-11-19T02:41:05.184Z","level":"info","event":"bfis-binary-fetch","endpoint":"units","mode":"incremental","bytes":243,"lastTime":1763520064332}
{"ts":"2025-11-19T02:41:05.195Z","level":"warn","event":"bfis-snapshot-empty-data","endpoint":"weapons","bufferSize":8,"message":"Empty or minimal weapons data received"}
{"ts":"2025-11-19T02:41:05.195Z","level":"info","event":"bfis-binary-fetch","endpoint":"weapons","mode":"incremental","bytes":8,"lastTime":1763520064342}
{"ts":"2025-11-19T02:41:05.195Z","level":"warn","event":"bfis-unit-decode-unknown-datum-index","datumIndex":192,"unitId":16777473,"recovery":"searching-for-end-of-data-marker"}
{"ts":"2025-11-19T02:41:05.196Z","level":"warn","event":"bfis-unit-decode-unknown-datum-index","datumIndex":242,"unitId":16777985,"recovery":"searching-for-end-of-data-marker"}
{"ts":"2025-11-19T02:41:05.206Z","level":"warn","event":"bfis-snapshot-empty-data","endpoint":"logs","message":"Empty logs array received"}
{"ts":"2025-11-19T02:41:05.245Z","level":"info","event":"bfis-snapshot-read-ok","snapshotId":"fa8d3f96-928d-4532-a61e-b831d2e8a7fa","sessionHash":"wXwFIkMvUoWzlJ4m","unitCount":31,"newUnitsInPoll":4,"cachedUnitsTotal":31,"unitsBufferSize":243,"weaponsBufferSize":8}
{"ts":"2025-11-19T02:41:06.173Z","level":"info","event":"bfis-binary-fetch","endpoint":"units","mode":"incremental","bytes":243,"lastTime":1763520065345}
{"ts":"2025-11-19T02:41:06.185Z","level":"warn","event":"bfis-snapshot-empty-data","endpoint":"weapons","bufferSize":8,"message":"Empty or minimal weapons data received"}
{"ts":"2025-11-19T02:41:06.185Z","level":"info","event":"bfis-binary-fetch","endpoint":"weapons","mode":"incremental","bytes":8,"lastTime":1763520065358}
{"ts":"2025-11-19T02:41:06.185Z","level":"warn","event":"bfis-unit-decode-unknown-datum-index","datumIndex":192,"unitId":16777473,"recovery":"searching-for-end-of-data-marker"}
{"ts":"2025-11-19T02:41:06.186Z","level":"warn","event":"bfis-unit-decode-unknown-datum-index","datumIndex":98,"unitId":16777985,"recovery":"searching-for-end-of-data-marker"}
{"ts":"2025-11-19T02:41:06.197Z","level":"warn","event":"bfis-snapshot-empty-data","endpoint":"logs","message":"Empty logs array received"}
{"ts":"2025-11-19T02:41:06.250Z","level":"info","event":"bfis-snapshot-read-ok","snapshotId":"49f2ae44-7cb2-42e8-a95d-c0b9b5609ab2","sessionHash":"wXwFIkMvUoWzlJ4m","unitCount":31,"newUnitsInPoll":4,"cachedUnitsTotal":31,"unitsBufferSize":243,"weaponsBufferSize":8}
{"ts":"2025-11-19T02:41:07.173Z","level":"info","event":"bfis-binary-fetch","endpoint":"units","mode":"incremental","bytes":243,"lastTime":1763520066335}
{"ts":"2025-11-19T02:41:07.184Z","level":"warn","event":"bfis-snapshot-empty-data","endpoint":"weapons","bufferSize":8,"message":"Empty or minimal weapons data received"}
{"ts":"2025-11-19T02:41:07.185Z","level":"warn","event":"bfis-unit-decode-unknown-datum-index","datumIndex":192,"unitId":16777473,"recovery":"searching-for-end-of-data-marker"}
{"ts":"2025-11-19T02:41:07.185Z","level":"info","event":"bfis-binary-fetch","endpoint":"weapons","mode":"incremental","bytes":8,"lastTime":1763520066346}
{"ts":"2025-11-19T02:41:07.185Z","level":"warn","event":"bfis-unit-decode-unknown-datum-index","datumIndex":115,"unitId":16777985,"recovery":"searching-for-end-of-data-marker"}
{"ts":"2025-11-19T02:41:07.194Z","level":"warn","event":"bfis-snapshot-empty-data","endpoint":"logs","message":"Empty logs array received"}
{"ts":"2025-11-19T02:41:07.236Z","level":"info","event":"bfis-snapshot-read-ok","snapshotId":"473bfb06-c86d-4805-9bf4-ca9a44785c62","sessionHash":"wXwFIkMvUoWzlJ4m","unitCount":32,"newUnitsInPoll":5,"cachedUnitsTotal":32,"unitsBufferSize":243,"weaponsBufferSize":8}
{"ts":"2025-11-19T02:41:08.176Z","level":"info","event":"bfis-binary-fetch","endpoint":"units","mode":"incremental","bytes":243,"lastTime":1763520067335}
{"ts":"2025-11-19T02:41:08.186Z","level":"warn","event":"bfis-snapshot-empty-data","endpoint":"weapons","bufferSize":8,"message":"Empty or minimal weapons data received"}
{"ts":"2025-11-19T02:41:08.186Z","level":"info","event":"bfis-binary-fetch","endpoint":"weapons","mode":"incremental","bytes":8,"lastTime":1763520067345}
{"ts":"2025-11-19T02:41:08.195Z","level":"warn","event":"bfis-snapshot-empty-data","endpoint":"logs","message":"Empty logs array received"}
{"ts":"2025-11-19T02:41:08.240Z","level":"info","event":"bfis-snapshot-read-ok","snapshotId":"88e91071-d1f0-4de2-bc1b-d7f1235cc983","sessionHash":"wXwFIkMvUoWzlJ4m","unitCount":32,"newUnitsInPoll":1,"cachedUnitsTotal":32,"unitsBufferSize":243,"weaponsBufferSize":8}
{"ts":"2025-11-19T02:41:09.176Z","level":"info","event":"bfis-binary-fetch","endpoint":"units","mode":"incremental","bytes":243,"lastTime":1763520068337}
{"ts":"2025-11-19T02:41:09.184Z","level":"warn","event":"bfis-snapshot-empty-data","endpoint":"weapons","bufferSize":8,"message":"Empty or minimal weapons data received"}
{"ts":"2025-11-19T02:41:09.184Z","level":"info","event":"bfis-binary-fetch","endpoint":"weapons","mode":"incremental","bytes":8,"lastTime":1763520068347}
{"ts":"2025-11-19T02:41:09.193Z","level":"warn","event":"bfis-snapshot-empty-data","endpoint":"logs","message":"Empty logs array received"}
{"ts":"2025-11-19T02:41:09.228Z","level":"info","event":"bfis-snapshot-read-ok","snapshotId":"0b7c7e38-dd40-4d63-a858-3ccb70d9ae64","sessionHash":"wXwFIkMvUoWzlJ4m","unitCount":32,"newUnitsInPoll":1,"cachedUnitsTotal":32,"unitsBufferSize":243,"weaponsBufferSize":8}
{"ts":"2025-11-19T02:41:10.180Z","level":"info","event":"bfis-binary-fetch","endpoint":"units","mode":"incremental","bytes":243,"lastTime":1763520069337}
{"ts":"2025-11-19T02:41:10.188Z","level":"warn","event":"bfis-snapshot-empty-data","endpoint":"weapons","bufferSize":8,"message":"Empty or minimal weapons data received"}
{"ts":"2025-11-19T02:41:10.188Z","level":"info","event":"bfis-binary-fetch","endpoint":"weapons","mode":"incremental","bytes":8,"lastTime":1763520069346}
{"ts":"2025-11-19T02:41:10.199Z","level":"warn","event":"bfis-snapshot-empty-data","endpoint":"logs","message":"Empty logs array received"}
{"ts":"2025-11-19T02:41:10.238Z","level":"info","event":"bfis-snapshot-read-ok","snapshotId":"5f8d7e85-8b18-4bb4-b020-939f30481c4d","sessionHash":"wXwFIkMvUoWzlJ4m","unitCount":32,"newUnitsInPoll":1,"cachedUnitsTotal":32,"unitsBufferSize":243,"weaponsBufferSize":8}
{"ts":"2025-11-19T02:41:11.175Z","level":"info","event":"bfis-binary-fetch","endpoint":"units","mode":"incremental","bytes":243,"lastTime":1763520070340}
{"ts":"2025-11-19T02:41:11.187Z","level":"warn","event":"bfis-snapshot-empty-data","endpoint":"weapons","bufferSize":8,"message":"Empty or minimal weapons data received"}
{"ts":"2025-11-19T02:41:11.187Z","level":"info","event":"bfis-binary-fetch","endpoint":"weapons","mode":"incremental","bytes":8,"lastTime":1763520070351}
{"ts":"2025-11-19T02:41:11.197Z","level":"warn","event":"bfis-snapshot-empty-data","endpoint":"logs","message":"Empty logs array received"}
{"ts":"2025-11-19T02:41:11.236Z","level":"info","event":"bfis-snapshot-read-ok","snapshotId":"49841ceb-b29a-4b42-b8ff-d899466bf3a4","sessionHash":"wXwFIkMvUoWzlJ4m","unitCount":32,"newUnitsInPoll":1,"cachedUnitsTotal":32,"unitsBufferSize":243,"weaponsBufferSize":8}
{"ts":"2025-11-19T02:41:12.175Z","level":"info","event":"bfis-binary-fetch","endpoint":"units","mode":"incremental","bytes":243,"lastTime":1763520071338}
{"ts":"2025-11-19T02:41:12.184Z","level":"warn","event":"bfis-snapshot-empty-data","endpoint":"weapons","bufferSize":8,"message":"Empty or minimal weapons data received"}
{"ts":"2025-11-19T02:41:12.185Z","level":"info","event":"bfis-binary-fetch","endpoint":"weapons","mode":"incremental","bytes":8,"lastTime":1763520071348}
{"ts":"2025-11-19T02:41:12.193Z","level":"warn","event":"bfis-snapshot-empty-data","endpoint":"logs","message":"Empty logs array received"}
{"ts":"2025-11-19T02:41:12.234Z","level":"info","event":"bfis-snapshot-read-ok","snapshotId":"9b82db7c-0ee4-455b-ae81-d2ffe53f791c","sessionHash":"wXwFIkMvUoWzlJ4m","unitCount":32,"newUnitsInPoll":1,"cachedUnitsTotal":32,"unitsBufferSize":243,"weaponsBufferSize":8}
{"ts":"2025-11-19T02:41:13.172Z","level":"info","event":"bfis-binary-fetch","endpoint":"units","mode":"incremental","bytes":243,"lastTime":1763520072337}
{"ts":"2025-11-19T02:41:13.179Z","level":"warn","event":"bfis-snapshot-empty-data","endpoint":"weapons","bufferSize":8,"message":"Empty or minimal weapons data received"}
{"ts":"2025-11-19T02:41:13.179Z","level":"info","event":"bfis-binary-fetch","endpoint":"weapons","mode":"incremental","bytes":8,"lastTime":1763520072346}
{"ts":"2025-11-19T02:41:13.186Z","level":"warn","event":"bfis-snapshot-empty-data","endpoint":"logs","message":"Empty logs array received"}
{"ts":"2025-11-19T02:41:13.228Z","level":"info","event":"bfis-snapshot-read-ok","snapshotId":"3aeb9edb-af21-4e5e-887f-289566a43c42","sessionHash":"wXwFIkMvUoWzlJ4m","unitCount":32,"newUnitsInPoll":1,"cachedUnitsTotal":32,"unitsBufferSize":243,"weaponsBufferSize":8}
{"ts":"2025-11-19T02:41:14.180Z","level":"info","event":"bfis-binary-fetch","endpoint":"units","mode":"incremental","bytes":243,"lastTime":1763520073336}
{"ts":"2025-11-19T02:41:14.190Z","level":"warn","event":"bfis-snapshot-empty-data","endpoint":"weapons","bufferSize":8,"message":"Empty or minimal weapons data received"}
{"ts":"2025-11-19T02:41:14.190Z","level":"info","event":"bfis-binary-fetch","endpoint":"weapons","mode":"incremental","bytes":8,"lastTime":1763520073342}
{"ts":"2025-11-19T02:41:14.200Z","level":"warn","event":"bfis-snapshot-empty-data","endpoint":"logs","message":"Empty logs array received"}
{"ts":"2025-11-19T02:41:14.238Z","level":"info","event":"bfis-snapshot-read-ok","snapshotId":"e5440c07-90e6-42e2-84ec-b8998397e2a5","sessionHash":"wXwFIkMvUoWzlJ4m","unitCount":32,"newUnitsInPoll":1,"cachedUnitsTotal":32,"unitsBufferSize":243,"weaponsBufferSize":8}
{"ts":"2025-11-19T02:41:15.176Z","level":"info","event":"bfis-binary-fetch","endpoint":"units","mode":"incremental","bytes":243,"lastTime":1763520074343}
{"ts":"2025-11-19T02:41:15.188Z","level":"warn","event":"bfis-snapshot-empty-data","endpoint":"weapons","bufferSize":8,"message":"Empty or minimal weapons data received"}
{"ts":"2025-11-19T02:41:15.188Z","level":"info","event":"bfis-binary-fetch","endpoint":"weapons","mode":"incremental","bytes":8,"lastTime":1763520074352}
{"ts":"2025-11-19T02:41:15.200Z","level":"warn","event":"bfis-snapshot-empty-data","endpoint":"logs","message":"Empty logs array received"}
{"ts":"2025-11-19T02:41:15.237Z","level":"info","event":"bfis-snapshot-read-ok","snapshotId":"7306175f-bc4a-4394-aeb3-5171a6ac243b","sessionHash":"wXwFIkMvUoWzlJ4m","unitCount":32,"newUnitsInPoll":1,"cachedUnitsTotal":32,"unitsBufferSize":243,"weaponsBufferSize":8}
{"ts":"2025-11-19T02:41:16.176Z","level":"info","event":"bfis-binary-fetch","endpoint":"units","mode":"incremental","bytes":243,"lastTime":1763520075339}
{"ts":"2025-11-19T02:41:16.186Z","level":"warn","event":"bfis-snapshot-empty-data","endpoint":"weapons","bufferSize":8,"message":"Empty or minimal weapons data received"}
{"ts":"2025-11-19T02:41:16.186Z","level":"info","event":"bfis-binary-fetch","endpoint":"weapons","mode":"incremental","bytes":8,"lastTime":1763520075348}
{"ts":"2025-11-19T02:41:16.197Z","level":"warn","event":"bfis-snapshot-empty-data","endpoint":"logs","message":"Empty logs array received"}
{"ts":"2025-11-19T02:41:17.178Z","level":"info","event":"bfis-binary-fetch","endpoint":"units","mode":"incremental","bytes":246,"lastTime":1763520076338}
{"ts":"2025-11-19T02:41:17.188Z","level":"warn","event":"bfis-snapshot-empty-data","endpoint":"weapons","bufferSize":8,"message":"Empty or minimal weapons data received"}
{"ts":"2025-11-19T02:41:17.188Z","level":"info","event":"bfis-binary-fetch","endpoint":"weapons","mode":"incremental","bytes":8,"lastTime":1763520076347}
{"ts":"2025-11-19T02:41:17.188Z","level":"warn","event":"bfis-unit-decode-unknown-datum-index","datumIndex":198,"unitId":16777985,"recovery":"searching-for-end-of-data-marker"}
{"ts":"2025-11-19T02:41:17.197Z","level":"warn","event":"bfis-snapshot-empty-data","endpoint":"logs","message":"Empty logs array received"}
{"ts":"2025-11-19T02:41:17.236Z","level":"info","event":"bfis-snapshot-read-ok","snapshotId":"07a7d0de-36f6-40ab-947a-1a75f5099f47","sessionHash":"wXwFIkMvUoWzlJ4m","unitCount":32,"newUnitsInPoll":3,"cachedUnitsTotal":32,"unitsBufferSize":246,"weaponsBufferSize":8}
{"ts":"2025-11-19T02:41:17.252Z","level":"info","event":"bfis-snapshot-read-ok","snapshotId":"95b69145-b560-4f0e-acbc-dc7706db0053","sessionHash":"wXwFIkMvUoWzlJ4m","unitCount":32,"newUnitsInPoll":1,"cachedUnitsTotal":32,"unitsBufferSize":243,"weaponsBufferSize":8}
{"ts":"2025-11-19T02:41:18.180Z","level":"info","event":"bfis-binary-fetch","endpoint":"units","mode":"incremental","bytes":243,"lastTime":1763520077340}
{"ts":"2025-11-19T02:41:18.191Z","level":"info","event":"bfis-binary-fetch","endpoint":"weapons","mode":"incremental","bytes":8,"lastTime":1763520077350}
{"ts":"2025-11-19T02:41:18.191Z","level":"warn","event":"bfis-snapshot-empty-data","endpoint":"weapons","bufferSize":8,"message":"Empty or minimal weapons data received"}
{"ts":"2025-11-19T02:41:18.201Z","level":"warn","event":"bfis-snapshot-empty-data","endpoint":"logs","message":"Empty logs array received"}
{"ts":"2025-11-19T02:41:18.239Z","level":"info","event":"bfis-snapshot-read-ok","snapshotId":"fa1b5ee5-fc97-4b0c-b627-12a5d3b8e490","sessionHash":"wXwFIkMvUoWzlJ4m","unitCount":32,"newUnitsInPoll":1,"cachedUnitsTotal":32,"unitsBufferSize":243,"weaponsBufferSize":8}
{"ts":"2025-11-19T02:41:19.193Z","level":"info","event":"bfis-binary-fetch","endpoint":"units","mode":"incremental","bytes":243,"lastTime":1763520078342}
{"ts":"2025-11-19T02:41:19.206Z","level":"info","event":"bfis-binary-fetch","endpoint":"weapons","mode":"incremental","bytes":8,"lastTime":1763520078352}
{"ts":"2025-11-19T02:41:19.206Z","level":"warn","event":"bfis-snapshot-empty-data","endpoint":"weapons","bufferSize":8,"message":"Empty or minimal weapons data received"}
{"ts":"2025-11-19T02:41:19.216Z","level":"warn","event":"bfis-snapshot-empty-data","endpoint":"logs","message":"Empty logs array received"}
{"ts":"2025-11-19T02:41:19.253Z","level":"info","event":"bfis-snapshot-read-ok","snapshotId":"ad9ff136-ae70-46d4-9a1b-dc1dc02e0e1c","sessionHash":"wXwFIkMvUoWzlJ4m","unitCount":32,"newUnitsInPoll":1,"cachedUnitsTotal":32,"unitsBufferSize":243,"weaponsBufferSize":8}
{"ts":"2025-11-19T02:41:20.183Z","level":"info","event":"bfis-binary-fetch","endpoint":"units","mode":"incremental","bytes":246,"lastTime":1763520079352}
{"ts":"2025-11-19T02:41:20.197Z","level":"info","event":"bfis-binary-fetch","endpoint":"weapons","mode":"incremental","bytes":8,"lastTime":1763520079367}
{"ts":"2025-11-19T02:41:20.197Z","level":"warn","event":"bfis-snapshot-empty-data","endpoint":"weapons","bufferSize":8,"message":"Empty or minimal weapons data received"}
{"ts":"2025-11-19T02:41:20.215Z","level":"warn","event":"bfis-snapshot-empty-data","endpoint":"logs","message":"Empty logs array received"}
{"ts":"2025-11-19T02:41:20.263Z","level":"info","event":"bfis-snapshot-read-ok","snapshotId":"7c058a6a-320c-467c-a14c-bc4f576b3b1c","sessionHash":"wXwFIkMvUoWzlJ4m","unitCount":32,"newUnitsInPoll":1,"cachedUnitsTotal":32,"unitsBufferSize":246,"weaponsBufferSize":8}
{"ts":"2025-11-19T02:41:21.186Z","level":"info","event":"bfis-binary-fetch","endpoint":"units","mode":"incremental","bytes":243,"lastTime":1763520080345}
{"ts":"2025-11-19T02:41:21.199Z","level":"warn","event":"bfis-snapshot-empty-data","endpoint":"weapons","bufferSize":8,"message":"Empty or minimal weapons data received"}
{"ts":"2025-11-19T02:41:21.199Z","level":"info","event":"bfis-binary-fetch","endpoint":"weapons","mode":"incremental","bytes":8,"lastTime":1763520080359}
{"ts":"2025-11-19T02:41:21.216Z","level":"warn","event":"bfis-snapshot-empty-data","endpoint":"logs","message":"Empty logs array received"}
{"ts":"2025-11-19T02:41:21.307Z","level":"info","event":"bfis-snapshot-read-ok","snapshotId":"44b3fe80-da9c-46ea-9879-7b7d3ceda3ad","sessionHash":"wXwFIkMvUoWzlJ4m","unitCount":32,"newUnitsInPoll":1,"cachedUnitsTotal":32,"unitsBufferSize":243,"weaponsBufferSize":8}
{"ts":"2025-11-19T02:41:22.183Z","level":"info","event":"bfis-binary-fetch","endpoint":"units","mode":"incremental","bytes":243,"lastTime":1763520081348}
{"ts":"2025-11-19T02:41:22.193Z","level":"warn","event":"bfis-snapshot-empty-data","endpoint":"weapons","bufferSize":8,"message":"Empty or minimal weapons data received"}
{"ts":"2025-11-19T02:41:22.193Z","level":"info","event":"bfis-binary-fetch","endpoint":"weapons","mode":"incremental","bytes":8,"lastTime":1763520081360}
{"ts":"2025-11-19T02:41:22.204Z","level":"warn","event":"bfis-snapshot-empty-data","endpoint":"logs","message":"Empty logs array received"}
{"ts":"2025-11-19T02:41:22.247Z","level":"info","event":"bfis-snapshot-read-ok","snapshotId":"528633d6-fe99-4d66-b9d2-fbe534c13b7b","sessionHash":"wXwFIkMvUoWzlJ4m","unitCount":32,"newUnitsInPoll":1,"cachedUnitsTotal":32,"unitsBufferSize":243,"weaponsBufferSize":8}
{"ts":"2025-11-19T02:41:23.188Z","level":"info","event":"bfis-binary-fetch","endpoint":"units","mode":"incremental","bytes":243,"lastTime":1763520082345}
{"ts":"2025-11-19T02:41:23.197Z","level":"warn","event":"bfis-snapshot-empty-data","endpoint":"weapons","bufferSize":8,"message":"Empty or minimal weapons data received"}
{"ts":"2025-11-19T02:41:23.197Z","level":"info","event":"bfis-binary-fetch","endpoint":"weapons","mode":"incremental","bytes":8,"lastTime":1763520082356}
{"ts":"2025-11-19T02:41:23.211Z","level":"warn","event":"bfis-snapshot-empty-data","endpoint":"logs","message":"Empty logs array received"}
{"ts":"2025-11-19T02:41:23.243Z","level":"info","event":"bfis-snapshot-read-ok","snapshotId":"6327bac5-f377-48e2-89cd-b413d87b1f4d","sessionHash":"wXwFIkMvUoWzlJ4m","unitCount":32,"newUnitsInPoll":1,"cachedUnitsTotal":32,"unitsBufferSize":243,"weaponsBufferSize":8}
{"ts":"2025-11-19T02:41:24.186Z","level":"info","event":"bfis-binary-fetch","endpoint":"units","mode":"incremental","bytes":243,"lastTime":1763520083343}
{"ts":"2025-11-19T02:41:24.201Z","level":"info","event":"bfis-binary-fetch","endpoint":"weapons","mode":"incremental","bytes":8,"lastTime":1763520083360}
{"ts":"2025-11-19T02:41:24.201Z","level":"warn","event":"bfis-snapshot-empty-data","endpoint":"weapons","bufferSize":8,"message":"Empty or minimal weapons data received"}
{"ts":"2025-11-19T02:41:24.215Z","level":"warn","event":"bfis-snapshot-empty-data","endpoint":"logs","message":"Empty logs array received"}
{"ts":"2025-11-19T02:41:24.260Z","level":"info","event":"bfis-snapshot-read-ok","snapshotId":"4df06dcb-a876-4aa1-8eb6-b9201f5eddfb","sessionHash":"wXwFIkMvUoWzlJ4m","unitCount":32,"newUnitsInPoll":1,"cachedUnitsTotal":32,"unitsBufferSize":243,"weaponsBufferSize":8}
{"ts":"2025-11-19T02:41:25.184Z","level":"info","event":"bfis-binary-fetch","endpoint":"units","mode":"incremental","bytes":251,"lastTime":1763520084348}
{"ts":"2025-11-19T02:41:25.193Z","level":"warn","event":"bfis-snapshot-empty-data","endpoint":"weapons","bufferSize":8,"message":"Empty or minimal weapons data received"}
{"ts":"2025-11-19T02:41:25.194Z","level":"info","event":"bfis-binary-fetch","endpoint":"weapons","mode":"incremental","bytes":8,"lastTime":1763520084362}
{"ts":"2025-11-19T02:41:25.203Z","level":"warn","event":"bfis-snapshot-empty-data","endpoint":"logs","message":"Empty logs array received"}
{"ts":"2025-11-19T02:41:25.253Z","level":"info","event":"bfis-snapshot-read-ok","snapshotId":"bfda6c55-f2ea-490f-b113-64fae0d52b7d","sessionHash":"wXwFIkMvUoWzlJ4m","unitCount":32,"newUnitsInPoll":1,"cachedUnitsTotal":32,"unitsBufferSize":251,"weaponsBufferSize":8}
{"ts":"2025-11-19T02:41:26.185Z","level":"info","event":"bfis-binary-fetch","endpoint":"units","mode":"incremental","bytes":243,"lastTime":1763520085347}
{"ts":"2025-11-19T02:41:26.199Z","level":"warn","event":"bfis-snapshot-empty-data","endpoint":"weapons","bufferSize":8,"message":"Empty or minimal weapons data received"}
{"ts":"2025-11-19T02:41:26.199Z","level":"info","event":"bfis-binary-fetch","endpoint":"weapons","mode":"incremental","bytes":8,"lastTime":1763520085356}
{"ts":"2025-11-19T02:41:26.208Z","level":"warn","event":"bfis-snapshot-empty-data","endpoint":"logs","message":"Empty logs array received"}
{"ts":"2025-11-19T02:41:26.259Z","level":"info","event":"bfis-snapshot-read-ok","snapshotId":"18a7de31-b3d7-44c3-8de4-04a3fcbeb582","sessionHash":"wXwFIkMvUoWzlJ4m","unitCount":32,"newUnitsInPoll":1,"cachedUnitsTotal":32,"unitsBufferSize":243,"weaponsBufferSize":8}
{"ts":"2025-11-19T02:41:27.192Z","level":"info","event":"bfis-binary-fetch","endpoint":"units","mode":"incremental","bytes":243,"lastTime":1763520086348}
{"ts":"2025-11-19T02:41:27.203Z","level":"warn","event":"bfis-snapshot-empty-data","endpoint":"weapons","bufferSize":8,"message":"Empty or minimal weapons data received"}
{"ts":"2025-11-19T02:41:27.203Z","level":"info","event":"bfis-binary-fetch","endpoint":"weapons","mode":"incremental","bytes":8,"lastTime":1763520086361}
{"ts":"2025-11-19T02:41:27.213Z","level":"warn","event":"bfis-snapshot-empty-data","endpoint":"logs","message":"Empty logs array received"}
{"ts":"2025-11-19T02:41:27.253Z","level":"info","event":"bfis-snapshot-read-ok","snapshotId":"cc51ed87-e3ab-4af6-acc3-eb646475da9c","sessionHash":"wXwFIkMvUoWzlJ4m","unitCount":32,"newUnitsInPoll":1,"cachedUnitsTotal":32,"unitsBufferSize":243,"weaponsBufferSize":8}
{"ts":"2025-11-19T02:41:28.197Z","level":"info","event":"bfis-binary-fetch","endpoint":"units","mode":"incremental","bytes":243,"lastTime":1763520087352}
{"ts":"2025-11-19T02:41:28.215Z","level":"warn","event":"bfis-snapshot-empty-data","endpoint":"weapons","bufferSize":8,"message":"Empty or minimal weapons data received"}
{"ts":"2025-11-19T02:41:28.215Z","level":"info","event":"bfis-binary-fetch","endpoint":"weapons","mode":"incremental","bytes":8,"lastTime":1763520087365}
{"ts":"2025-11-19T02:41:28.227Z","level":"warn","event":"bfis-snapshot-empty-data","endpoint":"logs","message":"Empty logs array received"}
{"ts":"2025-11-19T02:41:28.280Z","level":"info","event":"bfis-snapshot-read-ok","snapshotId":"9eb1c0c9-80fa-4187-94f7-59ab5a01d17e","sessionHash":"wXwFIkMvUoWzlJ4m","unitCount":32,"newUnitsInPoll":1,"cachedUnitsTotal":32,"unitsBufferSize":243,"weaponsBufferSize":8}
{"ts":"2025-11-19T02:41:29.191Z","level":"info","event":"bfis-binary-fetch","endpoint":"units","mode":"incremental","bytes":243,"lastTime":1763520088357}
{"ts":"2025-11-19T02:41:29.202Z","level":"warn","event":"bfis-snapshot-empty-data","endpoint":"weapons","bufferSize":8,"message":"Empty or minimal weapons data received"}
{"ts":"2025-11-19T02:41:29.202Z","level":"info","event":"bfis-binary-fetch","endpoint":"weapons","mode":"incremental","bytes":8,"lastTime":1763520088375}
{"ts":"2025-11-19T02:41:29.213Z","level":"warn","event":"bfis-snapshot-empty-data","endpoint":"logs","message":"Empty logs array received"}
{"ts":"2025-11-19T02:41:29.258Z","level":"info","event":"bfis-snapshot-read-ok","snapshotId":"e988933a-01c9-4f8e-913a-83d88dc4195d","sessionHash":"wXwFIkMvUoWzlJ4m","unitCount":32,"newUnitsInPoll":1,"cachedUnitsTotal":32,"unitsBufferSize":243,"weaponsBufferSize":8}
{"ts":"2025-11-19T02:41:30.193Z","level":"info","event":"bfis-binary-fetch","endpoint":"units","mode":"incremental","bytes":243,"lastTime":1763520089352}
{"ts":"2025-11-19T02:41:30.203Z","level":"warn","event":"bfis-snapshot-empty-data","endpoint":"weapons","bufferSize":8,"message":"Empty or minimal weapons data received"}
{"ts":"2025-11-19T02:41:30.203Z","level":"info","event":"bfis-binary-fetch","endpoint":"weapons","mode":"incremental","bytes":8,"lastTime":1763520089363}
{"ts":"2025-11-19T02:41:30.214Z","level":"warn","event":"bfis-snapshot-empty-data","endpoint":"logs","message":"Empty logs array received"}
{"ts":"2025-11-19T02:41:30.251Z","level":"info","event":"bfis-snapshot-read-ok","snapshotId":"362fab0d-76dc-4b0e-acc4-71a68d9b2f22","sessionHash":"wXwFIkMvUoWzlJ4m","unitCount":32,"newUnitsInPoll":1,"cachedUnitsTotal":32,"unitsBufferSize":243,"weaponsBufferSize":8}
{"ts":"2025-11-19T02:41:31.196Z","level":"info","event":"bfis-binary-fetch","endpoint":"units","mode":"incremental","bytes":243,"lastTime":1763520090354}
{"ts":"2025-11-19T02:41:31.207Z","level":"warn","event":"bfis-snapshot-empty-data","endpoint":"weapons","bufferSize":8,"message":"Empty or minimal weapons data received"}
{"ts":"2025-11-19T02:41:31.207Z","level":"info","event":"bfis-binary-fetch","endpoint":"weapons","mode":"incremental","bytes":8,"lastTime":1763520090364}
{"ts":"2025-11-19T02:41:31.217Z","level":"warn","event":"bfis-snapshot-empty-data","endpoint":"logs","message":"Empty logs array received"}
{"ts":"2025-11-19T02:41:31.258Z","level":"info","event":"bfis-snapshot-read-ok","snapshotId":"d216b662-15bb-4249-ab5e-1e4e9860ceaf","sessionHash":"wXwFIkMvUoWzlJ4m","unitCount":32,"newUnitsInPoll":1,"cachedUnitsTotal":32,"unitsBufferSize":243,"weaponsBufferSize":8}
{"ts":"2025-11-19T02:41:32.193Z","level":"info","event":"bfis-binary-fetch","endpoint":"units","mode":"incremental","bytes":243,"lastTime":1763520091358}
{"ts":"2025-11-19T02:41:32.204Z","level":"info","event":"bfis-binary-fetch","endpoint":"weapons","mode":"incremental","bytes":8,"lastTime":1763520091368}
{"ts":"2025-11-19T02:41:32.204Z","level":"warn","event":"bfis-unit-decode-unknown-datum-index","datumIndex":191,"unitId":16777473,"recovery":"searching-for-end-of-data-marker"}
{"ts":"2025-11-19T02:41:32.204Z","level":"warn","event":"bfis-snapshot-empty-data","endpoint":"weapons","bufferSize":8,"message":"Empty or minimal weapons data received"}
{"ts":"2025-11-19T02:41:32.204Z","level":"warn","event":"bfis-unit-decode-unknown-datum-index","datumIndex":191,"unitId":16777985,"recovery":"searching-for-end-of-data-marker"}
{"ts":"2025-11-19T02:41:32.204Z","level":"warn","event":"bfis-unit-decode-unknown-datum-index","datumIndex":191,"unitId":16778241,"recovery":"searching-for-end-of-data-marker"}
{"ts":"2025-11-19T02:41:32.214Z","level":"warn","event":"bfis-snapshot-empty-data","endpoint":"logs","message":"Empty logs array received"}
{"ts":"2025-11-19T02:41:32.252Z","level":"info","event":"bfis-snapshot-read-ok","snapshotId":"760e4948-6627-4117-b414-6bdd11449336","sessionHash":"wXwFIkMvUoWzlJ4m","unitCount":33,"newUnitsInPoll":5,"cachedUnitsTotal":33,"unitsBufferSize":243,"weaponsBufferSize":8}
{"ts":"2025-11-19T02:41:33.193Z","level":"info","event":"bfis-binary-fetch","endpoint":"units","mode":"incremental","bytes":243,"lastTime":1763520092355}
{"ts":"2025-11-19T02:41:33.206Z","level":"info","event":"bfis-binary-fetch","endpoint":"weapons","mode":"incremental","bytes":8,"lastTime":1763520092366}
{"ts":"2025-11-19T02:41:33.206Z","level":"warn","event":"bfis-snapshot-empty-data","endpoint":"weapons","bufferSize":8,"message":"Empty or minimal weapons data received"}
{"ts":"2025-11-19T02:41:33.206Z","level":"warn","event":"bfis-unit-decode-unknown-datum-index","datumIndex":191,"unitId":16777473,"recovery":"searching-for-end-of-data-marker"}
{"ts":"2025-11-19T02:41:33.207Z","level":"warn","event":"bfis-unit-decode-unknown-datum-index","datumIndex":191,"unitId":16777985,"recovery":"searching-for-end-of-data-marker"}
{"ts":"2025-11-19T02:41:33.207Z","level":"warn","event":"bfis-unit-decode-unknown-datum-index","datumIndex":191,"unitId":16778241,"recovery":"searching-for-end-of-data-marker"}
{"ts":"2025-11-19T02:41:33.219Z","level":"warn","event":"bfis-snapshot-empty-data","endpoint":"logs","message":"Empty logs array received"}
{"ts":"2025-11-19T02:41:33.259Z","level":"info","event":"bfis-snapshot-read-ok","snapshotId":"637d3d2e-b037-416b-b42e-a20cee47bb3b","sessionHash":"wXwFIkMvUoWzlJ4m","unitCount":33,"newUnitsInPoll":5,"cachedUnitsTotal":33,"unitsBufferSize":243,"weaponsBufferSize":8}
{"ts":"2025-11-19T02:41:34.195Z","level":"info","event":"bfis-binary-fetch","endpoint":"units","mode":"incremental","bytes":243,"lastTime":1763520093354}
{"ts":"2025-11-19T02:41:34.206Z","level":"warn","event":"bfis-snapshot-empty-data","endpoint":"weapons","bufferSize":8,"message":"Empty or minimal weapons data received"}
{"ts":"2025-11-19T02:41:34.206Z","level":"info","event":"bfis-binary-fetch","endpoint":"weapons","mode":"incremental","bytes":8,"lastTime":1763520093368}
{"ts":"2025-11-19T02:41:34.206Z","level":"warn","event":"bfis-unit-decode-unknown-datum-index","datumIndex":191,"unitId":16777473,"recovery":"searching-for-end-of-data-marker"}
{"ts":"2025-11-19T02:41:34.206Z","level":"warn","event":"bfis-unit-decode-unknown-datum-index","datumIndex":191,"unitId":16777985,"recovery":"searching-for-end-of-data-marker"}
{"ts":"2025-11-19T02:41:34.206Z","level":"warn","event":"bfis-unit-decode-unknown-datum-index","datumIndex":192,"unitId":16778241,"recovery":"searching-for-end-of-data-marker"}
{"ts":"2025-11-19T02:41:34.217Z","level":"warn","event":"bfis-snapshot-empty-data","endpoint":"logs","message":"Empty logs array received"}
{"ts":"2025-11-19T02:41:34.254Z","level":"info","event":"bfis-snapshot-read-ok","snapshotId":"48752b17-5650-4b95-a485-074ec22d3741","sessionHash":"wXwFIkMvUoWzlJ4m","unitCount":33,"newUnitsInPoll":5,"cachedUnitsTotal":33,"unitsBufferSize":243,"weaponsBufferSize":8}
{"ts":"2025-11-19T02:41:35.192Z","level":"info","event":"bfis-binary-fetch","endpoint":"units","mode":"incremental","bytes":243,"lastTime":1763520094356}
{"ts":"2025-11-19T02:41:35.202Z","level":"warn","event":"bfis-snapshot-empty-data","endpoint":"weapons","bufferSize":8,"message":"Empty or minimal weapons data received"}
{"ts":"2025-11-19T02:41:35.202Z","level":"info","event":"bfis-binary-fetch","endpoint":"weapons","mode":"incremental","bytes":8,"lastTime":1763520094367}
{"ts":"2025-11-19T02:41:35.202Z","level":"warn","event":"bfis-unit-decode-unknown-datum-index","datumIndex":191,"unitId":16777473,"recovery":"searching-for-end-of-data-marker"}
{"ts":"2025-11-19T02:41:35.202Z","level":"warn","event":"bfis-unit-decode-unknown-datum-index","datumIndex":191,"unitId":16777985,"recovery":"searching-for-end-of-data-marker"}
{"ts":"2025-11-19T02:41:35.203Z","level":"warn","event":"bfis-unit-decode-unknown-datum-index","datumIndex":192,"unitId":16778241,"recovery":"searching-for-end-of-data-marker"}
{"ts":"2025-11-19T02:41:35.212Z","level":"warn","event":"bfis-snapshot-empty-data","endpoint":"logs","message":"Empty logs array received"}
{"ts":"2025-11-19T02:41:35.253Z","level":"info","event":"bfis-snapshot-read-ok","snapshotId":"3fa1d835-5eee-485e-8ccb-f97c18d981f4","sessionHash":"wXwFIkMvUoWzlJ4m","unitCount":33,"newUnitsInPoll":5,"cachedUnitsTotal":33,"unitsBufferSize":243,"weaponsBufferSize":8}
{"ts":"2025-11-19T02:41:36.195Z","level":"info","event":"bfis-binary-fetch","endpoint":"units","mode":"incremental","bytes":243,"lastTime":1763520095354}
{"ts":"2025-11-19T02:41:36.203Z","level":"warn","event":"bfis-snapshot-empty-data","endpoint":"weapons","bufferSize":8,"message":"Empty or minimal weapons data received"}
{"ts":"2025-11-19T02:41:36.204Z","level":"info","event":"bfis-binary-fetch","endpoint":"weapons","mode":"incremental","bytes":8,"lastTime":1763520095364}
{"ts":"2025-11-19T02:41:36.204Z","level":"warn","event":"bfis-unit-decode-unknown-datum-index","datumIndex":191,"unitId":16777985,"recovery":"searching-for-end-of-data-marker"}
{"ts":"2025-11-19T02:41:36.204Z","level":"warn","event":"bfis-unit-decode-unknown-datum-index","datumIndex":191,"unitId":16777473,"recovery":"searching-for-end-of-data-marker"}
{"ts":"2025-11-19T02:41:36.204Z","level":"warn","event":"bfis-unit-decode-unknown-datum-index","datumIndex":192,"unitId":16778241,"recovery":"searching-for-end-of-data-marker"}
{"ts":"2025-11-19T02:41:36.211Z","level":"warn","event":"bfis-snapshot-empty-data","endpoint":"logs","message":"Empty logs array received"}
{"ts":"2025-11-19T02:41:36.249Z","level":"info","event":"bfis-snapshot-read-ok","snapshotId":"fab778ab-78e7-4b7e-93f4-da9e3563eb4c","sessionHash":"wXwFIkMvUoWzlJ4m","unitCount":33,"newUnitsInPoll":5,"cachedUnitsTotal":33,"unitsBufferSize":243,"weaponsBufferSize":8}
{"ts":"2025-11-19T02:41:37.201Z","level":"info","event":"bfis-binary-fetch","endpoint":"units","mode":"incremental","bytes":243,"lastTime":1763520096358}
{"ts":"2025-11-19T02:41:37.232Z","level":"warn","event":"bfis-snapshot-empty-data","endpoint":"weapons","bufferSize":8,"message":"Empty or minimal weapons data received"}
{"ts":"2025-11-19T02:41:37.233Z","level":"info","event":"bfis-binary-fetch","endpoint":"weapons","mode":"incremental","bytes":8,"lastTime":1763520096366}
{"ts":"2025-11-19T02:41:37.233Z","level":"warn","event":"bfis-unit-decode-unknown-datum-index","datumIndex":191,"unitId":16777473,"recovery":"searching-for-end-of-data-marker"}
{"ts":"2025-11-19T02:41:37.233Z","level":"warn","event":"bfis-unit-decode-unknown-datum-index","datumIndex":191,"unitId":16777985,"recovery":"searching-for-end-of-data-marker"}
{"ts":"2025-11-19T02:41:37.233Z","level":"warn","event":"bfis-unit-decode-unknown-datum-index","datumIndex":192,"unitId":16778241,"recovery":"searching-for-end-of-data-marker"}
{"ts":"2025-11-19T02:41:37.233Z","level":"warn","event":"bfis-unit-decode-field-error","datumIndex":43,"unitId":1397765747,"error":"Offset is outside the bounds of the DataView","errorType":"RangeError"}
{"ts":"2025-11-19T02:41:37.233Z","level":"warn","event":"bfis-unit-decode-recovery-failed","unitId":1397765747,"reason":"field-read-error-no-sync-point"}
{"ts":"2025-11-19T02:41:37.242Z","level":"warn","event":"bfis-snapshot-empty-data","endpoint":"logs","message":"Empty logs array received"}
{"ts":"2025-11-19T02:41:37.283Z","level":"info","event":"bfis-snapshot-read-ok","snapshotId":"64796cf8-31fa-4adb-bc49-c67ed8fa324a","sessionHash":"wXwFIkMvUoWzlJ4m","unitCount":34,"newUnitsInPoll":5,"cachedUnitsTotal":34,"unitsBufferSize":243,"weaponsBufferSize":8}
{"ts":"2025-11-19T02:41:38.195Z","level":"info","event":"bfis-binary-fetch","endpoint":"units","mode":"incremental","bytes":243,"lastTime":1763520097362}
{"ts":"2025-11-19T02:41:38.204Z","level":"warn","event":"bfis-snapshot-empty-data","endpoint":"weapons","bufferSize":8,"message":"Empty or minimal weapons data received"}
{"ts":"2025-11-19T02:41:38.204Z","level":"info","event":"bfis-binary-fetch","endpoint":"weapons","mode":"incremental","bytes":8,"lastTime":1763520097390}
{"ts":"2025-11-19T02:41:38.204Z","level":"warn","event":"bfis-unit-decode-unknown-datum-index","datumIndex":191,"unitId":16777473,"recovery":"searching-for-end-of-data-marker"}
{"ts":"2025-11-19T02:41:38.204Z","level":"warn","event":"bfis-unit-decode-unknown-datum-index","datumIndex":191,"unitId":16777985,"recovery":"searching-for-end-of-data-marker"}
{"ts":"2025-11-19T02:41:38.204Z","level":"warn","event":"bfis-unit-decode-unknown-datum-index","datumIndex":192,"unitId":16778241,"recovery":"searching-for-end-of-data-marker"}
{"ts":"2025-11-19T02:41:38.213Z","level":"warn","event":"bfis-snapshot-empty-data","endpoint":"logs","message":"Empty logs array received"}
{"ts":"2025-11-19T02:41:38.255Z","level":"info","event":"bfis-snapshot-read-ok","snapshotId":"eafb0f56-cc7d-4ae3-a96b-49f7759b37c2","sessionHash":"wXwFIkMvUoWzlJ4m","unitCount":34,"newUnitsInPoll":5,"cachedUnitsTotal":34,"unitsBufferSize":243,"weaponsBufferSize":8}
{"ts":"2025-11-19T02:41:39.197Z","level":"info","event":"bfis-binary-fetch","endpoint":"units","mode":"incremental","bytes":243,"lastTime":1763520098358}
{"ts":"2025-11-19T02:41:39.207Z","level":"warn","event":"bfis-snapshot-empty-data","endpoint":"weapons","bufferSize":8,"message":"Empty or minimal weapons data received"}
{"ts":"2025-11-19T02:41:39.207Z","level":"info","event":"bfis-binary-fetch","endpoint":"weapons","mode":"incremental","bytes":8,"lastTime":1763520098367}
{"ts":"2025-11-19T02:41:39.207Z","level":"warn","event":"bfis-unit-decode-unknown-datum-index","datumIndex":191,"unitId":16777473,"recovery":"searching-for-end-of-data-marker"}
{"ts":"2025-11-19T02:41:39.208Z","level":"warn","event":"bfis-unit-decode-unknown-datum-index","datumIndex":191,"unitId":16777985,"recovery":"searching-for-end-of-data-marker"}
{"ts":"2025-11-19T02:41:39.208Z","level":"warn","event":"bfis-unit-decode-unknown-datum-index","datumIndex":192,"unitId":16778241,"recovery":"searching-for-end-of-data-marker"}
{"ts":"2025-11-19T02:41:39.217Z","level":"warn","event":"bfis-snapshot-empty-data","endpoint":"logs","message":"Empty logs array received"}
{"ts":"2025-11-19T02:41:39.262Z","level":"info","event":"bfis-snapshot-read-ok","snapshotId":"88b3f0c9-2897-4eb9-8103-6f5982f16cd8","sessionHash":"wXwFIkMvUoWzlJ4m","unitCount":34,"newUnitsInPoll":5,"cachedUnitsTotal":34,"unitsBufferSize":243,"weaponsBufferSize":8}
{"ts":"2025-11-19T02:41:40.200Z","level":"info","event":"bfis-binary-fetch","endpoint":"units","mode":"incremental","bytes":243,"lastTime":1763520099360}
{"ts":"2025-11-19T02:41:40.209Z","level":"warn","event":"bfis-snapshot-empty-data","endpoint":"weapons","bufferSize":8,"message":"Empty or minimal weapons data received"}
{"ts":"2025-11-19T02:41:40.209Z","level":"info","event":"bfis-binary-fetch","endpoint":"weapons","mode":"incremental","bytes":8,"lastTime":1763520099370}
{"ts":"2025-11-19T02:41:40.209Z","level":"warn","event":"bfis-unit-decode-unknown-datum-index","datumIndex":191,"unitId":16777473,"recovery":"searching-for-end-of-data-marker"}
{"ts":"2025-11-19T02:41:40.209Z","level":"warn","event":"bfis-unit-decode-unknown-datum-index","datumIndex":120,"unitId":3796576345,"recovery":"searching-for-end-of-data-marker"}
{"ts":"2025-11-19T02:41:40.209Z","level":"warn","event":"bfis-unit-decode-unknown-datum-index","datumIndex":191,"unitId":16777985,"recovery":"searching-for-end-of-data-marker"}
{"ts":"2025-11-19T02:41:40.209Z","level":"warn","event":"bfis-unit-decode-unknown-datum-index","datumIndex":192,"unitId":16778241,"recovery":"searching-for-end-of-data-marker"}
{"ts":"2025-11-19T02:41:40.219Z","level":"warn","event":"bfis-snapshot-empty-data","endpoint":"logs","message":"Empty logs array received"}
{"ts":"2025-11-19T02:41:40.257Z","level":"info","event":"bfis-snapshot-read-ok","snapshotId":"2c32ecae-1fad-48e3-b0cf-02611bcd9323","sessionHash":"wXwFIkMvUoWzlJ4m","unitCount":35,"newUnitsInPoll":6,"cachedUnitsTotal":35,"unitsBufferSize":243,"weaponsBufferSize":8}
{"ts":"2025-11-19T02:41:41.208Z","level":"info","event":"bfis-binary-fetch","endpoint":"units","mode":"incremental","bytes":243,"lastTime":1763520100361}
{"ts":"2025-11-19T02:41:41.220Z","level":"info","event":"bfis-binary-fetch","endpoint":"weapons","mode":"incremental","bytes":8,"lastTime":1763520100371}
{"ts":"2025-11-19T02:41:41.220Z","level":"warn","event":"bfis-snapshot-empty-data","endpoint":"weapons","bufferSize":8,"message":"Empty or minimal weapons data received"}
{"ts":"2025-11-19T02:41:41.220Z","level":"warn","event":"bfis-unit-decode-unknown-datum-index","datumIndex":191,"unitId":16777473,"recovery":"searching-for-end-of-data-marker"}
{"ts":"2025-11-19T02:41:41.220Z","level":"warn","event":"bfis-unit-decode-unknown-datum-index","datumIndex":191,"unitId":16777985,"recovery":"searching-for-end-of-data-marker"}
{"ts":"2025-11-19T02:41:41.220Z","level":"warn","event":"bfis-unit-decode-unknown-datum-index","datumIndex":192,"unitId":16778241,"recovery":"searching-for-end-of-data-marker"}
{"ts":"2025-11-19T02:41:41.234Z","level":"warn","event":"bfis-snapshot-empty-data","endpoint":"logs","message":"Empty logs array received"}
{"ts":"2025-11-19T02:41:41.276Z","level":"info","event":"bfis-snapshot-read-ok","snapshotId":"a5251157-1f02-4aa3-a7c2-0751c27e58bc","sessionHash":"wXwFIkMvUoWzlJ4m","unitCount":35,"newUnitsInPoll":5,"cachedUnitsTotal":35,"unitsBufferSize":243,"weaponsBufferSize":8}
{"ts":"2025-11-19T02:41:42.202Z","level":"info","event":"bfis-binary-fetch","endpoint":"units","mode":"incremental","bytes":243,"lastTime":1763520101366}
{"ts":"2025-11-19T02:41:42.217Z","level":"info","event":"bfis-binary-fetch","endpoint":"weapons","mode":"incremental","bytes":8,"lastTime":1763520101381}
{"ts":"2025-11-19T02:41:42.217Z","level":"warn","event":"bfis-snapshot-empty-data","endpoint":"weapons","bufferSize":8,"message":"Empty or minimal weapons data received"}
{"ts":"2025-11-19T02:41:42.217Z","level":"warn","event":"bfis-unit-decode-unknown-datum-index","datumIndex":191,"unitId":16777473,"recovery":"searching-for-end-of-data-marker"}
{"ts":"2025-11-19T02:41:42.217Z","level":"warn","event":"bfis-unit-decode-unknown-datum-index","datumIndex":191,"unitId":16777985,"recovery":"searching-for-end-of-data-marker"}
{"ts":"2025-11-19T02:41:42.217Z","level":"warn","event":"bfis-unit-decode-unknown-datum-index","datumIndex":192,"unitId":16778241,"recovery":"searching-for-end-of-data-marker"}
{"ts":"2025-11-19T02:41:42.228Z","level":"warn","event":"bfis-snapshot-empty-data","endpoint":"logs","message":"Empty logs array received"}
{"ts":"2025-11-19T02:41:42.274Z","level":"info","event":"bfis-snapshot-read-ok","snapshotId":"9129185e-ad95-424a-8a48-e90dc7920f66","sessionHash":"wXwFIkMvUoWzlJ4m","unitCount":35,"newUnitsInPoll":5,"cachedUnitsTotal":35,"unitsBufferSize":243,"weaponsBufferSize":8}
{"ts":"2025-11-19T02:41:43.204Z","level":"info","event":"bfis-binary-fetch","endpoint":"units","mode":"incremental","bytes":243,"lastTime":1763520102364}
{"ts":"2025-11-19T02:41:43.214Z","level":"warn","event":"bfis-snapshot-empty-data","endpoint":"weapons","bufferSize":8,"message":"Empty or minimal weapons data received"}
{"ts":"2025-11-19T02:41:43.214Z","level":"info","event":"bfis-binary-fetch","endpoint":"weapons","mode":"incremental","bytes":8,"lastTime":1763520102379}
{"ts":"2025-11-19T02:41:43.214Z","level":"warn","event":"bfis-unit-decode-unknown-datum-index","datumIndex":191,"unitId":16777473,"recovery":"searching-for-end-of-data-marker"}
{"ts":"2025-11-19T02:41:43.214Z","level":"warn","event":"bfis-unit-decode-unknown-datum-index","datumIndex":191,"unitId":16777985,"recovery":"searching-for-end-of-data-marker"}
{"ts":"2025-11-19T02:41:43.214Z","level":"warn","event":"bfis-unit-decode-unknown-datum-index","datumIndex":192,"unitId":16778241,"recovery":"searching-for-end-of-data-marker"}
{"ts":"2025-11-19T02:41:43.224Z","level":"warn","event":"bfis-snapshot-empty-data","endpoint":"logs","message":"Empty logs array received"}
{"ts":"2025-11-19T02:41:43.278Z","level":"info","event":"bfis-snapshot-read-ok","snapshotId":"1bb1749e-c3f5-47ab-a0da-552f57c659df","sessionHash":"wXwFIkMvUoWzlJ4m","unitCount":35,"newUnitsInPoll":5,"cachedUnitsTotal":35,"unitsBufferSize":243,"weaponsBufferSize":8}
{"ts":"2025-11-19T02:41:44.210Z","level":"info","event":"bfis-binary-fetch","endpoint":"units","mode":"incremental","bytes":243,"lastTime":1763520103367}
{"ts":"2025-11-19T02:41:44.225Z","level":"warn","event":"bfis-snapshot-empty-data","endpoint":"weapons","bufferSize":8,"message":"Empty or minimal weapons data received"}
{"ts":"2025-11-19T02:41:44.226Z","level":"info","event":"bfis-binary-fetch","endpoint":"weapons","mode":"incremental","bytes":8,"lastTime":1763520103377}
{"ts":"2025-11-19T02:41:44.226Z","level":"warn","event":"bfis-unit-decode-unknown-datum-index","datumIndex":191,"unitId":16777473,"recovery":"searching-for-end-of-data-marker"}
{"ts":"2025-11-19T02:41:44.226Z","level":"warn","event":"bfis-unit-decode-unknown-datum-index","datumIndex":191,"unitId":16777985,"recovery":"searching-for-end-of-data-marker"}
{"ts":"2025-11-19T02:41:44.226Z","level":"warn","event":"bfis-unit-decode-unknown-datum-index","datumIndex":191,"unitId":16778241,"recovery":"searching-for-end-of-data-marker"}
{"ts":"2025-11-19T02:41:44.237Z","level":"warn","event":"bfis-snapshot-empty-data","endpoint":"logs","message":"Empty logs array received"}
{"ts":"2025-11-19T02:41:44.288Z","level":"info","event":"bfis-snapshot-read-ok","snapshotId":"bfaa2567-706f-422e-a921-df09667af93d","sessionHash":"wXwFIkMvUoWzlJ4m","unitCount":35,"newUnitsInPoll":5,"cachedUnitsTotal":35,"unitsBufferSize":243,"weaponsBufferSize":8}
{"ts":"2025-11-19T02:41:45.203Z","level":"info","event":"bfis-binary-fetch","endpoint":"units","mode":"incremental","bytes":243,"lastTime":1763520104368}
{"ts":"2025-11-19T02:41:45.213Z","level":"warn","event":"bfis-snapshot-empty-data","endpoint":"weapons","bufferSize":8,"message":"Empty or minimal weapons data received"}
{"ts":"2025-11-19T02:41:45.214Z","level":"info","event":"bfis-binary-fetch","endpoint":"weapons","mode":"incremental","bytes":8,"lastTime":1763520104385}
{"ts":"2025-11-19T02:41:45.214Z","level":"warn","event":"bfis-unit-decode-unknown-datum-index","datumIndex":191,"unitId":16777473,"recovery":"searching-for-end-of-data-marker"}
{"ts":"2025-11-19T02:41:45.214Z","level":"warn","event":"bfis-unit-decode-unknown-datum-index","datumIndex":191,"unitId":16777985,"recovery":"searching-for-end-of-data-marker"}
{"ts":"2025-11-19T02:41:45.214Z","level":"warn","event":"bfis-unit-decode-unknown-datum-index","datumIndex":191,"unitId":16778241,"recovery":"searching-for-end-of-data-marker"}
{"ts":"2025-11-19T02:41:45.225Z","level":"warn","event":"bfis-snapshot-empty-data","endpoint":"logs","message":"Empty logs array received"}
{"ts":"2025-11-19T02:41:45.270Z","level":"info","event":"bfis-snapshot-read-ok","snapshotId":"6a2cb9b5-6732-4a61-872d-cd184f701308","sessionHash":"wXwFIkMvUoWzlJ4m","unitCount":35,"newUnitsInPoll":5,"cachedUnitsTotal":35,"unitsBufferSize":243,"weaponsBufferSize":8}
{"ts":"2025-11-19T02:41:46.202Z","level":"info","event":"bfis-binary-fetch","endpoint":"units","mode":"incremental","bytes":243,"lastTime":1763520105366}
{"ts":"2025-11-19T02:41:46.212Z","level":"warn","event":"bfis-snapshot-empty-data","endpoint":"weapons","bufferSize":8,"message":"Empty or minimal weapons data received"}
{"ts":"2025-11-19T02:41:46.212Z","level":"info","event":"bfis-binary-fetch","endpoint":"weapons","mode":"incremental","bytes":8,"lastTime":1763520105376}
{"ts":"2025-11-19T02:41:46.212Z","level":"warn","event":"bfis-unit-decode-unknown-datum-index","datumIndex":191,"unitId":16777473,"recovery":"searching-for-end-of-data-marker"}
{"ts":"2025-11-19T02:41:46.212Z","level":"warn","event":"bfis-unit-decode-unknown-datum-index","datumIndex":191,"unitId":16777985,"recovery":"searching-for-end-of-data-marker"}
{"ts":"2025-11-19T02:41:46.212Z","level":"warn","event":"bfis-unit-decode-unknown-datum-index","datumIndex":191,"unitId":16778241,"recovery":"searching-for-end-of-data-marker"}
{"ts":"2025-11-19T02:41:46.221Z","level":"warn","event":"bfis-snapshot-empty-data","endpoint":"logs","message":"Empty logs array received"}
{"ts":"2025-11-19T02:41:46.256Z","level":"info","event":"bfis-snapshot-read-ok","snapshotId":"1d0b4b89-de03-43ee-a6b2-bbc920dd4459","sessionHash":"wXwFIkMvUoWzlJ4m","unitCount":35,"newUnitsInPoll":5,"cachedUnitsTotal":35,"unitsBufferSize":243,"weaponsBufferSize":8}
{"ts":"2025-11-19T02:41:47.204Z","level":"info","event":"bfis-binary-fetch","endpoint":"units","mode":"incremental","bytes":243,"lastTime":1763520106363}
{"ts":"2025-11-19T02:41:47.212Z","level":"warn","event":"bfis-snapshot-empty-data","endpoint":"weapons","bufferSize":8,"message":"Empty or minimal weapons data received"}
{"ts":"2025-11-19T02:41:47.212Z","level":"info","event":"bfis-binary-fetch","endpoint":"weapons","mode":"incremental","bytes":8,"lastTime":1763520106375}
{"ts":"2025-11-19T02:41:47.213Z","level":"warn","event":"bfis-unit-decode-unknown-datum-index","datumIndex":191,"unitId":16777473,"recovery":"searching-for-end-of-data-marker"}
{"ts":"2025-11-19T02:41:47.213Z","level":"warn","event":"bfis-unit-decode-unknown-datum-index","datumIndex":191,"unitId":16777985,"recovery":"searching-for-end-of-data-marker"}
{"ts":"2025-11-19T02:41:47.213Z","level":"warn","event":"bfis-unit-decode-unknown-datum-index","datumIndex":191,"unitId":16778241,"recovery":"searching-for-end-of-data-marker"}
{"ts":"2025-11-19T02:41:47.223Z","level":"warn","event":"bfis-snapshot-empty-data","endpoint":"logs","message":"Empty logs array received"}
{"ts":"2025-11-19T02:41:47.260Z","level":"info","event":"bfis-snapshot-read-ok","snapshotId":"fd6ff782-5843-4e67-b9d9-222ab34e979d","sessionHash":"wXwFIkMvUoWzlJ4m","unitCount":35,"newUnitsInPoll":5,"cachedUnitsTotal":35,"unitsBufferSize":243,"weaponsBufferSize":8}
{"ts":"2025-11-19T02:41:47.934Z","level":"warn","event":"bfis-unit-decode-unknown-datum-index","datumIndex":191,"unitId":16777473,"recovery":"searching-for-end-of-data-marker"}
{"ts":"2025-11-19T02:41:47.935Z","level":"warn","event":"bfis-unit-decode-unknown-datum-index","datumIndex":104,"unitId":16777729,"recovery":"searching-for-end-of-data-marker"}
{"ts":"2025-11-19T02:41:47.935Z","level":"warn","event":"bfis-unit-decode-unknown-datum-index","datumIndex":191,"unitId":16777985,"recovery":"searching-for-end-of-data-marker"}
{"ts":"2025-11-19T02:41:47.935Z","level":"warn","event":"bfis-unit-decode-unknown-datum-index","datumIndex":191,"unitId":16778241,"recovery":"searching-for-end-of-data-marker"}
{"ts":"2025-11-19T02:41:47.943Z","level":"info","event":"bfis-context-snapshot-ok","snapshotId":"f583d2b6-1238-475a-8ff4-bfa365e225a0","sessionHash":"wXwFIkMvUoWzlJ4m","unitCount":5,"airbaseCount":17,"bullseyeCount":3,"spotCount":1,"drawingCount":0,"logCount":10,"weaponCount":0}
{"ts":"2025-11-19T02:41:48.201Z","level":"info","event":"bfis-binary-fetch","endpoint":"units","mode":"incremental","bytes":243,"lastTime":1763520107366}
{"ts":"2025-11-19T02:41:48.209Z","level":"warn","event":"bfis-snapshot-empty-data","endpoint":"weapons","bufferSize":8,"message":"Empty or minimal weapons data received"}
{"ts":"2025-11-19T02:41:48.209Z","level":"info","event":"bfis-binary-fetch","endpoint":"weapons","mode":"incremental","bytes":8,"lastTime":1763520107375}
{"ts":"2025-11-19T02:41:48.210Z","level":"warn","event":"bfis-unit-decode-unknown-datum-index","datumIndex":191,"unitId":16777985,"recovery":"searching-for-end-of-data-marker"}
{"ts":"2025-11-19T02:41:48.209Z","level":"warn","event":"bfis-unit-decode-unknown-datum-index","datumIndex":191,"unitId":16777473,"recovery":"searching-for-end-of-data-marker"}
{"ts":"2025-11-19T02:41:48.210Z","level":"warn","event":"bfis-unit-decode-unknown-datum-index","datumIndex":191,"unitId":16778241,"recovery":"searching-for-end-of-data-marker"}
{"ts":"2025-11-19T02:41:48.218Z","level":"warn","event":"bfis-snapshot-empty-data","endpoint":"logs","message":"Empty logs array received"}
{"ts":"2025-11-19T02:41:48.257Z","level":"info","event":"bfis-snapshot-read-ok","snapshotId":"30c93e59-4c90-49ec-b568-8ee6f9ada8e9","sessionHash":"wXwFIkMvUoWzlJ4m","unitCount":35,"newUnitsInPoll":5,"cachedUnitsTotal":35,"unitsBufferSize":243,"weaponsBufferSize":8}
{"ts":"2025-11-19T02:41:49.209Z","level":"info","event":"bfis-binary-fetch","endpoint":"units","mode":"incremental","bytes":243,"lastTime":1763520108364}
{"ts":"2025-11-19T02:41:49.219Z","level":"warn","event":"bfis-snapshot-empty-data","endpoint":"weapons","bufferSize":8,"message":"Empty or minimal weapons data received"}
{"ts":"2025-11-19T02:41:49.220Z","level":"info","event":"bfis-binary-fetch","endpoint":"weapons","mode":"incremental","bytes":8,"lastTime":1763520108372}
{"ts":"2025-11-19T02:41:49.220Z","level":"warn","event":"bfis-unit-decode-unknown-datum-index","datumIndex":191,"unitId":16777473,"recovery":"searching-for-end-of-data-marker"}
{"ts":"2025-11-19T02:41:49.220Z","level":"warn","event":"bfis-unit-decode-unknown-datum-index","datumIndex":191,"unitId":16777985,"recovery":"searching-for-end-of-data-marker"}
{"ts":"2025-11-19T02:41:49.220Z","level":"warn","event":"bfis-unit-decode-unknown-datum-index","datumIndex":191,"unitId":16778241,"recovery":"searching-for-end-of-data-marker"}
{"ts":"2025-11-19T02:41:49.231Z","level":"warn","event":"bfis-snapshot-empty-data","endpoint":"logs","message":"Empty logs array received"}
{"ts":"2025-11-19T02:41:49.278Z","level":"info","event":"bfis-snapshot-read-ok","snapshotId":"e98d221b-e8a2-4210-b36d-c2db006e716e","sessionHash":"wXwFIkMvUoWzlJ4m","unitCount":36,"newUnitsInPoll":6,"cachedUnitsTotal":36,"unitsBufferSize":243,"weaponsBufferSize":8}
{"ts":"2025-11-19T02:41:50.203Z","level":"info","event":"bfis-binary-fetch","endpoint":"units","mode":"incremental","bytes":243,"lastTime":1763520109371}
{"ts":"2025-11-19T02:41:50.211Z","level":"warn","event":"bfis-snapshot-empty-data","endpoint":"weapons","bufferSize":8,"message":"Empty or minimal weapons data received"}
{"ts":"2025-11-19T02:41:50.211Z","level":"info","event":"bfis-binary-fetch","endpoint":"weapons","mode":"incremental","bytes":8,"lastTime":1763520109381}
{"ts":"2025-11-19T02:41:50.211Z","level":"warn","event":"bfis-unit-decode-unknown-datum-index","datumIndex":191,"unitId":16777473,"recovery":"searching-for-end-of-data-marker"}
{"ts":"2025-11-19T02:41:50.211Z","level":"warn","event":"bfis-unit-decode-unknown-datum-index","datumIndex":191,"unitId":16777985,"recovery":"searching-for-end-of-data-marker"}
{"ts":"2025-11-19T02:41:50.211Z","level":"warn","event":"bfis-unit-decode-unknown-datum-index","datumIndex":191,"unitId":16778241,"recovery":"searching-for-end-of-data-marker"}
{"ts":"2025-11-19T02:41:50.221Z","level":"warn","event":"bfis-snapshot-empty-data","endpoint":"logs","message":"Empty logs array received"}
{"ts":"2025-11-19T02:41:50.256Z","level":"info","event":"bfis-snapshot-read-ok","snapshotId":"e41b5cf0-e35d-438d-be0c-24b894ad7eb3","sessionHash":"wXwFIkMvUoWzlJ4m","unitCount":36,"newUnitsInPoll":5,"cachedUnitsTotal":36,"unitsBufferSize":243,"weaponsBufferSize":8}
{"ts":"2025-11-19T02:41:51.215Z","level":"info","event":"bfis-binary-fetch","endpoint":"units","mode":"incremental","bytes":243,"lastTime":1763520110366}
{"ts":"2025-11-19T02:41:51.228Z","level":"warn","event":"bfis-snapshot-empty-data","endpoint":"weapons","bufferSize":8,"message":"Empty or minimal weapons data received"}
{"ts":"2025-11-19T02:41:51.228Z","level":"info","event":"bfis-binary-fetch","endpoint":"weapons","mode":"incremental","bytes":8,"lastTime":1763520110375}
{"ts":"2025-11-19T02:41:51.228Z","level":"warn","event":"bfis-unit-decode-unknown-datum-index","datumIndex":191,"unitId":16777473,"recovery":"searching-for-end-of-data-marker"}
{"ts":"2025-11-19T02:41:51.228Z","level":"warn","event":"bfis-unit-decode-unknown-datum-index","datumIndex":191,"unitId":16777985,"recovery":"searching-for-end-of-data-marker"}
{"ts":"2025-11-19T02:41:51.228Z","level":"warn","event":"bfis-unit-decode-unknown-datum-index","datumIndex":191,"unitId":16778241,"recovery":"searching-for-end-of-data-marker"}
{"ts":"2025-11-19T02:41:51.269Z","level":"warn","event":"bfis-snapshot-empty-data","endpoint":"logs","message":"Empty logs array received"}
{"ts":"2025-11-19T02:41:51.310Z","level":"info","event":"bfis-snapshot-read-ok","snapshotId":"e20cf1b2-6c1a-426e-b8cd-d644ad28dd42","sessionHash":"wXwFIkMvUoWzlJ4m","unitCount":36,"newUnitsInPoll":5,"cachedUnitsTotal":36,"unitsBufferSize":243,"weaponsBufferSize":8}
{"ts":"2025-11-19T02:41:52.205Z","level":"info","event":"bfis-binary-fetch","endpoint":"units","mode":"incremental","bytes":243,"lastTime":1763520111376}
{"ts":"2025-11-19T02:41:52.213Z","level":"warn","event":"bfis-snapshot-empty-data","endpoint":"weapons","bufferSize":8,"message":"Empty or minimal weapons data received"}
{"ts":"2025-11-19T02:41:52.214Z","level":"warn","event":"bfis-unit-decode-unknown-datum-index","datumIndex":191,"unitId":16777473,"recovery":"searching-for-end-of-data-marker"}
{"ts":"2025-11-19T02:41:52.213Z","level":"info","event":"bfis-binary-fetch","endpoint":"weapons","mode":"incremental","bytes":8,"lastTime":1763520111388}
{"ts":"2025-11-19T02:41:52.214Z","level":"warn","event":"bfis-unit-decode-unknown-datum-index","datumIndex":191,"unitId":16777985,"recovery":"searching-for-end-of-data-marker"}
{"ts":"2025-11-19T02:41:52.214Z","level":"warn","event":"bfis-unit-decode-unknown-datum-index","datumIndex":191,"unitId":16778241,"recovery":"searching-for-end-of-data-marker"}
{"ts":"2025-11-19T02:41:52.222Z","level":"warn","event":"bfis-snapshot-empty-data","endpoint":"logs","message":"Empty logs array received"}
{"ts":"2025-11-19T02:41:52.258Z","level":"info","event":"bfis-snapshot-read-ok","snapshotId":"7ad11539-c08b-41e6-ac2d-db2313914163","sessionHash":"wXwFIkMvUoWzlJ4m","unitCount":36,"newUnitsInPoll":5,"cachedUnitsTotal":36,"unitsBufferSize":243,"weaponsBufferSize":8}
{"ts":"2025-11-19T02:41:53.209Z","level":"info","event":"bfis-binary-fetch","endpoint":"units","mode":"incremental","bytes":243,"lastTime":1763520112368}
{"ts":"2025-11-19T02:41:53.218Z","level":"warn","event":"bfis-snapshot-empty-data","endpoint":"weapons","bufferSize":8,"message":"Empty or minimal weapons data received"}
{"ts":"2025-11-19T02:41:53.218Z","level":"info","event":"bfis-binary-fetch","endpoint":"weapons","mode":"incremental","bytes":8,"lastTime":1763520112376}
{"ts":"2025-11-19T02:41:53.218Z","level":"warn","event":"bfis-unit-decode-unknown-datum-index","datumIndex":191,"unitId":16777473,"recovery":"searching-for-end-of-data-marker"}
{"ts":"2025-11-19T02:41:53.218Z","level":"warn","event":"bfis-unit-decode-unknown-datum-index","datumIndex":191,"unitId":16777985,"recovery":"searching-for-end-of-data-marker"}
{"ts":"2025-11-19T02:41:53.218Z","level":"warn","event":"bfis-unit-decode-unknown-datum-index","datumIndex":191,"unitId":16778241,"recovery":"searching-for-end-of-data-marker"}
{"ts":"2025-11-19T02:41:53.227Z","level":"warn","event":"bfis-snapshot-empty-data","endpoint":"logs","message":"Empty logs array received"}
{"ts":"2025-11-19T02:41:53.266Z","level":"info","event":"bfis-snapshot-read-ok","snapshotId":"47e16f2e-a1fd-4828-ab19-e6d5612fbe4c","sessionHash":"wXwFIkMvUoWzlJ4m","unitCount":36,"newUnitsInPoll":5,"cachedUnitsTotal":36,"unitsBufferSize":243,"weaponsBufferSize":8}
{"ts":"2025-11-19T02:41:54.215Z","level":"info","event":"bfis-binary-fetch","endpoint":"units","mode":"incremental","bytes":243,"lastTime":1763520113372}
{"ts":"2025-11-19T02:41:54.227Z","level":"warn","event":"bfis-snapshot-empty-data","endpoint":"weapons","bufferSize":8,"message":"Empty or minimal weapons data received"}
{"ts":"2025-11-19T02:41:54.227Z","level":"warn","event":"bfis-unit-decode-unknown-datum-index","datumIndex":191,"unitId":16777473,"recovery":"searching-for-end-of-data-marker"}
{"ts":"2025-11-19T02:41:54.227Z","level":"info","event":"bfis-binary-fetch","endpoint":"weapons","mode":"incremental","bytes":8,"lastTime":1763520113381}
{"ts":"2025-11-19T02:41:54.227Z","level":"warn","event":"bfis-unit-decode-unknown-datum-index","datumIndex":191,"unitId":16777985,"recovery":"searching-for-end-of-data-marker"}
{"ts":"2025-11-19T02:41:54.227Z","level":"warn","event":"bfis-unit-decode-field-error","datumIndex":64,"unitId":16778241,"error":"Offset is outside the bounds of the DataView","errorType":"RangeError"}
{"ts":"2025-11-19T02:41:54.238Z","level":"warn","event":"bfis-snapshot-empty-data","endpoint":"logs","message":"Empty logs array received"}
{"ts":"2025-11-19T02:41:54.278Z","level":"info","event":"bfis-snapshot-read-ok","snapshotId":"7db4612f-52ee-4a12-8923-36f6ce0c8b17","sessionHash":"wXwFIkMvUoWzlJ4m","unitCount":36,"newUnitsInPoll":5,"cachedUnitsTotal":36,"unitsBufferSize":243,"weaponsBufferSize":8}
{"ts":"2025-11-19T02:41:55.211Z","level":"info","event":"bfis-binary-fetch","endpoint":"units","mode":"incremental","bytes":246,"lastTime":1763520114375}
{"ts":"2025-11-19T02:41:55.227Z","level":"warn","event":"bfis-snapshot-empty-data","endpoint":"weapons","bufferSize":8,"message":"Empty or minimal weapons data received"}
{"ts":"2025-11-19T02:41:55.228Z","level":"warn","event":"bfis-unit-decode-unknown-datum-index","datumIndex":191,"unitId":16777473,"recovery":"searching-for-end-of-data-marker"}
{"ts":"2025-11-19T02:41:55.227Z","level":"info","event":"bfis-binary-fetch","endpoint":"weapons","mode":"incremental","bytes":8,"lastTime":1763520114389}
{"ts":"2025-11-19T02:41:55.228Z","level":"warn","event":"bfis-unit-decode-unknown-datum-index","datumIndex":191,"unitId":16777985,"recovery":"searching-for-end-of-data-marker"}
{"ts":"2025-11-19T02:41:55.228Z","level":"warn","event":"bfis-unit-decode-field-error","datumIndex":64,"unitId":16778241,"error":"Offset is outside the bounds of the DataView","errorType":"RangeError"}
{"ts":"2025-11-19T02:41:55.238Z","level":"warn","event":"bfis-snapshot-empty-data","endpoint":"logs","message":"Empty logs array received"}
{"ts":"2025-11-19T02:41:55.274Z","level":"info","event":"bfis-snapshot-read-ok","snapshotId":"e43bfe66-a3b9-4c40-bc9d-bee4e44c17a1","sessionHash":"wXwFIkMvUoWzlJ4m","unitCount":36,"newUnitsInPoll":5,"cachedUnitsTotal":36,"unitsBufferSize":246,"weaponsBufferSize":8}
{"ts":"2025-11-19T02:41:56.211Z","level":"info","event":"bfis-binary-fetch","endpoint":"units","mode":"incremental","bytes":243,"lastTime":1763520115372}
{"ts":"2025-11-19T02:41:56.221Z","level":"warn","event":"bfis-snapshot-empty-data","endpoint":"weapons","bufferSize":8,"message":"Empty or minimal weapons data received"}
{"ts":"2025-11-19T02:41:56.221Z","level":"info","event":"bfis-binary-fetch","endpoint":"weapons","mode":"incremental","bytes":8,"lastTime":1763520115386}
{"ts":"2025-11-19T02:41:56.221Z","level":"warn","event":"bfis-unit-decode-unknown-datum-index","datumIndex":191,"unitId":16777473,"recovery":"searching-for-end-of-data-marker"}
{"ts":"2025-11-19T02:41:56.231Z","level":"warn","event":"bfis-snapshot-empty-data","endpoint":"logs","message":"Empty logs array received"}
{"ts":"2025-11-19T02:41:56.284Z","level":"info","event":"bfis-snapshot-read-ok","snapshotId":"347578c8-5dcc-4559-b4d5-46a886413f9e","sessionHash":"wXwFIkMvUoWzlJ4m","unitCount":38,"newUnitsInPoll":3,"cachedUnitsTotal":38,"unitsBufferSize":243,"weaponsBufferSize":8}
{"ts":"2025-11-19T02:41:57.212Z","level":"info","event":"bfis-binary-fetch","endpoint":"units","mode":"incremental","bytes":243,"lastTime":1763520116374}
{"ts":"2025-11-19T02:41:57.221Z","level":"warn","event":"bfis-snapshot-empty-data","endpoint":"weapons","bufferSize":8,"message":"Empty or minimal weapons data received"}
{"ts":"2025-11-19T02:41:57.221Z","level":"info","event":"bfis-binary-fetch","endpoint":"weapons","mode":"incremental","bytes":8,"lastTime":1763520116383}
{"ts":"2025-11-19T02:41:57.221Z","level":"warn","event":"bfis-unit-decode-unknown-datum-index","datumIndex":191,"unitId":16777473,"recovery":"searching-for-end-of-data-marker"}
{"ts":"2025-11-19T02:41:57.230Z","level":"warn","event":"bfis-snapshot-empty-data","endpoint":"logs","message":"Empty logs array received"}
{"ts":"2025-11-19T02:41:57.275Z","level":"info","event":"bfis-snapshot-read-ok","snapshotId":"bfc09855-ac63-4107-a528-fe5ffcc711ba","sessionHash":"wXwFIkMvUoWzlJ4m","unitCount":38,"newUnitsInPoll":2,"cachedUnitsTotal":38,"unitsBufferSize":243,"weaponsBufferSize":8}
{"ts":"2025-11-19T02:41:58.214Z","level":"info","event":"bfis-binary-fetch","endpoint":"units","mode":"incremental","bytes":243,"lastTime":1763520117374}
{"ts":"2025-11-19T02:41:58.223Z","level":"warn","event":"bfis-snapshot-empty-data","endpoint":"weapons","bufferSize":8,"message":"Empty or minimal weapons data received"}
{"ts":"2025-11-19T02:41:58.223Z","level":"info","event":"bfis-binary-fetch","endpoint":"weapons","mode":"incremental","bytes":8,"lastTime":1763520117384}
{"ts":"2025-11-19T02:41:58.223Z","level":"warn","event":"bfis-unit-decode-unknown-datum-index","datumIndex":191,"unitId":16777473,"recovery":"searching-for-end-of-data-marker"}
{"ts":"2025-11-19T02:41:58.223Z","level":"warn","event":"bfis-unit-decode-unknown-datum-index","datumIndex":191,"unitId":16777985,"recovery":"searching-for-end-of-data-marker"}
{"ts":"2025-11-19T02:41:58.223Z","level":"warn","event":"bfis-unit-decode-field-error","datumIndex":63,"unitId":16778241,"error":"Offset is outside the bounds of the DataView","errorType":"RangeError"}
{"ts":"2025-11-19T02:41:58.232Z","level":"warn","event":"bfis-snapshot-empty-data","endpoint":"logs","message":"Empty logs array received"}
{"ts":"2025-11-19T02:41:58.272Z","level":"info","event":"bfis-snapshot-read-ok","snapshotId":"5f568bc6-9a62-4b43-ab09-2002dca6a770","sessionHash":"wXwFIkMvUoWzlJ4m","unitCount":38,"newUnitsInPoll":5,"cachedUnitsTotal":38,"unitsBufferSize":243,"weaponsBufferSize":8}
{"ts":"2025-11-19T02:41:59.216Z","level":"info","event":"bfis-binary-fetch","endpoint":"units","mode":"incremental","bytes":243,"lastTime":1763520118376}
{"ts":"2025-11-19T02:41:59.226Z","level":"warn","event":"bfis-snapshot-empty-data","endpoint":"weapons","bufferSize":8,"message":"Empty or minimal weapons data received"}
{"ts":"2025-11-19T02:41:59.226Z","level":"info","event":"bfis-binary-fetch","endpoint":"weapons","mode":"incremental","bytes":8,"lastTime":1763520118387}
{"ts":"2025-11-19T02:41:59.226Z","level":"warn","event":"bfis-unit-decode-unknown-datum-index","datumIndex":191,"unitId":16777473,"recovery":"searching-for-end-of-data-marker"}
{"ts":"2025-11-19T02:41:59.226Z","level":"warn","event":"bfis-unit-decode-unknown-datum-index","datumIndex":191,"unitId":16777985,"recovery":"searching-for-end-of-data-marker"}
{"ts":"2025-11-19T02:41:59.226Z","level":"warn","event":"bfis-unit-decode-field-error","datumIndex":63,"unitId":16778241,"error":"Offset is outside the bounds of the DataView","errorType":"RangeError"}
{"ts":"2025-11-19T02:41:59.237Z","level":"warn","event":"bfis-snapshot-empty-data","endpoint":"logs","message":"Empty logs array received"}
{"ts":"2025-11-19T02:41:59.279Z","level":"info","event":"bfis-snapshot-read-ok","snapshotId":"e297a752-3681-402e-92af-11a5f8ea9f48","sessionHash":"wXwFIkMvUoWzlJ4m","unitCount":38,"newUnitsInPoll":5,"cachedUnitsTotal":38,"unitsBufferSize":243,"weaponsBufferSize":8}
{"ts":"2025-11-19T02:42:00.213Z","level":"info","event":"bfis-binary-fetch","endpoint":"units","mode":"incremental","bytes":243,"lastTime":1763520119378}
{"ts":"2025-11-19T02:42:00.223Z","level":"info","event":"bfis-binary-fetch","endpoint":"weapons","mode":"incremental","bytes":8,"lastTime":1763520119388}
{"ts":"2025-11-19T02:42:00.223Z","level":"warn","event":"bfis-snapshot-empty-data","endpoint":"weapons","bufferSize":8,"message":"Empty or minimal weapons data received"}
{"ts":"2025-11-19T02:42:00.235Z","level":"warn","event":"bfis-snapshot-empty-data","endpoint":"logs","message":"Empty logs array received"}
{"ts":"2025-11-19T02:42:00.272Z","level":"info","event":"bfis-snapshot-read-ok","snapshotId":"63796d2e-4630-4698-8777-c76126330b2c","sessionHash":"wXwFIkMvUoWzlJ4m","unitCount":38,"newUnitsInPoll":1,"cachedUnitsTotal":38,"unitsBufferSize":243,"weaponsBufferSize":8}
{"ts":"2025-11-19T02:42:01.216Z","level":"info","event":"bfis-binary-fetch","endpoint":"units","mode":"incremental","bytes":243,"lastTime":1763520120376}
{"ts":"2025-11-19T02:42:01.223Z","level":"warn","event":"bfis-snapshot-empty-data","endpoint":"weapons","bufferSize":8,"message":"Empty or minimal weapons data received"}
{"ts":"2025-11-19T02:42:01.223Z","level":"info","event":"bfis-binary-fetch","endpoint":"weapons","mode":"incremental","bytes":8,"lastTime":1763520120385}
{"ts":"2025-11-19T02:42:01.231Z","level":"warn","event":"bfis-snapshot-empty-data","endpoint":"logs","message":"Empty logs array received"}
{"ts":"2025-11-19T02:42:01.278Z","level":"info","event":"bfis-snapshot-read-ok","snapshotId":"9a0fb25d-c1aa-44b9-8e4f-31b10bbd2761","sessionHash":"wXwFIkMvUoWzlJ4m","unitCount":38,"newUnitsInPoll":1,"cachedUnitsTotal":38,"unitsBufferSize":243,"weaponsBufferSize":8}
{"ts":"2025-11-19T02:42:02.215Z","level":"info","event":"bfis-binary-fetch","endpoint":"units","mode":"incremental","bytes":243,"lastTime":1763520121380}
{"ts":"2025-11-19T02:42:02.224Z","level":"warn","event":"bfis-snapshot-empty-data","endpoint":"weapons","bufferSize":8,"message":"Empty or minimal weapons data received"}
{"ts":"2025-11-19T02:42:02.224Z","level":"info","event":"bfis-binary-fetch","endpoint":"weapons","mode":"incremental","bytes":8,"lastTime":1763520121387}
{"ts":"2025-11-19T02:42:02.234Z","level":"warn","event":"bfis-snapshot-empty-data","endpoint":"logs","message":"Empty logs array received"}
{"ts":"2025-11-19T02:42:02.272Z","level":"info","event":"bfis-snapshot-read-ok","snapshotId":"96edd988-bb9e-4c8f-a96b-a9d556a5ebf5","sessionHash":"wXwFIkMvUoWzlJ4m","unitCount":38,"newUnitsInPoll":1,"cachedUnitsTotal":38,"unitsBufferSize":243,"weaponsBufferSize":8}
{"ts":"2025-11-19T02:42:03.219Z","level":"info","event":"bfis-binary-fetch","endpoint":"units","mode":"incremental","bytes":246,"lastTime":1763520122378}
{"ts":"2025-11-19T02:42:03.229Z","level":"warn","event":"bfis-snapshot-empty-data","endpoint":"weapons","bufferSize":8,"message":"Empty or minimal weapons data received"}
{"ts":"2025-11-19T02:42:03.229Z","level":"info","event":"bfis-binary-fetch","endpoint":"weapons","mode":"incremental","bytes":8,"lastTime":1763520122387}
{"ts":"2025-11-19T02:42:03.240Z","level":"warn","event":"bfis-snapshot-empty-data","endpoint":"logs","message":"Empty logs array received"}
{"ts":"2025-11-19T02:42:03.274Z","level":"info","event":"bfis-snapshot-read-ok","snapshotId":"3cbedc08-d0d9-40cc-9a1e-fc78819073f8","sessionHash":"wXwFIkMvUoWzlJ4m","unitCount":38,"newUnitsInPoll":1,"cachedUnitsTotal":38,"unitsBufferSize":246,"weaponsBufferSize":8}
{"ts":"2025-11-19T02:42:04.216Z","level":"info","event":"bfis-binary-fetch","endpoint":"units","mode":"incremental","bytes":243,"lastTime":1763520123381}
{"ts":"2025-11-19T02:42:04.225Z","level":"warn","event":"bfis-snapshot-empty-data","endpoint":"weapons","bufferSize":8,"message":"Empty or minimal weapons data received"}
{"ts":"2025-11-19T02:42:04.225Z","level":"info","event":"bfis-binary-fetch","endpoint":"weapons","mode":"incremental","bytes":8,"lastTime":1763520123391}
{"ts":"2025-11-19T02:42:04.233Z","level":"warn","event":"bfis-snapshot-empty-data","endpoint":"logs","message":"Empty logs array received"}
{"ts":"2025-11-19T02:42:04.274Z","level":"info","event":"bfis-snapshot-read-ok","snapshotId":"ec1ded9f-5547-4ada-b105-f04a961e5b16","sessionHash":"wXwFIkMvUoWzlJ4m","unitCount":38,"newUnitsInPoll":1,"cachedUnitsTotal":38,"unitsBufferSize":243,"weaponsBufferSize":8}
{"ts":"2025-11-19T02:42:05.218Z","level":"info","event":"bfis-binary-fetch","endpoint":"units","mode":"incremental","bytes":243,"lastTime":1763520124378}
{"ts":"2025-11-19T02:42:05.227Z","level":"warn","event":"bfis-snapshot-empty-data","endpoint":"weapons","bufferSize":8,"message":"Empty or minimal weapons data received"}
{"ts":"2025-11-19T02:42:05.227Z","level":"info","event":"bfis-binary-fetch","endpoint":"weapons","mode":"incremental","bytes":8,"lastTime":1763520124388}
{"ts":"2025-11-19T02:42:05.227Z","level":"warn","event":"bfis-unit-decode-unknown-datum-index","datumIndex":191,"unitId":16777473,"recovery":"searching-for-end-of-data-marker"}
{"ts":"2025-11-19T02:42:05.227Z","level":"warn","event":"bfis-unit-decode-unknown-datum-index","datumIndex":191,"unitId":16777985,"recovery":"searching-for-end-of-data-marker"}
{"ts":"2025-11-19T02:42:05.227Z","level":"warn","event":"bfis-unit-decode-unknown-datum-index","datumIndex":191,"unitId":16778241,"recovery":"searching-for-end-of-data-marker"}
{"ts":"2025-11-19T02:42:05.237Z","level":"warn","event":"bfis-snapshot-empty-data","endpoint":"logs","message":"Empty logs array received"}
{"ts":"2025-11-19T02:42:05.279Z","level":"info","event":"bfis-snapshot-read-ok","snapshotId":"d3a67583-ed28-41dc-aa81-1799db517a0b","sessionHash":"wXwFIkMvUoWzlJ4m","unitCount":38,"newUnitsInPoll":5,"cachedUnitsTotal":38,"unitsBufferSize":243,"weaponsBufferSize":8}
{"ts":"2025-11-19T02:42:06.218Z","level":"info","event":"bfis-binary-fetch","endpoint":"units","mode":"incremental","bytes":243,"lastTime":1763520125380}
{"ts":"2025-11-19T02:42:06.227Z","level":"warn","event":"bfis-snapshot-empty-data","endpoint":"weapons","bufferSize":8,"message":"Empty or minimal weapons data received"}
{"ts":"2025-11-19T02:42:06.227Z","level":"info","event":"bfis-binary-fetch","endpoint":"weapons","mode":"incremental","bytes":8,"lastTime":1763520125390}
{"ts":"2025-11-19T02:42:06.227Z","level":"warn","event":"bfis-unit-decode-unknown-datum-index","datumIndex":191,"unitId":16777473,"recovery":"searching-for-end-of-data-marker"}
{"ts":"2025-11-19T02:42:06.227Z","level":"warn","event":"bfis-unit-decode-unknown-datum-index","datumIndex":191,"unitId":16777985,"recovery":"searching-for-end-of-data-marker"}
{"ts":"2025-11-19T02:42:06.227Z","level":"warn","event":"bfis-unit-decode-unknown-datum-index","datumIndex":191,"unitId":16778241,"recovery":"searching-for-end-of-data-marker"}
{"ts":"2025-11-19T02:42:06.239Z","level":"warn","event":"bfis-snapshot-empty-data","endpoint":"logs","message":"Empty logs array received"}
{"ts":"2025-11-19T02:42:06.296Z","level":"info","event":"bfis-snapshot-read-ok","snapshotId":"926fc9c8-c2b9-4223-9b84-fb737613bf31","sessionHash":"wXwFIkMvUoWzlJ4m","unitCount":38,"newUnitsInPoll":5,"cachedUnitsTotal":38,"unitsBufferSize":243,"weaponsBufferSize":8}
{"ts":"2025-11-19T02:42:07.230Z","level":"info","event":"bfis-binary-fetch","endpoint":"units","mode":"incremental","bytes":243,"lastTime":1763520126380}
{"ts":"2025-11-19T02:42:07.240Z","level":"warn","event":"bfis-snapshot-empty-data","endpoint":"weapons","bufferSize":8,"message":"Empty or minimal weapons data received"}
{"ts":"2025-11-19T02:42:07.240Z","level":"info","event":"bfis-binary-fetch","endpoint":"weapons","mode":"incremental","bytes":8,"lastTime":1763520126390}
{"ts":"2025-11-19T02:42:07.240Z","level":"warn","event":"bfis-unit-decode-unknown-datum-index","datumIndex":191,"unitId":16777473,"recovery":"searching-for-end-of-data-marker"}
{"ts":"2025-11-19T02:42:07.240Z","level":"warn","event":"bfis-unit-decode-unknown-datum-index","datumIndex":191,"unitId":16777985,"recovery":"searching-for-end-of-data-marker"}
{"ts":"2025-11-19T02:42:07.240Z","level":"warn","event":"bfis-unit-decode-unknown-datum-index","datumIndex":191,"unitId":16778241,"recovery":"searching-for-end-of-data-marker"}
{"ts":"2025-11-19T02:42:07.251Z","level":"warn","event":"bfis-snapshot-empty-data","endpoint":"logs","message":"Empty logs array received"}
{"ts":"2025-11-19T02:42:07.296Z","level":"info","event":"bfis-snapshot-read-ok","snapshotId":"a2b020fd-2249-49f6-97a1-d79fbd2be67b","sessionHash":"wXwFIkMvUoWzlJ4m","unitCount":38,"newUnitsInPoll":5,"cachedUnitsTotal":38,"unitsBufferSize":243,"weaponsBufferSize":8}
{"ts":"2025-11-19T02:42:08.222Z","level":"info","event":"bfis-binary-fetch","endpoint":"units","mode":"incremental","bytes":246,"lastTime":1763520127392}
{"ts":"2025-11-19T02:42:08.234Z","level":"info","event":"bfis-binary-fetch","endpoint":"weapons","mode":"incremental","bytes":8,"lastTime":1763520127403}
{"ts":"2025-11-19T02:42:08.234Z","level":"warn","event":"bfis-snapshot-empty-data","endpoint":"weapons","bufferSize":8,"message":"Empty or minimal weapons data received"}
{"ts":"2025-11-19T02:42:08.234Z","level":"warn","event":"bfis-unit-decode-unknown-datum-index","datumIndex":191,"unitId":16777985,"recovery":"searching-for-end-of-data-marker"}
{"ts":"2025-11-19T02:42:08.234Z","level":"warn","event":"bfis-unit-decode-unknown-datum-index","datumIndex":191,"unitId":16777473,"recovery":"searching-for-end-of-data-marker"}
{"ts":"2025-11-19T02:42:08.234Z","level":"warn","event":"bfis-unit-decode-unknown-datum-index","datumIndex":191,"unitId":16778241,"recovery":"searching-for-end-of-data-marker"}
{"ts":"2025-11-19T02:42:08.245Z","level":"warn","event":"bfis-snapshot-empty-data","endpoint":"logs","message":"Empty logs array received"}
{"ts":"2025-11-19T02:42:08.288Z","level":"info","event":"bfis-snapshot-read-ok","snapshotId":"0e823ad7-3bad-47cd-a6e7-654cf2bc7a03","sessionHash":"wXwFIkMvUoWzlJ4m","unitCount":38,"newUnitsInPoll":5,"cachedUnitsTotal":38,"unitsBufferSize":246,"weaponsBufferSize":8}
{"ts":"2025-11-19T02:42:09.220Z","level":"info","event":"bfis-binary-fetch","endpoint":"units","mode":"incremental","bytes":243,"lastTime":1763520128384}
{"ts":"2025-11-19T02:42:09.229Z","level":"warn","event":"bfis-snapshot-empty-data","endpoint":"weapons","bufferSize":8,"message":"Empty or minimal weapons data received"}
{"ts":"2025-11-19T02:42:09.229Z","level":"info","event":"bfis-binary-fetch","endpoint":"weapons","mode":"incremental","bytes":8,"lastTime":1763520128396}
{"ts":"2025-11-19T02:42:09.230Z","level":"warn","event":"bfis-unit-decode-unknown-datum-index","datumIndex":191,"unitId":16778241,"recovery":"searching-for-end-of-data-marker"}
{"ts":"2025-11-19T02:42:09.229Z","level":"warn","event":"bfis-unit-decode-unknown-datum-index","datumIndex":191,"unitId":16777473,"recovery":"searching-for-end-of-data-marker"}
{"ts":"2025-11-19T02:42:09.229Z","level":"warn","event":"bfis-unit-decode-unknown-datum-index","datumIndex":191,"unitId":16777985,"recovery":"searching-for-end-of-data-marker"}
{"ts":"2025-11-19T02:42:09.242Z","level":"warn","event":"bfis-snapshot-empty-data","endpoint":"logs","message":"Empty logs array received"}
{"ts":"2025-11-19T02:42:09.283Z","level":"info","event":"bfis-snapshot-read-ok","snapshotId":"eb93a488-caed-4c8e-9951-40c0224100fb","sessionHash":"wXwFIkMvUoWzlJ4m","unitCount":38,"newUnitsInPoll":5,"cachedUnitsTotal":38,"unitsBufferSize":243,"weaponsBufferSize":8}
{"ts":"2025-11-19T02:42:10.220Z","level":"info","event":"bfis-binary-fetch","endpoint":"units","mode":"incremental","bytes":243,"lastTime":1763520129383}
{"ts":"2025-11-19T02:42:10.228Z","level":"warn","event":"bfis-snapshot-empty-data","endpoint":"weapons","bufferSize":8,"message":"Empty or minimal weapons data received"}
{"ts":"2025-11-19T02:42:10.229Z","level":"info","event":"bfis-binary-fetch","endpoint":"weapons","mode":"incremental","bytes":8,"lastTime":1763520129392}
{"ts":"2025-11-19T02:42:10.229Z","level":"warn","event":"bfis-unit-decode-unknown-datum-index","datumIndex":191,"unitId":16777473,"recovery":"searching-for-end-of-data-marker"}
{"ts":"2025-11-19T02:42:10.229Z","level":"warn","event":"bfis-unit-decode-unknown-datum-index","datumIndex":191,"unitId":16777985,"recovery":"searching-for-end-of-data-marker"}
{"ts":"2025-11-19T02:42:10.229Z","level":"warn","event":"bfis-unit-decode-unknown-datum-index","datumIndex":191,"unitId":16778241,"recovery":"searching-for-end-of-data-marker"}
{"ts":"2025-11-19T02:42:10.229Z","level":"warn","event":"bfis-unit-decode-unknown-datum-index","datumIndex":139,"unitId":609319082,"recovery":"searching-for-end-of-data-marker"}
{"ts":"2025-11-19T02:42:10.241Z","level":"warn","event":"bfis-snapshot-empty-data","endpoint":"logs","message":"Empty logs array received"}
{"ts":"2025-11-19T02:42:10.280Z","level":"info","event":"bfis-snapshot-read-ok","snapshotId":"49466360-068d-4539-bd14-f9b19871a1bd","sessionHash":"wXwFIkMvUoWzlJ4m","unitCount":39,"newUnitsInPoll":6,"cachedUnitsTotal":39,"unitsBufferSize":243,"weaponsBufferSize":8}
{"ts":"2025-11-19T02:42:11.216Z","level":"info","event":"bfis-binary-fetch","endpoint":"units","mode":"incremental","bytes":243,"lastTime":1763520130383}
{"ts":"2025-11-19T02:42:11.225Z","level":"warn","event":"bfis-snapshot-empty-data","endpoint":"weapons","bufferSize":8,"message":"Empty or minimal weapons data received"}
{"ts":"2025-11-19T02:42:11.226Z","level":"info","event":"bfis-binary-fetch","endpoint":"weapons","mode":"incremental","bytes":8,"lastTime":1763520130391}
{"ts":"2025-11-19T02:42:11.226Z","level":"warn","event":"bfis-unit-decode-unknown-datum-index","datumIndex":191,"unitId":16777473,"recovery":"searching-for-end-of-data-marker"}
{"ts":"2025-11-19T02:42:11.226Z","level":"warn","event":"bfis-unit-decode-unknown-datum-index","datumIndex":191,"unitId":16777985,"recovery":"searching-for-end-of-data-marker"}
{"ts":"2025-11-19T02:42:11.226Z","level":"warn","event":"bfis-unit-decode-unknown-datum-index","datumIndex":191,"unitId":16778241,"recovery":"searching-for-end-of-data-marker"}
{"ts":"2025-11-19T02:42:11.233Z","level":"warn","event":"bfis-snapshot-empty-data","endpoint":"logs","message":"Empty logs array received"}
{"ts":"2025-11-19T02:42:11.262Z","level":"info","event":"bfis-snapshot-read-ok","snapshotId":"47008373-9f34-478e-967a-e583d2dbd695","sessionHash":"wXwFIkMvUoWzlJ4m","unitCount":39,"newUnitsInPoll":5,"cachedUnitsTotal":39,"unitsBufferSize":243,"weaponsBufferSize":8}
{"ts":"2025-11-19T02:42:12.235Z","level":"info","event":"bfis-binary-fetch","endpoint":"units","mode":"incremental","bytes":243,"lastTime":1763520131379}
{"ts":"2025-11-19T02:42:12.248Z","level":"warn","event":"bfis-snapshot-empty-data","endpoint":"weapons","bufferSize":8,"message":"Empty or minimal weapons data received"}
{"ts":"2025-11-19T02:42:12.248Z","level":"info","event":"bfis-binary-fetch","endpoint":"weapons","mode":"incremental","bytes":8,"lastTime":1763520131388}
{"ts":"2025-11-19T02:42:12.248Z","level":"warn","event":"bfis-unit-decode-unknown-datum-index","datumIndex":191,"unitId":16777985,"recovery":"searching-for-end-of-data-marker"}
{"ts":"2025-11-19T02:42:12.248Z","level":"warn","event":"bfis-unit-decode-unknown-datum-index","datumIndex":191,"unitId":16777473,"recovery":"searching-for-end-of-data-marker"}
{"ts":"2025-11-19T02:42:12.248Z","level":"warn","event":"bfis-unit-decode-field-error","datumIndex":63,"unitId":16778241,"error":"Offset is outside the bounds of the DataView","errorType":"RangeError"}
{"ts":"2025-11-19T02:42:12.259Z","level":"warn","event":"bfis-snapshot-empty-data","endpoint":"logs","message":"Empty logs array received"}
{"ts":"2025-11-19T02:42:12.303Z","level":"info","event":"bfis-snapshot-read-ok","snapshotId":"3520af56-b476-42ad-a7b1-64536db44e0f","sessionHash":"wXwFIkMvUoWzlJ4m","unitCount":39,"newUnitsInPoll":5,"cachedUnitsTotal":39,"unitsBufferSize":243,"weaponsBufferSize":8}
{"ts":"2025-11-19T02:42:13.223Z","level":"info","event":"bfis-binary-fetch","endpoint":"units","mode":"incremental","bytes":243,"lastTime":1763520132396}
{"ts":"2025-11-19T02:42:13.233Z","level":"warn","event":"bfis-snapshot-empty-data","endpoint":"weapons","bufferSize":8,"message":"Empty or minimal weapons data received"}
{"ts":"2025-11-19T02:42:13.233Z","level":"info","event":"bfis-binary-fetch","endpoint":"weapons","mode":"incremental","bytes":8,"lastTime":1763520132410}
{"ts":"2025-11-19T02:42:13.233Z","level":"warn","event":"bfis-unit-decode-unknown-datum-index","datumIndex":191,"unitId":16777473,"recovery":"searching-for-end-of-data-marker"}
{"ts":"2025-11-19T02:42:13.234Z","level":"warn","event":"bfis-unit-decode-unknown-datum-index","datumIndex":191,"unitId":16777985,"recovery":"searching-for-end-of-data-marker"}
{"ts":"2025-11-19T02:42:13.234Z","level":"warn","event":"bfis-unit-decode-field-error","datumIndex":63,"unitId":16778241,"error":"Offset is outside the bounds of the DataView","errorType":"RangeError"}
{"ts":"2025-11-19T02:42:13.244Z","level":"warn","event":"bfis-snapshot-empty-data","endpoint":"logs","message":"Empty logs array received"}
{"ts":"2025-11-19T02:42:13.291Z","level":"info","event":"bfis-snapshot-read-ok","snapshotId":"e808c796-7ac4-40bc-b9ae-5054960439ac","sessionHash":"wXwFIkMvUoWzlJ4m","unitCount":39,"newUnitsInPoll":5,"cachedUnitsTotal":39,"unitsBufferSize":243,"weaponsBufferSize":8}
{"ts":"2025-11-19T02:42:14.223Z","level":"info","event":"bfis-binary-fetch","endpoint":"units","mode":"incremental","bytes":243,"lastTime":1763520133384}
{"ts":"2025-11-19T02:42:14.233Z","level":"info","event":"bfis-binary-fetch","endpoint":"weapons","mode":"incremental","bytes":8,"lastTime":1763520133395}
{"ts":"2025-11-19T02:42:14.233Z","level":"warn","event":"bfis-snapshot-empty-data","endpoint":"weapons","bufferSize":8,"message":"Empty or minimal weapons data received"}
{"ts":"2025-11-19T02:42:14.234Z","level":"warn","event":"bfis-unit-decode-field-error","datumIndex":63,"unitId":16778241,"error":"Offset is outside the bounds of the DataView","errorType":"RangeError"}
{"ts":"2025-11-19T02:42:14.233Z","level":"warn","event":"bfis-unit-decode-unknown-datum-index","datumIndex":191,"unitId":16777473,"recovery":"searching-for-end-of-data-marker"}
{"ts":"2025-11-19T02:42:14.233Z","level":"warn","event":"bfis-unit-decode-unknown-datum-index","datumIndex":191,"unitId":16777985,"recovery":"searching-for-end-of-data-marker"}
{"ts":"2025-11-19T02:42:14.244Z","level":"warn","event":"bfis-snapshot-empty-data","endpoint":"logs","message":"Empty logs array received"}
{"ts":"2025-11-19T02:42:14.286Z","level":"info","event":"bfis-snapshot-read-ok","snapshotId":"f1646137-84b7-4035-a5c1-ba790e65e53f","sessionHash":"wXwFIkMvUoWzlJ4m","unitCount":39,"newUnitsInPoll":5,"cachedUnitsTotal":39,"unitsBufferSize":243,"weaponsBufferSize":8}
{"ts":"2025-11-19T02:42:15.224Z","level":"info","event":"bfis-binary-fetch","endpoint":"units","mode":"incremental","bytes":246,"lastTime":1763520134385}
{"ts":"2025-11-19T02:42:15.235Z","level":"info","event":"bfis-binary-fetch","endpoint":"weapons","mode":"incremental","bytes":8,"lastTime":1763520134396}
{"ts":"2025-11-19T02:42:15.235Z","level":"warn","event":"bfis-snapshot-empty-data","endpoint":"weapons","bufferSize":8,"message":"Empty or minimal weapons data received"}
{"ts":"2025-11-19T02:42:15.235Z","level":"warn","event":"bfis-unit-decode-unknown-datum-index","datumIndex":191,"unitId":16777473,"recovery":"searching-for-end-of-data-marker"}
{"ts":"2025-11-19T02:42:15.236Z","level":"warn","event":"bfis-unit-decode-unknown-datum-index","datumIndex":134,"unitId":390065336,"recovery":"searching-for-end-of-data-marker"}
{"ts":"2025-11-19T02:42:15.236Z","level":"warn","event":"bfis-unit-decode-unknown-datum-index","datumIndex":191,"unitId":16777985,"recovery":"searching-for-end-of-data-marker"}
{"ts":"2025-11-19T02:42:15.236Z","level":"warn","event":"bfis-unit-decode-field-error","datumIndex":63,"unitId":16778241,"error":"Offset is outside the bounds of the DataView","errorType":"RangeError"}
{"ts":"2025-11-19T02:42:15.247Z","level":"warn","event":"bfis-snapshot-empty-data","endpoint":"logs","message":"Empty logs array received"}
{"ts":"2025-11-19T02:42:15.291Z","level":"info","event":"bfis-snapshot-read-ok","snapshotId":"7dd6569a-ce94-4773-a9bb-f8fa37c7bd52","sessionHash":"wXwFIkMvUoWzlJ4m","unitCount":40,"newUnitsInPoll":6,"cachedUnitsTotal":40,"unitsBufferSize":246,"weaponsBufferSize":8}
{"ts":"2025-11-19T02:42:16.230Z","level":"info","event":"bfis-binary-fetch","endpoint":"units","mode":"incremental","bytes":243,"lastTime":1763520135386}
{"ts":"2025-11-19T02:42:16.246Z","level":"warn","event":"bfis-snapshot-empty-data","endpoint":"weapons","bufferSize":8,"message":"Empty or minimal weapons data received"}
{"ts":"2025-11-19T02:42:16.246Z","level":"info","event":"bfis-binary-fetch","endpoint":"weapons","mode":"incremental","bytes":8,"lastTime":1763520135397}
{"ts":"2025-11-19T02:42:16.246Z","level":"warn","event":"bfis-unit-decode-unknown-datum-index","datumIndex":191,"unitId":16777473,"recovery":"searching-for-end-of-data-marker"}
{"ts":"2025-11-19T02:42:16.246Z","level":"warn","event":"bfis-unit-decode-unknown-datum-index","datumIndex":191,"unitId":16777985,"recovery":"searching-for-end-of-data-marker"}
{"ts":"2025-11-19T02:42:16.246Z","level":"warn","event":"bfis-unit-decode-field-error","datumIndex":63,"unitId":16778241,"error":"Offset is outside the bounds of the DataView","errorType":"RangeError"}
{"ts":"2025-11-19T02:42:16.255Z","level":"warn","event":"bfis-snapshot-empty-data","endpoint":"logs","message":"Empty logs array received"}
{"ts":"2025-11-19T02:42:16.296Z","level":"info","event":"bfis-snapshot-read-ok","snapshotId":"3cc714bc-7343-4311-bddf-fc9ae05575aa","sessionHash":"wXwFIkMvUoWzlJ4m","unitCount":40,"newUnitsInPoll":5,"cachedUnitsTotal":40,"unitsBufferSize":243,"weaponsBufferSize":8}
{"ts":"2025-11-19T02:42:17.226Z","level":"info","event":"bfis-binary-fetch","endpoint":"units","mode":"incremental","bytes":243,"lastTime":1763520136391}
{"ts":"2025-11-19T02:42:17.239Z","level":"warn","event":"bfis-snapshot-empty-data","endpoint":"weapons","bufferSize":8,"message":"Empty or minimal weapons data received"}
{"ts":"2025-11-19T02:42:17.239Z","level":"info","event":"bfis-binary-fetch","endpoint":"weapons","mode":"incremental","bytes":8,"lastTime":1763520136407}
{"ts":"2025-11-19T02:42:17.239Z","level":"warn","event":"bfis-unit-decode-unknown-datum-index","datumIndex":191,"unitId":16777473,"recovery":"searching-for-end-of-data-marker"}
{"ts":"2025-11-19T02:42:17.240Z","level":"warn","event":"bfis-unit-decode-unknown-datum-index","datumIndex":191,"unitId":16778241,"recovery":"searching-for-end-of-data-marker"}
{"ts":"2025-11-19T02:42:17.240Z","level":"warn","event":"bfis-unit-decode-unknown-datum-index","datumIndex":191,"unitId":16777985,"recovery":"searching-for-end-of-data-marker"}
{"ts":"2025-11-19T02:42:17.253Z","level":"warn","event":"bfis-snapshot-empty-data","endpoint":"logs","message":"Empty logs array received"}
{"ts":"2025-11-19T02:42:17.293Z","level":"info","event":"bfis-snapshot-read-ok","snapshotId":"34af5aa0-7d6d-4d2e-bd73-79e986d2eb46","sessionHash":"wXwFIkMvUoWzlJ4m","unitCount":40,"newUnitsInPoll":5,"cachedUnitsTotal":40,"unitsBufferSize":243,"weaponsBufferSize":8}
{"ts":"2025-11-19T02:42:18.227Z","level":"info","event":"bfis-binary-fetch","endpoint":"units","mode":"incremental","bytes":243,"lastTime":1763520137388}
{"ts":"2025-11-19T02:42:18.238Z","level":"warn","event":"bfis-snapshot-empty-data","endpoint":"weapons","bufferSize":8,"message":"Empty or minimal weapons data received"}
{"ts":"2025-11-19T02:42:18.238Z","level":"info","event":"bfis-binary-fetch","endpoint":"weapons","mode":"incremental","bytes":8,"lastTime":1763520137401}
{"ts":"2025-11-19T02:42:18.247Z","level":"warn","event":"bfis-snapshot-empty-data","endpoint":"logs","message":"Empty logs array received"}
{"ts":"2025-11-19T02:42:18.289Z","level":"info","event":"bfis-snapshot-read-ok","snapshotId":"699038f8-d3dd-4b25-b06e-5f70262aa354","sessionHash":"wXwFIkMvUoWzlJ4m","unitCount":40,"newUnitsInPoll":1,"cachedUnitsTotal":40,"unitsBufferSize":243,"weaponsBufferSize":8}
{"ts":"2025-11-19T02:42:19.223Z","level":"info","event":"bfis-binary-fetch","endpoint":"units","mode":"incremental","bytes":243,"lastTime":1763520138390}
{"ts":"2025-11-19T02:42:19.232Z","level":"warn","event":"bfis-snapshot-empty-data","endpoint":"weapons","bufferSize":8,"message":"Empty or minimal weapons data received"}
{"ts":"2025-11-19T02:42:19.233Z","level":"info","event":"bfis-binary-fetch","endpoint":"weapons","mode":"incremental","bytes":8,"lastTime":1763520138400}
{"ts":"2025-11-19T02:42:19.243Z","level":"warn","event":"bfis-snapshot-empty-data","endpoint":"logs","message":"Empty logs array received"}
{"ts":"2025-11-19T02:42:19.276Z","level":"info","event":"bfis-snapshot-read-ok","snapshotId":"9a6d39c1-b61e-4ed2-9e12-f978f261e46d","sessionHash":"wXwFIkMvUoWzlJ4m","unitCount":40,"newUnitsInPoll":1,"cachedUnitsTotal":40,"unitsBufferSize":243,"weaponsBufferSize":8}
{"ts":"2025-11-19T02:42:20.236Z","level":"info","event":"bfis-binary-fetch","endpoint":"units","mode":"incremental","bytes":243,"lastTime":1763520139387}
{"ts":"2025-11-19T02:42:20.245Z","level":"info","event":"bfis-binary-fetch","endpoint":"weapons","mode":"incremental","bytes":8,"lastTime":1763520139396}
{"ts":"2025-11-19T02:42:20.245Z","level":"warn","event":"bfis-snapshot-empty-data","endpoint":"weapons","bufferSize":8,"message":"Empty or minimal weapons data received"}
{"ts":"2025-11-19T02:42:20.254Z","level":"warn","event":"bfis-snapshot-empty-data","endpoint":"logs","message":"Empty logs array received"}
{"ts":"2025-11-19T02:42:20.294Z","level":"info","event":"bfis-snapshot-read-ok","snapshotId":"73b2ee57-5981-49dd-b5cc-31b1c4f8176e","sessionHash":"wXwFIkMvUoWzlJ4m","unitCount":40,"newUnitsInPoll":1,"cachedUnitsTotal":40,"unitsBufferSize":243,"weaponsBufferSize":8}
{"ts":"2025-11-19T02:42:21.230Z","level":"info","event":"bfis-binary-fetch","endpoint":"units","mode":"incremental","bytes":243,"lastTime":1763520140398}
{"ts":"2025-11-19T02:42:21.240Z","level":"warn","event":"bfis-snapshot-empty-data","endpoint":"weapons","bufferSize":8,"message":"Empty or minimal weapons data received"}
{"ts":"2025-11-19T02:42:21.240Z","level":"info","event":"bfis-binary-fetch","endpoint":"weapons","mode":"incremental","bytes":8,"lastTime":1763520140408}
{"ts":"2025-11-19T02:42:21.251Z","level":"warn","event":"bfis-snapshot-empty-data","endpoint":"logs","message":"Empty logs array received"}
{"ts":"2025-11-19T02:42:21.294Z","level":"info","event":"bfis-snapshot-read-ok","snapshotId":"68a85261-b801-4d4b-9ef6-7c32be99bc08","sessionHash":"wXwFIkMvUoWzlJ4m","unitCount":40,"newUnitsInPoll":1,"cachedUnitsTotal":40,"unitsBufferSize":243,"weaponsBufferSize":8}
{"ts":"2025-11-19T02:42:22.233Z","level":"info","event":"bfis-binary-fetch","endpoint":"units","mode":"incremental","bytes":243,"lastTime":1763520141393}
{"ts":"2025-11-19T02:42:22.244Z","level":"warn","event":"bfis-snapshot-empty-data","endpoint":"weapons","bufferSize":8,"message":"Empty or minimal weapons data received"}
{"ts":"2025-11-19T02:42:22.244Z","level":"info","event":"bfis-binary-fetch","endpoint":"weapons","mode":"incremental","bytes":8,"lastTime":1763520141402}
{"ts":"2025-11-19T02:42:22.254Z","level":"warn","event":"bfis-snapshot-empty-data","endpoint":"logs","message":"Empty logs array received"}
{"ts":"2025-11-19T02:42:22.298Z","level":"info","event":"bfis-snapshot-read-ok","snapshotId":"d0b0be77-4d16-4c66-8618-05d2e1ae5f82","sessionHash":"wXwFIkMvUoWzlJ4m","unitCount":40,"newUnitsInPoll":1,"cachedUnitsTotal":40,"unitsBufferSize":243,"weaponsBufferSize":8}
{"ts":"2025-11-19T02:42:23.229Z","level":"info","event":"bfis-binary-fetch","endpoint":"units","mode":"incremental","bytes":243,"lastTime":1763520142395}
{"ts":"2025-11-19T02:42:23.239Z","level":"warn","event":"bfis-snapshot-empty-data","endpoint":"weapons","bufferSize":8,"message":"Empty or minimal weapons data received"}
{"ts":"2025-11-19T02:42:23.239Z","level":"info","event":"bfis-binary-fetch","endpoint":"weapons","mode":"incremental","bytes":8,"lastTime":1763520142406}
{"ts":"2025-11-19T02:42:23.248Z","level":"warn","event":"bfis-snapshot-empty-data","endpoint":"logs","message":"Empty logs array received"}
{"ts":"2025-11-19T02:42:23.296Z","level":"info","event":"bfis-snapshot-read-ok","snapshotId":"370289e8-8947-4b6d-b89b-a27276498476","sessionHash":"wXwFIkMvUoWzlJ4m","unitCount":40,"newUnitsInPoll":1,"cachedUnitsTotal":40,"unitsBufferSize":243,"weaponsBufferSize":8}
{"ts":"2025-11-19T02:42:24.232Z","level":"info","event":"bfis-binary-fetch","endpoint":"units","mode":"incremental","bytes":243,"lastTime":1763520143393}
{"ts":"2025-11-19T02:42:24.243Z","level":"warn","event":"bfis-snapshot-empty-data","endpoint":"weapons","bufferSize":8,"message":"Empty or minimal weapons data received"}
{"ts":"2025-11-19T02:42:24.243Z","level":"info","event":"bfis-binary-fetch","endpoint":"weapons","mode":"incremental","bytes":8,"lastTime":1763520143401}
{"ts":"2025-11-19T02:42:24.253Z","level":"warn","event":"bfis-snapshot-empty-data","endpoint":"logs","message":"Empty logs array received"}
{"ts":"2025-11-19T02:42:24.300Z","level":"info","event":"bfis-snapshot-read-ok","snapshotId":"2737bf74-e100-4571-89a3-c09df6cd980b","sessionHash":"wXwFIkMvUoWzlJ4m","unitCount":40,"newUnitsInPoll":1,"cachedUnitsTotal":40,"unitsBufferSize":243,"weaponsBufferSize":8}
{"ts":"2025-11-19T02:42:25.235Z","level":"info","event":"bfis-binary-fetch","endpoint":"units","mode":"incremental","bytes":243,"lastTime":1763520144394}
{"ts":"2025-11-19T02:42:25.246Z","level":"info","event":"bfis-binary-fetch","endpoint":"weapons","mode":"incremental","bytes":8,"lastTime":1763520144405}
{"ts":"2025-11-19T02:42:25.245Z","level":"warn","event":"bfis-snapshot-empty-data","endpoint":"weapons","bufferSize":8,"message":"Empty or minimal weapons data received"}
{"ts":"2025-11-19T02:42:25.256Z","level":"warn","event":"bfis-snapshot-empty-data","endpoint":"logs","message":"Empty logs array received"}
{"ts":"2025-11-19T02:42:25.298Z","level":"info","event":"bfis-snapshot-read-ok","snapshotId":"eb20eac4-8716-4a85-ad36-66f0ac6a4d1d","sessionHash":"wXwFIkMvUoWzlJ4m","unitCount":40,"newUnitsInPoll":1,"cachedUnitsTotal":40,"unitsBufferSize":243,"weaponsBufferSize":8}
{"ts":"2025-11-19T02:42:26.235Z","level":"info","event":"bfis-binary-fetch","endpoint":"units","mode":"incremental","bytes":251,"lastTime":1763520145398}
{"ts":"2025-11-19T02:42:26.255Z","level":"warn","event":"bfis-snapshot-empty-data","endpoint":"weapons","bufferSize":8,"message":"Empty or minimal weapons data received"}
{"ts":"2025-11-19T02:42:26.255Z","level":"info","event":"bfis-binary-fetch","endpoint":"weapons","mode":"incremental","bytes":8,"lastTime":1763520145408}
{"ts":"2025-11-19T02:42:26.264Z","level":"warn","event":"bfis-snapshot-empty-data","endpoint":"logs","message":"Empty logs array received"}
{"ts":"2025-11-19T02:42:26.306Z","level":"info","event":"bfis-snapshot-read-ok","snapshotId":"7284d9ef-b73b-421d-94f5-548732c10d8c","sessionHash":"wXwFIkMvUoWzlJ4m","unitCount":40,"newUnitsInPoll":1,"cachedUnitsTotal":40,"unitsBufferSize":251,"weaponsBufferSize":8}
{"ts":"2025-11-19T02:42:27.231Z","level":"info","event":"bfis-binary-fetch","endpoint":"units","mode":"incremental","bytes":243,"lastTime":1763520146397}
{"ts":"2025-11-19T02:42:27.241Z","level":"warn","event":"bfis-snapshot-empty-data","endpoint":"weapons","bufferSize":8,"message":"Empty or minimal weapons data received"}
{"ts":"2025-11-19T02:42:27.241Z","level":"info","event":"bfis-binary-fetch","endpoint":"weapons","mode":"incremental","bytes":8,"lastTime":1763520146416}
{"ts":"2025-11-19T02:42:27.252Z","level":"warn","event":"bfis-snapshot-empty-data","endpoint":"logs","message":"Empty logs array received"}
{"ts":"2025-11-19T02:42:27.303Z","level":"info","event":"bfis-snapshot-read-ok","snapshotId":"a06f00bd-bd42-42ac-863a-077afa924d42","sessionHash":"wXwFIkMvUoWzlJ4m","unitCount":40,"newUnitsInPoll":1,"cachedUnitsTotal":40,"unitsBufferSize":243,"weaponsBufferSize":8}
{"ts":"2025-11-19T02:42:28.247Z","level":"info","event":"bfis-binary-fetch","endpoint":"units","mode":"incremental","bytes":243,"lastTime":1763520147394}
{"ts":"2025-11-19T02:42:28.257Z","level":"info","event":"bfis-binary-fetch","endpoint":"weapons","mode":"incremental","bytes":8,"lastTime":1763520147405}
{"ts":"2025-11-19T02:42:28.257Z","level":"warn","event":"bfis-snapshot-empty-data","endpoint":"weapons","bufferSize":8,"message":"Empty or minimal weapons data received"}
{"ts":"2025-11-19T02:42:28.268Z","level":"warn","event":"bfis-snapshot-empty-data","endpoint":"logs","message":"Empty logs array received"}
{"ts":"2025-11-19T02:42:28.313Z","level":"info","event":"bfis-snapshot-read-ok","snapshotId":"7fc95627-079c-4745-844a-7cd521f76bd6","sessionHash":"wXwFIkMvUoWzlJ4m","unitCount":40,"newUnitsInPoll":1,"cachedUnitsTotal":40,"unitsBufferSize":243,"weaponsBufferSize":8}
{"ts":"2025-11-19T02:42:29.237Z","level":"info","event":"bfis-binary-fetch","endpoint":"units","mode":"incremental","bytes":243,"lastTime":1763520148408}
{"ts":"2025-11-19T02:42:29.245Z","level":"warn","event":"bfis-snapshot-empty-data","endpoint":"weapons","bufferSize":8,"message":"Empty or minimal weapons data received"}
{"ts":"2025-11-19T02:42:29.245Z","level":"info","event":"bfis-binary-fetch","endpoint":"weapons","mode":"incremental","bytes":8,"lastTime":1763520148419}
{"ts":"2025-11-19T02:42:29.253Z","level":"warn","event":"bfis-snapshot-empty-data","endpoint":"logs","message":"Empty logs array received"}
{"ts":"2025-11-19T02:42:29.285Z","level":"info","event":"bfis-snapshot-read-ok","snapshotId":"827f8bf9-0893-4271-8376-b5fc5cdb7612","sessionHash":"wXwFIkMvUoWzlJ4m","unitCount":40,"newUnitsInPoll":1,"cachedUnitsTotal":40,"unitsBufferSize":243,"weaponsBufferSize":8}
{"ts":"2025-11-19T02:42:30.232Z","level":"info","event":"bfis-binary-fetch","endpoint":"units","mode":"incremental","bytes":243,"lastTime":1763520149400}
{"ts":"2025-11-19T02:42:30.244Z","level":"info","event":"bfis-binary-fetch","endpoint":"weapons","mode":"incremental","bytes":8,"lastTime":1763520149409}
{"ts":"2025-11-19T02:42:30.244Z","level":"warn","event":"bfis-snapshot-empty-data","endpoint":"weapons","bufferSize":8,"message":"Empty or minimal weapons data received"}
{"ts":"2025-11-19T02:42:30.257Z","level":"warn","event":"bfis-snapshot-empty-data","endpoint":"logs","message":"Empty logs array received"}
{"ts":"2025-11-19T02:42:30.294Z","level":"info","event":"bfis-snapshot-read-ok","snapshotId":"3e780965-bc7e-4603-a15b-b4fa9652e447","sessionHash":"wXwFIkMvUoWzlJ4m","unitCount":40,"newUnitsInPoll":1,"cachedUnitsTotal":40,"unitsBufferSize":243,"weaponsBufferSize":8}
{"ts":"2025-11-19T02:42:31.238Z","level":"info","event":"bfis-binary-fetch","endpoint":"units","mode":"incremental","bytes":243,"lastTime":1763520150394}
{"ts":"2025-11-19T02:42:31.248Z","level":"info","event":"bfis-binary-fetch","endpoint":"weapons","mode":"incremental","bytes":8,"lastTime":1763520150408}
{"ts":"2025-11-19T02:42:31.248Z","level":"warn","event":"bfis-unit-decode-unknown-datum-index","datumIndex":191,"unitId":16777473,"recovery":"searching-for-end-of-data-marker"}
{"ts":"2025-11-19T02:42:31.248Z","level":"warn","event":"bfis-snapshot-empty-data","endpoint":"weapons","bufferSize":8,"message":"Empty or minimal weapons data received"}
{"ts":"2025-11-19T02:42:31.248Z","level":"warn","event":"bfis-unit-decode-unknown-datum-index","datumIndex":192,"unitId":16777985,"recovery":"searching-for-end-of-data-marker"}
{"ts":"2025-11-19T02:42:31.248Z","level":"warn","event":"bfis-unit-decode-unknown-datum-index","datumIndex":191,"unitId":16778241,"recovery":"searching-for-end-of-data-marker"}
{"ts":"2025-11-19T02:42:31.257Z","level":"warn","event":"bfis-snapshot-empty-data","endpoint":"logs","message":"Empty logs array received"}
{"ts":"2025-11-19T02:42:31.298Z","level":"info","event":"bfis-snapshot-read-ok","snapshotId":"8bfda0a5-7917-4061-99b7-c78e6c964f61","sessionHash":"wXwFIkMvUoWzlJ4m","unitCount":40,"newUnitsInPoll":5,"cachedUnitsTotal":40,"unitsBufferSize":243,"weaponsBufferSize":8}
{"ts":"2025-11-19T02:42:32.237Z","level":"info","event":"bfis-binary-fetch","endpoint":"units","mode":"incremental","bytes":243,"lastTime":1763520151401}
{"ts":"2025-11-19T02:42:32.248Z","level":"info","event":"bfis-binary-fetch","endpoint":"weapons","mode":"incremental","bytes":8,"lastTime":1763520151410}
{"ts":"2025-11-19T02:42:32.248Z","level":"warn","event":"bfis-snapshot-empty-data","endpoint":"weapons","bufferSize":8,"message":"Empty or minimal weapons data received"}
{"ts":"2025-11-19T02:42:32.248Z","level":"warn","event":"bfis-unit-decode-unknown-datum-index","datumIndex":191,"unitId":16777473,"recovery":"searching-for-end-of-data-marker"}
{"ts":"2025-11-19T02:42:32.248Z","level":"warn","event":"bfis-unit-decode-unknown-datum-index","datumIndex":192,"unitId":16777985,"recovery":"searching-for-end-of-data-marker"}
{"ts":"2025-11-19T02:42:32.248Z","level":"warn","event":"bfis-unit-decode-unknown-datum-index","datumIndex":191,"unitId":16778241,"recovery":"searching-for-end-of-data-marker"}
{"ts":"2025-11-19T02:42:32.257Z","level":"warn","event":"bfis-snapshot-empty-data","endpoint":"logs","message":"Empty logs array received"}
{"ts":"2025-11-19T02:42:32.325Z","level":"info","event":"bfis-snapshot-read-ok","snapshotId":"981efdd3-2217-469a-8fa2-3f9d8e8a6bb0","sessionHash":"wXwFIkMvUoWzlJ4m","unitCount":40,"newUnitsInPoll":5,"cachedUnitsTotal":40,"unitsBufferSize":243,"weaponsBufferSize":8}
{"ts":"2025-11-19T02:42:33.236Z","level":"info","event":"bfis-binary-fetch","endpoint":"units","mode":"incremental","bytes":243,"lastTime":1763520152400}
{"ts":"2025-11-19T02:42:33.244Z","level":"info","event":"bfis-binary-fetch","endpoint":"weapons","mode":"incremental","bytes":8,"lastTime":1763520152410}
{"ts":"2025-11-19T02:42:33.244Z","level":"warn","event":"bfis-snapshot-empty-data","endpoint":"weapons","bufferSize":8,"message":"Empty or minimal weapons data received"}
{"ts":"2025-11-19T02:42:33.244Z","level":"warn","event":"bfis-unit-decode-unknown-datum-index","datumIndex":191,"unitId":16777473,"recovery":"searching-for-end-of-data-marker"}
{"ts":"2025-11-19T02:42:33.244Z","level":"warn","event":"bfis-unit-decode-unknown-datum-index","datumIndex":192,"unitId":16777985,"recovery":"searching-for-end-of-data-marker"}
{"ts":"2025-11-19T02:42:33.244Z","level":"warn","event":"bfis-unit-decode-unknown-datum-index","datumIndex":191,"unitId":16778241,"recovery":"searching-for-end-of-data-marker"}
{"ts":"2025-11-19T02:42:33.253Z","level":"warn","event":"bfis-snapshot-empty-data","endpoint":"logs","message":"Empty logs array received"}
{"ts":"2025-11-19T02:42:33.291Z","level":"info","event":"bfis-snapshot-read-ok","snapshotId":"5657c4e3-21c8-41e3-bc59-09d035fcc06c","sessionHash":"wXwFIkMvUoWzlJ4m","unitCount":40,"newUnitsInPoll":5,"cachedUnitsTotal":40,"unitsBufferSize":243,"weaponsBufferSize":8}
{"ts":"2025-11-19T02:42:34.239Z","level":"info","event":"bfis-binary-fetch","endpoint":"units","mode":"incremental","bytes":243,"lastTime":1763520153399}
{"ts":"2025-11-19T02:42:34.251Z","level":"warn","event":"bfis-snapshot-empty-data","endpoint":"weapons","bufferSize":8,"message":"Empty or minimal weapons data received"}
{"ts":"2025-11-19T02:42:34.251Z","level":"warn","event":"bfis-unit-decode-unknown-datum-index","datumIndex":191,"unitId":16778241,"recovery":"searching-for-end-of-data-marker"}
{"ts":"2025-11-19T02:42:34.251Z","level":"info","event":"bfis-binary-fetch","endpoint":"weapons","mode":"incremental","bytes":8,"lastTime":1763520153407}
{"ts":"2025-11-19T02:42:34.251Z","level":"warn","event":"bfis-unit-decode-unknown-datum-index","datumIndex":191,"unitId":16777473,"recovery":"searching-for-end-of-data-marker"}
{"ts":"2025-11-19T02:42:34.251Z","level":"warn","event":"bfis-unit-decode-unknown-datum-index","datumIndex":192,"unitId":16777985,"recovery":"searching-for-end-of-data-marker"}
{"ts":"2025-11-19T02:42:34.261Z","level":"warn","event":"bfis-snapshot-empty-data","endpoint":"logs","message":"Empty logs array received"}
{"ts":"2025-11-19T02:42:34.316Z","level":"info","event":"bfis-snapshot-read-ok","snapshotId":"be5d3d40-a8d7-4b7d-aa61-235738d21c25","sessionHash":"wXwFIkMvUoWzlJ4m","unitCount":40,"newUnitsInPoll":5,"cachedUnitsTotal":40,"unitsBufferSize":243,"weaponsBufferSize":8}
{"ts":"2025-11-19T02:42:35.240Z","level":"info","event":"bfis-binary-fetch","endpoint":"units","mode":"incremental","bytes":243,"lastTime":1763520154402}
{"ts":"2025-11-19T02:42:35.251Z","level":"info","event":"bfis-binary-fetch","endpoint":"weapons","mode":"incremental","bytes":8,"lastTime":1763520154412}
{"ts":"2025-11-19T02:42:35.251Z","level":"warn","event":"bfis-snapshot-empty-data","endpoint":"weapons","bufferSize":8,"message":"Empty or minimal weapons data received"}
{"ts":"2025-11-19T02:42:35.251Z","level":"warn","event":"bfis-unit-decode-unknown-datum-index","datumIndex":191,"unitId":16777473,"recovery":"searching-for-end-of-data-marker"}
{"ts":"2025-11-19T02:42:35.253Z","level":"warn","event":"bfis-unit-decode-unknown-datum-index","datumIndex":192,"unitId":16777985,"recovery":"searching-for-end-of-data-marker"}
{"ts":"2025-11-19T02:42:35.253Z","level":"warn","event":"bfis-unit-decode-unknown-datum-index","datumIndex":191,"unitId":16778241,"recovery":"searching-for-end-of-data-marker"}
{"ts":"2025-11-19T02:42:35.263Z","level":"warn","event":"bfis-snapshot-empty-data","endpoint":"logs","message":"Empty logs array received"}
{"ts":"2025-11-19T02:42:35.307Z","level":"info","event":"bfis-snapshot-read-ok","snapshotId":"7954461e-d24b-4749-923a-124aba59d207","sessionHash":"wXwFIkMvUoWzlJ4m","unitCount":40,"newUnitsInPoll":5,"cachedUnitsTotal":40,"unitsBufferSize":243,"weaponsBufferSize":8}
{"ts":"2025-11-19T02:42:36.243Z","level":"info","event":"bfis-binary-fetch","endpoint":"units","mode":"incremental","bytes":243,"lastTime":1763520155403}
{"ts":"2025-11-19T02:42:36.251Z","level":"warn","event":"bfis-snapshot-empty-data","endpoint":"weapons","bufferSize":8,"message":"Empty or minimal weapons data received"}
{"ts":"2025-11-19T02:42:36.251Z","level":"info","event":"bfis-binary-fetch","endpoint":"weapons","mode":"incremental","bytes":8,"lastTime":1763520155413}
{"ts":"2025-11-19T02:42:36.251Z","level":"warn","event":"bfis-unit-decode-unknown-datum-index","datumIndex":191,"unitId":16777473,"recovery":"searching-for-end-of-data-marker"}
{"ts":"2025-11-19T02:42:36.252Z","level":"warn","event":"bfis-unit-decode-unknown-datum-index","datumIndex":191,"unitId":16778241,"recovery":"searching-for-end-of-data-marker"}
{"ts":"2025-11-19T02:42:36.251Z","level":"warn","event":"bfis-unit-decode-unknown-datum-index","datumIndex":192,"unitId":16777985,"recovery":"searching-for-end-of-data-marker"}
{"ts":"2025-11-19T02:42:36.261Z","level":"warn","event":"bfis-snapshot-empty-data","endpoint":"logs","message":"Empty logs array received"}
{"ts":"2025-11-19T02:42:36.308Z","level":"info","event":"bfis-snapshot-read-ok","snapshotId":"015e0c87-12ac-4e79-bafe-136b98896d46","sessionHash":"wXwFIkMvUoWzlJ4m","unitCount":40,"newUnitsInPoll":5,"cachedUnitsTotal":40,"unitsBufferSize":243,"weaponsBufferSize":8}
{"ts":"2025-11-19T02:42:37.240Z","level":"info","event":"bfis-binary-fetch","endpoint":"units","mode":"incremental","bytes":243,"lastTime":1763520156406}
{"ts":"2025-11-19T02:42:37.250Z","level":"warn","event":"bfis-snapshot-empty-data","endpoint":"weapons","bufferSize":8,"message":"Empty or minimal weapons data received"}
{"ts":"2025-11-19T02:42:37.250Z","level":"info","event":"bfis-binary-fetch","endpoint":"weapons","mode":"incremental","bytes":8,"lastTime":1763520156415}
{"ts":"2025-11-19T02:42:37.251Z","level":"warn","event":"bfis-unit-decode-unknown-datum-index","datumIndex":191,"unitId":16777473,"recovery":"searching-for-end-of-data-marker"}
{"ts":"2025-11-19T02:42:37.251Z","level":"warn","event":"bfis-unit-decode-unknown-datum-index","datumIndex":192,"unitId":16777985,"recovery":"searching-for-end-of-data-marker"}
{"ts":"2025-11-19T02:42:37.251Z","level":"warn","event":"bfis-unit-decode-unknown-datum-index","datumIndex":191,"unitId":16778241,"recovery":"searching-for-end-of-data-marker"}
{"ts":"2025-11-19T02:42:37.259Z","level":"warn","event":"bfis-snapshot-empty-data","endpoint":"logs","message":"Empty logs array received"}
{"ts":"2025-11-19T02:42:37.298Z","level":"info","event":"bfis-snapshot-read-ok","snapshotId":"2b53b6d1-96e6-4991-a780-b136e6ca9cbd","sessionHash":"wXwFIkMvUoWzlJ4m","unitCount":41,"newUnitsInPoll":6,"cachedUnitsTotal":41,"unitsBufferSize":243,"weaponsBufferSize":8}
{"ts":"2025-11-19T02:42:38.242Z","level":"info","event":"bfis-binary-fetch","endpoint":"units","mode":"incremental","bytes":243,"lastTime":1763520157403}
{"ts":"2025-11-19T02:42:38.251Z","level":"warn","event":"bfis-snapshot-empty-data","endpoint":"weapons","bufferSize":8,"message":"Empty or minimal weapons data received"}
{"ts":"2025-11-19T02:42:38.251Z","level":"info","event":"bfis-binary-fetch","endpoint":"weapons","mode":"incremental","bytes":8,"lastTime":1763520157413}
{"ts":"2025-11-19T02:42:38.251Z","level":"warn","event":"bfis-unit-decode-unknown-datum-index","datumIndex":191,"unitId":16777473,"recovery":"searching-for-end-of-data-marker"}
{"ts":"2025-11-19T02:42:38.251Z","level":"warn","event":"bfis-unit-decode-unknown-datum-index","datumIndex":192,"unitId":16777985,"recovery":"searching-for-end-of-data-marker"}
{"ts":"2025-11-19T02:42:38.251Z","level":"warn","event":"bfis-unit-decode-unknown-datum-index","datumIndex":191,"unitId":16778241,"recovery":"searching-for-end-of-data-marker"}
{"ts":"2025-11-19T02:42:38.261Z","level":"warn","event":"bfis-snapshot-empty-data","endpoint":"logs","message":"Empty logs array received"}
{"ts":"2025-11-19T02:42:38.301Z","level":"info","event":"bfis-snapshot-read-ok","snapshotId":"77e23073-1294-4b1b-b82e-10caab690db1","sessionHash":"wXwFIkMvUoWzlJ4m","unitCount":41,"newUnitsInPoll":5,"cachedUnitsTotal":41,"unitsBufferSize":243,"weaponsBufferSize":8}
{"ts":"2025-11-19T02:42:39.241Z","level":"info","event":"bfis-binary-fetch","endpoint":"units","mode":"incremental","bytes":243,"lastTime":1763520158405}
{"ts":"2025-11-19T02:42:39.256Z","level":"info","event":"bfis-binary-fetch","endpoint":"weapons","mode":"incremental","bytes":8,"lastTime":1763520158414}
{"ts":"2025-11-19T02:42:39.256Z","level":"warn","event":"bfis-snapshot-empty-data","endpoint":"weapons","bufferSize":8,"message":"Empty or minimal weapons data received"}
{"ts":"2025-11-19T02:42:39.257Z","level":"warn","event":"bfis-unit-decode-unknown-datum-index","datumIndex":191,"unitId":16778241,"recovery":"searching-for-end-of-data-marker"}
{"ts":"2025-11-19T02:42:39.257Z","level":"warn","event":"bfis-unit-decode-unknown-datum-index","datumIndex":191,"unitId":16777473,"recovery":"searching-for-end-of-data-marker"}
{"ts":"2025-11-19T02:42:39.257Z","level":"warn","event":"bfis-unit-decode-unknown-datum-index","datumIndex":192,"unitId":16777985,"recovery":"searching-for-end-of-data-marker"}
{"ts":"2025-11-19T02:42:39.269Z","level":"warn","event":"bfis-snapshot-empty-data","endpoint":"logs","message":"Empty logs array received"}
{"ts":"2025-11-19T02:42:39.307Z","level":"info","event":"bfis-snapshot-read-ok","snapshotId":"62491195-d945-4a69-86bb-44c772f8064f","sessionHash":"wXwFIkMvUoWzlJ4m","unitCount":41,"newUnitsInPoll":5,"cachedUnitsTotal":41,"unitsBufferSize":243,"weaponsBufferSize":8}
{"ts":"2025-11-19T02:42:40.244Z","level":"info","event":"bfis-binary-fetch","endpoint":"units","mode":"incremental","bytes":243,"lastTime":1763520159403}
{"ts":"2025-11-19T02:42:40.254Z","level":"warn","event":"bfis-snapshot-empty-data","endpoint":"weapons","bufferSize":8,"message":"Empty or minimal weapons data received"}
{"ts":"2025-11-19T02:42:40.254Z","level":"info","event":"bfis-binary-fetch","endpoint":"weapons","mode":"incremental","bytes":8,"lastTime":1763520159419}
{"ts":"2025-11-19T02:42:40.254Z","level":"warn","event":"bfis-unit-decode-unknown-datum-index","datumIndex":191,"unitId":16777473,"recovery":"searching-for-end-of-data-marker"}
{"ts":"2025-11-19T02:42:40.254Z","level":"warn","event":"bfis-unit-decode-unknown-datum-index","datumIndex":192,"unitId":16777985,"recovery":"searching-for-end-of-data-marker"}
{"ts":"2025-11-19T02:42:40.254Z","level":"warn","event":"bfis-unit-decode-unknown-datum-index","datumIndex":191,"unitId":16778241,"recovery":"searching-for-end-of-data-marker"}
{"ts":"2025-11-19T02:42:40.263Z","level":"warn","event":"bfis-snapshot-empty-data","endpoint":"logs","message":"Empty logs array received"}
{"ts":"2025-11-19T02:42:40.309Z","level":"info","event":"bfis-snapshot-read-ok","snapshotId":"63d874cb-ceda-461d-a323-edfffb650b36","sessionHash":"wXwFIkMvUoWzlJ4m","unitCount":41,"newUnitsInPoll":5,"cachedUnitsTotal":41,"unitsBufferSize":243,"weaponsBufferSize":8}
{"ts":"2025-11-19T02:42:41.243Z","level":"info","event":"bfis-binary-fetch","endpoint":"units","mode":"incremental","bytes":243,"lastTime":1763520160406}
{"ts":"2025-11-19T02:42:41.252Z","level":"warn","event":"bfis-snapshot-empty-data","endpoint":"weapons","bufferSize":8,"message":"Empty or minimal weapons data received"}
{"ts":"2025-11-19T02:42:41.252Z","level":"info","event":"bfis-binary-fetch","endpoint":"weapons","mode":"incremental","bytes":8,"lastTime":1763520160416}
{"ts":"2025-11-19T02:42:41.252Z","level":"warn","event":"bfis-unit-decode-unknown-datum-index","datumIndex":191,"unitId":16777473,"recovery":"searching-for-end-of-data-marker"}
{"ts":"2025-11-19T02:42:41.252Z","level":"warn","event":"bfis-unit-decode-unknown-datum-index","datumIndex":192,"unitId":16777985,"recovery":"searching-for-end-of-data-marker"}
{"ts":"2025-11-19T02:42:41.252Z","level":"warn","event":"bfis-unit-decode-unknown-datum-index","datumIndex":191,"unitId":16778241,"recovery":"searching-for-end-of-data-marker"}
{"ts":"2025-11-19T02:42:41.260Z","level":"warn","event":"bfis-snapshot-empty-data","endpoint":"logs","message":"Empty logs array received"}
{"ts":"2025-11-19T02:42:41.299Z","level":"info","event":"bfis-snapshot-read-ok","snapshotId":"8c5e5c01-81dc-447b-a00e-a58fb05c0119","sessionHash":"wXwFIkMvUoWzlJ4m","unitCount":41,"newUnitsInPoll":5,"cachedUnitsTotal":41,"unitsBufferSize":243,"weaponsBufferSize":8}
{"ts":"2025-11-19T02:42:42.249Z","level":"info","event":"bfis-binary-fetch","endpoint":"units","mode":"incremental","bytes":243,"lastTime":1763520161407}
{"ts":"2025-11-19T02:42:42.259Z","level":"warn","event":"bfis-snapshot-empty-data","endpoint":"weapons","bufferSize":8,"message":"Empty or minimal weapons data received"}
{"ts":"2025-11-19T02:42:42.259Z","level":"info","event":"bfis-binary-fetch","endpoint":"weapons","mode":"incremental","bytes":8,"lastTime":1763520161416}
{"ts":"2025-11-19T02:42:42.259Z","level":"warn","event":"bfis-unit-decode-unknown-datum-index","datumIndex":191,"unitId":16777473,"recovery":"searching-for-end-of-data-marker"}
{"ts":"2025-11-19T02:42:42.259Z","level":"warn","event":"bfis-unit-decode-unknown-datum-index","datumIndex":192,"unitId":16777985,"recovery":"searching-for-end-of-data-marker"}
{"ts":"2025-11-19T02:42:42.259Z","level":"warn","event":"bfis-unit-decode-unknown-datum-index","datumIndex":191,"unitId":16778241,"recovery":"searching-for-end-of-data-marker"}
{"ts":"2025-11-19T02:42:42.270Z","level":"warn","event":"bfis-snapshot-empty-data","endpoint":"logs","message":"Empty logs array received"}
{"ts":"2025-11-19T02:42:42.314Z","level":"info","event":"bfis-snapshot-read-ok","snapshotId":"8e3f5eed-06d8-463f-ac95-76c9883bc7fe","sessionHash":"wXwFIkMvUoWzlJ4m","unitCount":41,"newUnitsInPoll":5,"cachedUnitsTotal":41,"unitsBufferSize":243,"weaponsBufferSize":8}
{"ts":"2025-11-19T02:42:43.246Z","level":"info","event":"bfis-binary-fetch","endpoint":"units","mode":"incremental","bytes":243,"lastTime":1763520162411}
{"ts":"2025-11-19T02:42:43.259Z","level":"warn","event":"bfis-snapshot-empty-data","endpoint":"weapons","bufferSize":8,"message":"Empty or minimal weapons data received"}
{"ts":"2025-11-19T02:42:43.260Z","level":"warn","event":"bfis-unit-decode-unknown-datum-index","datumIndex":191,"unitId":16777473,"recovery":"searching-for-end-of-data-marker"}
{"ts":"2025-11-19T02:42:43.259Z","level":"info","event":"bfis-binary-fetch","endpoint":"weapons","mode":"incremental","bytes":8,"lastTime":1763520162422}
{"ts":"2025-11-19T02:42:43.260Z","level":"warn","event":"bfis-unit-decode-unknown-datum-index","datumIndex":192,"unitId":16777985,"recovery":"searching-for-end-of-data-marker"}
{"ts":"2025-11-19T02:42:43.260Z","level":"warn","event":"bfis-unit-decode-unknown-datum-index","datumIndex":191,"unitId":16778241,"recovery":"searching-for-end-of-data-marker"}
{"ts":"2025-11-19T02:42:43.270Z","level":"warn","event":"bfis-snapshot-empty-data","endpoint":"logs","message":"Empty logs array received"}
{"ts":"2025-11-19T02:42:43.310Z","level":"info","event":"bfis-snapshot-read-ok","snapshotId":"ebb17b58-199d-4591-96c2-5a3a6fdf1953","sessionHash":"wXwFIkMvUoWzlJ4m","unitCount":41,"newUnitsInPoll":5,"cachedUnitsTotal":41,"unitsBufferSize":243,"weaponsBufferSize":8}
{"ts":"2025-11-19T02:42:44.247Z","level":"info","event":"bfis-binary-fetch","endpoint":"units","mode":"incremental","bytes":246,"lastTime":1763520163409}
{"ts":"2025-11-19T02:42:44.256Z","level":"info","event":"bfis-binary-fetch","endpoint":"weapons","mode":"incremental","bytes":8,"lastTime":1763520163422}
{"ts":"2025-11-19T02:42:44.257Z","level":"warn","event":"bfis-unit-decode-unknown-datum-index","datumIndex":191,"unitId":16778241,"recovery":"searching-for-end-of-data-marker"}
{"ts":"2025-11-19T02:42:44.256Z","level":"warn","event":"bfis-snapshot-empty-data","endpoint":"weapons","bufferSize":8,"message":"Empty or minimal weapons data received"}
{"ts":"2025-11-19T02:42:44.256Z","level":"warn","event":"bfis-unit-decode-unknown-datum-index","datumIndex":191,"unitId":16777473,"recovery":"searching-for-end-of-data-marker"}
{"ts":"2025-11-19T02:42:44.257Z","level":"warn","event":"bfis-unit-decode-unknown-datum-index","datumIndex":190,"unitId":16777985,"recovery":"searching-for-end-of-data-marker"}
{"ts":"2025-11-19T02:42:44.268Z","level":"warn","event":"bfis-snapshot-empty-data","endpoint":"logs","message":"Empty logs array received"}
{"ts":"2025-11-19T02:42:44.310Z","level":"info","event":"bfis-snapshot-read-ok","snapshotId":"0a2d3632-7868-4ebb-908a-739b708dc90b","sessionHash":"wXwFIkMvUoWzlJ4m","unitCount":41,"newUnitsInPoll":5,"cachedUnitsTotal":41,"unitsBufferSize":246,"weaponsBufferSize":8}
{"ts":"2025-11-19T02:42:45.263Z","level":"info","event":"bfis-binary-fetch","endpoint":"units","mode":"incremental","bytes":243,"lastTime":1763520164410}
{"ts":"2025-11-19T02:42:45.278Z","level":"warn","event":"bfis-snapshot-empty-data","endpoint":"weapons","bufferSize":8,"message":"Empty or minimal weapons data received"}
{"ts":"2025-11-19T02:42:45.278Z","level":"info","event":"bfis-binary-fetch","endpoint":"weapons","mode":"incremental","bytes":8,"lastTime":1763520164419}
{"ts":"2025-11-19T02:42:45.278Z","level":"warn","event":"bfis-unit-decode-unknown-datum-index","datumIndex":191,"unitId":16777473,"recovery":"searching-for-end-of-data-marker"}
{"ts":"2025-11-19T02:42:45.278Z","level":"warn","event":"bfis-unit-decode-unknown-datum-index","datumIndex":191,"unitId":16777985,"recovery":"searching-for-end-of-data-marker"}
{"ts":"2025-11-19T02:42:45.278Z","level":"warn","event":"bfis-unit-decode-unknown-datum-index","datumIndex":191,"unitId":16778241,"recovery":"searching-for-end-of-data-marker"}
{"ts":"2025-11-19T02:42:45.290Z","level":"warn","event":"bfis-snapshot-empty-data","endpoint":"logs","message":"Empty logs array received"}
{"ts":"2025-11-19T02:42:45.335Z","level":"info","event":"bfis-snapshot-read-ok","snapshotId":"2781ace5-e121-472b-b6c8-c9a77bad022a","sessionHash":"wXwFIkMvUoWzlJ4m","unitCount":41,"newUnitsInPoll":5,"cachedUnitsTotal":41,"unitsBufferSize":243,"weaponsBufferSize":8}
{"ts":"2025-11-19T02:42:46.259Z","level":"info","event":"bfis-binary-fetch","endpoint":"units","mode":"incremental","bytes":243,"lastTime":1763520165425}
{"ts":"2025-11-19T02:42:46.270Z","level":"warn","event":"bfis-snapshot-empty-data","endpoint":"weapons","bufferSize":8,"message":"Empty or minimal weapons data received"}
{"ts":"2025-11-19T02:42:46.271Z","level":"warn","event":"bfis-unit-decode-unknown-datum-index","datumIndex":191,"unitId":16777473,"recovery":"searching-for-end-of-data-marker"}
{"ts":"2025-11-19T02:42:46.271Z","level":"info","event":"bfis-binary-fetch","endpoint":"weapons","mode":"incremental","bytes":8,"lastTime":1763520165441}
{"ts":"2025-11-19T02:42:46.271Z","level":"warn","event":"bfis-unit-decode-unknown-datum-index","datumIndex":191,"unitId":16777985,"recovery":"searching-for-end-of-data-marker"}
{"ts":"2025-11-19T02:42:46.271Z","level":"warn","event":"bfis-unit-decode-unknown-datum-index","datumIndex":191,"unitId":16778241,"recovery":"searching-for-end-of-data-marker"}
{"ts":"2025-11-19T02:42:46.281Z","level":"warn","event":"bfis-snapshot-empty-data","endpoint":"logs","message":"Empty logs array received"}
{"ts":"2025-11-19T02:42:46.323Z","level":"info","event":"bfis-snapshot-read-ok","snapshotId":"25e10297-4833-40e5-8a53-26ba4366f8c4","sessionHash":"wXwFIkMvUoWzlJ4m","unitCount":41,"newUnitsInPoll":5,"cachedUnitsTotal":41,"unitsBufferSize":243,"weaponsBufferSize":8}
{"ts":"2025-11-19T02:42:47.270Z","level":"info","event":"bfis-binary-fetch","endpoint":"units","mode":"incremental","bytes":243,"lastTime":1763520166421}
{"ts":"2025-11-19T02:42:47.287Z","level":"warn","event":"bfis-snapshot-empty-data","endpoint":"weapons","bufferSize":8,"message":"Empty or minimal weapons data received"}
{"ts":"2025-11-19T02:42:47.287Z","level":"info","event":"bfis-binary-fetch","endpoint":"weapons","mode":"incremental","bytes":8,"lastTime":1763520166433}
{"ts":"2025-11-19T02:42:47.287Z","level":"warn","event":"bfis-unit-decode-unknown-datum-index","datumIndex":191,"unitId":16777473,"recovery":"searching-for-end-of-data-marker"}
{"ts":"2025-11-19T02:42:47.287Z","level":"warn","event":"bfis-unit-decode-unknown-datum-index","datumIndex":191,"unitId":16777985,"recovery":"searching-for-end-of-data-marker"}
{"ts":"2025-11-19T02:42:47.287Z","level":"warn","event":"bfis-unit-decode-unknown-datum-index","datumIndex":191,"unitId":16778241,"recovery":"searching-for-end-of-data-marker"}
{"ts":"2025-11-19T02:42:47.301Z","level":"warn","event":"bfis-snapshot-empty-data","endpoint":"logs","message":"Empty logs array received"}
{"ts":"2025-11-19T02:42:47.351Z","level":"info","event":"bfis-snapshot-read-ok","snapshotId":"cd4eb441-33e7-4fd8-b9d5-9e31fcd8038b","sessionHash":"wXwFIkMvUoWzlJ4m","unitCount":41,"newUnitsInPoll":5,"cachedUnitsTotal":41,"unitsBufferSize":243,"weaponsBufferSize":8}
{"ts":"2025-11-19T02:42:48.252Z","level":"info","event":"bfis-binary-fetch","endpoint":"units","mode":"incremental","bytes":243,"lastTime":1763520167431}
{"ts":"2025-11-19T02:42:48.265Z","level":"warn","event":"bfis-snapshot-empty-data","endpoint":"weapons","bufferSize":8,"message":"Empty or minimal weapons data received"}
{"ts":"2025-11-19T02:42:48.265Z","level":"info","event":"bfis-binary-fetch","endpoint":"weapons","mode":"incremental","bytes":8,"lastTime":1763520167448}
{"ts":"2025-11-19T02:42:48.265Z","level":"warn","event":"bfis-unit-decode-unknown-datum-index","datumIndex":191,"unitId":16777473,"recovery":"searching-for-end-of-data-marker"}
{"ts":"2025-11-19T02:42:48.265Z","level":"warn","event":"bfis-unit-decode-unknown-datum-index","datumIndex":191,"unitId":16777985,"recovery":"searching-for-end-of-data-marker"}
{"ts":"2025-11-19T02:42:48.265Z","level":"warn","event":"bfis-unit-decode-unknown-datum-index","datumIndex":191,"unitId":16778241,"recovery":"searching-for-end-of-data-marker"}
{"ts":"2025-11-19T02:42:48.281Z","level":"warn","event":"bfis-snapshot-empty-data","endpoint":"logs","message":"Empty logs array received"}
{"ts":"2025-11-19T02:42:48.326Z","level":"info","event":"bfis-snapshot-read-ok","snapshotId":"f99e908d-d739-47f5-9faf-3464e91101c0","sessionHash":"wXwFIkMvUoWzlJ4m","unitCount":41,"newUnitsInPoll":5,"cachedUnitsTotal":41,"unitsBufferSize":243,"weaponsBufferSize":8}
{"ts":"2025-11-19T02:42:49.252Z","level":"info","event":"bfis-binary-fetch","endpoint":"units","mode":"incremental","bytes":243,"lastTime":1763520168414}
{"ts":"2025-11-19T02:42:49.262Z","level":"warn","event":"bfis-snapshot-empty-data","endpoint":"weapons","bufferSize":8,"message":"Empty or minimal weapons data received"}
{"ts":"2025-11-19T02:42:49.262Z","level":"info","event":"bfis-binary-fetch","endpoint":"weapons","mode":"incremental","bytes":8,"lastTime":1763520168426}
{"ts":"2025-11-19T02:42:49.263Z","level":"warn","event":"bfis-unit-decode-unknown-datum-index","datumIndex":191,"unitId":16778241,"recovery":"searching-for-end-of-data-marker"}
{"ts":"2025-11-19T02:42:49.263Z","level":"warn","event":"bfis-unit-decode-unknown-datum-index","datumIndex":191,"unitId":16777473,"recovery":"searching-for-end-of-data-marker"}
{"ts":"2025-11-19T02:42:49.263Z","level":"warn","event":"bfis-unit-decode-unknown-datum-index","datumIndex":191,"unitId":16777985,"recovery":"searching-for-end-of-data-marker"}
{"ts":"2025-11-19T02:42:49.273Z","level":"warn","event":"bfis-snapshot-empty-data","endpoint":"logs","message":"Empty logs array received"}
{"ts":"2025-11-19T02:42:49.321Z","level":"info","event":"bfis-snapshot-read-ok","snapshotId":"56459408-54c1-4b81-808c-b9c57447ba26","sessionHash":"wXwFIkMvUoWzlJ4m","unitCount":41,"newUnitsInPoll":5,"cachedUnitsTotal":41,"unitsBufferSize":243,"weaponsBufferSize":8}
{"ts":"2025-11-19T02:42:50.252Z","level":"info","event":"bfis-binary-fetch","endpoint":"units","mode":"incremental","bytes":243,"lastTime":1763520169414}
{"ts":"2025-11-19T02:42:50.261Z","level":"warn","event":"bfis-snapshot-empty-data","endpoint":"weapons","bufferSize":8,"message":"Empty or minimal weapons data received"}
{"ts":"2025-11-19T02:42:50.262Z","level":"info","event":"bfis-binary-fetch","endpoint":"weapons","mode":"incremental","bytes":8,"lastTime":1763520169424}
{"ts":"2025-11-19T02:42:50.262Z","level":"warn","event":"bfis-unit-decode-unknown-datum-index","datumIndex":191,"unitId":16777473,"recovery":"searching-for-end-of-data-marker"}
{"ts":"2025-11-19T02:42:50.262Z","level":"warn","event":"bfis-unit-decode-unknown-datum-index","datumIndex":224,"unitId":469891163,"recovery":"searching-for-end-of-data-marker"}
{"ts":"2025-11-19T02:42:50.262Z","level":"warn","event":"bfis-unit-decode-unknown-datum-index","datumIndex":191,"unitId":16778241,"recovery":"searching-for-end-of-data-marker"}
{"ts":"2025-11-19T02:42:50.272Z","level":"warn","event":"bfis-snapshot-empty-data","endpoint":"logs","message":"Empty logs array received"}
{"ts":"2025-11-19T02:42:50.317Z","level":"info","event":"bfis-snapshot-read-ok","snapshotId":"b5701ec2-d840-40cd-adc9-b25de58c5c96","sessionHash":"wXwFIkMvUoWzlJ4m","unitCount":42,"newUnitsInPoll":4,"cachedUnitsTotal":42,"unitsBufferSize":243,"weaponsBufferSize":8}
{"ts":"2025-11-19T02:42:51.260Z","level":"info","event":"bfis-binary-fetch","endpoint":"units","mode":"incremental","bytes":243,"lastTime":1763520170414}
{"ts":"2025-11-19T02:42:51.271Z","level":"warn","event":"bfis-snapshot-empty-data","endpoint":"weapons","bufferSize":8,"message":"Empty or minimal weapons data received"}
{"ts":"2025-11-19T02:42:51.271Z","level":"info","event":"bfis-binary-fetch","endpoint":"weapons","mode":"incremental","bytes":8,"lastTime":1763520170424}
{"ts":"2025-11-19T02:42:51.271Z","level":"warn","event":"bfis-unit-decode-unknown-datum-index","datumIndex":191,"unitId":16777473,"recovery":"searching-for-end-of-data-marker"}
{"ts":"2025-11-19T02:42:51.271Z","level":"warn","event":"bfis-unit-decode-unknown-datum-index","datumIndex":191,"unitId":16777985,"recovery":"searching-for-end-of-data-marker"}
{"ts":"2025-11-19T02:42:51.271Z","level":"warn","event":"bfis-unit-decode-unknown-datum-index","datumIndex":191,"unitId":16778241,"recovery":"searching-for-end-of-data-marker"}
{"ts":"2025-11-19T02:42:51.282Z","level":"warn","event":"bfis-snapshot-empty-data","endpoint":"logs","message":"Empty logs array received"}
{"ts":"2025-11-19T02:42:51.326Z","level":"info","event":"bfis-snapshot-read-ok","snapshotId":"f2149111-f6bd-46ce-9e8a-9ae03b146653","sessionHash":"wXwFIkMvUoWzlJ4m","unitCount":42,"newUnitsInPoll":5,"cachedUnitsTotal":42,"unitsBufferSize":243,"weaponsBufferSize":8}
{"ts":"2025-11-19T02:42:52.252Z","level":"info","event":"bfis-binary-fetch","endpoint":"units","mode":"incremental","bytes":243,"lastTime":1763520171417}
{"ts":"2025-11-19T02:42:52.265Z","level":"info","event":"bfis-binary-fetch","endpoint":"weapons","mode":"incremental","bytes":8,"lastTime":1763520171433}
{"ts":"2025-11-19T02:42:52.264Z","level":"warn","event":"bfis-snapshot-empty-data","endpoint":"weapons","bufferSize":8,"message":"Empty or minimal weapons data received"}
{"ts":"2025-11-19T02:42:52.265Z","level":"warn","event":"bfis-unit-decode-unknown-datum-index","datumIndex":191,"unitId":16777473,"recovery":"searching-for-end-of-data-marker"}
{"ts":"2025-11-19T02:42:52.265Z","level":"warn","event":"bfis-unit-decode-unknown-datum-index","datumIndex":191,"unitId":16777985,"recovery":"searching-for-end-of-data-marker"}
{"ts":"2025-11-19T02:42:52.265Z","level":"warn","event":"bfis-unit-decode-unknown-datum-index","datumIndex":191,"unitId":16778241,"recovery":"searching-for-end-of-data-marker"}
{"ts":"2025-11-19T02:42:52.265Z","level":"warn","event":"bfis-unit-decode-field-error","datumIndex":1,"unitId":84017087,"error":"Offset is outside the bounds of the DataView","errorType":"RangeError"}
{"ts":"2025-11-19T02:42:52.288Z","level":"warn","event":"bfis-snapshot-empty-data","endpoint":"logs","message":"Empty logs array received"}
{"ts":"2025-11-19T02:42:52.340Z","level":"info","event":"bfis-snapshot-read-ok","snapshotId":"e21ad72a-0b84-4a93-9086-e79d9fdde15e","sessionHash":"wXwFIkMvUoWzlJ4m","unitCount":43,"newUnitsInPoll":5,"cachedUnitsTotal":43,"unitsBufferSize":243,"weaponsBufferSize":8}
{"ts":"2025-11-19T02:42:53.254Z","level":"info","event":"bfis-binary-fetch","endpoint":"units","mode":"incremental","bytes":243,"lastTime":1763520172414}
{"ts":"2025-11-19T02:42:53.265Z","level":"warn","event":"bfis-snapshot-empty-data","endpoint":"weapons","bufferSize":8,"message":"Empty or minimal weapons data received"}
{"ts":"2025-11-19T02:42:53.265Z","level":"info","event":"bfis-binary-fetch","endpoint":"weapons","mode":"incremental","bytes":8,"lastTime":1763520172425}
{"ts":"2025-11-19T02:42:53.265Z","level":"warn","event":"bfis-unit-decode-unknown-datum-index","datumIndex":191,"unitId":16777473,"recovery":"searching-for-end-of-data-marker"}
{"ts":"2025-11-19T02:42:53.265Z","level":"warn","event":"bfis-unit-decode-unknown-datum-index","datumIndex":191,"unitId":16777985,"recovery":"searching-for-end-of-data-marker"}
{"ts":"2025-11-19T02:42:53.265Z","level":"warn","event":"bfis-unit-decode-unknown-datum-index","datumIndex":192,"unitId":16778241,"recovery":"searching-for-end-of-data-marker"}
{"ts":"2025-11-19T02:42:53.275Z","level":"warn","event":"bfis-snapshot-empty-data","endpoint":"logs","message":"Empty logs array received"}
{"ts":"2025-11-19T02:42:53.322Z","level":"info","event":"bfis-snapshot-read-ok","snapshotId":"925c42aa-27c2-4422-b1f0-22d94309d405","sessionHash":"wXwFIkMvUoWzlJ4m","unitCount":43,"newUnitsInPoll":5,"cachedUnitsTotal":43,"unitsBufferSize":243,"weaponsBufferSize":8}
{"ts":"2025-11-19T02:42:54.255Z","level":"info","event":"bfis-binary-fetch","endpoint":"units","mode":"incremental","bytes":243,"lastTime":1763520173416}
{"ts":"2025-11-19T02:42:54.265Z","level":"warn","event":"bfis-snapshot-empty-data","endpoint":"weapons","bufferSize":8,"message":"Empty or minimal weapons data received"}
{"ts":"2025-11-19T02:42:54.265Z","level":"info","event":"bfis-binary-fetch","endpoint":"weapons","mode":"incremental","bytes":8,"lastTime":1763520173427}
{"ts":"2025-11-19T02:42:54.265Z","level":"warn","event":"bfis-unit-decode-unknown-datum-index","datumIndex":191,"unitId":16778241,"recovery":"searching-for-end-of-data-marker"}
{"ts":"2025-11-19T02:42:54.265Z","level":"warn","event":"bfis-unit-decode-unknown-datum-index","datumIndex":191,"unitId":16777473,"recovery":"searching-for-end-of-data-marker"}
{"ts":"2025-11-19T02:42:54.265Z","level":"warn","event":"bfis-unit-decode-unknown-datum-index","datumIndex":191,"unitId":16777985,"recovery":"searching-for-end-of-data-marker"}
{"ts":"2025-11-19T02:42:54.275Z","level":"warn","event":"bfis-snapshot-empty-data","endpoint":"logs","message":"Empty logs array received"}
{"ts":"2025-11-19T02:42:54.343Z","level":"info","event":"bfis-snapshot-read-ok","snapshotId":"2f8e98cc-e938-49c5-80d0-4171821992e7","sessionHash":"wXwFIkMvUoWzlJ4m","unitCount":43,"newUnitsInPoll":5,"cachedUnitsTotal":43,"unitsBufferSize":243,"weaponsBufferSize":8}
{"ts":"2025-11-19T02:42:55.258Z","level":"info","event":"bfis-binary-fetch","endpoint":"units","mode":"incremental","bytes":243,"lastTime":1763520174416}
{"ts":"2025-11-19T02:42:55.269Z","level":"warn","event":"bfis-snapshot-empty-data","endpoint":"weapons","bufferSize":8,"message":"Empty or minimal weapons data received"}
{"ts":"2025-11-19T02:42:55.269Z","level":"info","event":"bfis-binary-fetch","endpoint":"weapons","mode":"incremental","bytes":8,"lastTime":1763520174427}
{"ts":"2025-11-19T02:42:55.269Z","level":"warn","event":"bfis-unit-decode-unknown-datum-index","datumIndex":191,"unitId":16777985,"recovery":"searching-for-end-of-data-marker"}
{"ts":"2025-11-19T02:42:55.269Z","level":"warn","event":"bfis-unit-decode-unknown-datum-index","datumIndex":191,"unitId":16777473,"recovery":"searching-for-end-of-data-marker"}
{"ts":"2025-11-19T02:42:55.269Z","level":"warn","event":"bfis-unit-decode-unknown-datum-index","datumIndex":191,"unitId":16778241,"recovery":"searching-for-end-of-data-marker"}
{"ts":"2025-11-19T02:42:55.283Z","level":"warn","event":"bfis-snapshot-empty-data","endpoint":"logs","message":"Empty logs array received"}
{"ts":"2025-11-19T02:42:55.337Z","level":"info","event":"bfis-snapshot-read-ok","snapshotId":"3373b290-9e2f-4d7d-af5d-61589e1552b8","sessionHash":"wXwFIkMvUoWzlJ4m","unitCount":44,"newUnitsInPoll":6,"cachedUnitsTotal":44,"unitsBufferSize":243,"weaponsBufferSize":8}
{"ts":"2025-11-19T02:42:56.267Z","level":"info","event":"bfis-binary-fetch","endpoint":"units","mode":"incremental","bytes":243,"lastTime":1763520175420}
{"ts":"2025-11-19T02:42:56.280Z","level":"warn","event":"bfis-snapshot-empty-data","endpoint":"weapons","bufferSize":8,"message":"Empty or minimal weapons data received"}
{"ts":"2025-11-19T02:42:56.280Z","level":"info","event":"bfis-binary-fetch","endpoint":"weapons","mode":"incremental","bytes":8,"lastTime":1763520175431}
{"ts":"2025-11-19T02:42:56.280Z","level":"warn","event":"bfis-unit-decode-unknown-datum-index","datumIndex":191,"unitId":16777473,"recovery":"searching-for-end-of-data-marker"}
{"ts":"2025-11-19T02:42:56.280Z","level":"warn","event":"bfis-unit-decode-unknown-datum-index","datumIndex":192,"unitId":16777985,"recovery":"searching-for-end-of-data-marker"}
{"ts":"2025-11-19T02:42:56.280Z","level":"warn","event":"bfis-unit-decode-unknown-datum-index","datumIndex":191,"unitId":16778241,"recovery":"searching-for-end-of-data-marker"}
{"ts":"2025-11-19T02:42:56.292Z","level":"warn","event":"bfis-snapshot-empty-data","endpoint":"logs","message":"Empty logs array received"}
{"ts":"2025-11-19T02:42:56.333Z","level":"info","event":"bfis-snapshot-read-ok","snapshotId":"b197470e-c074-4366-8ef2-9a7234cf98af","sessionHash":"wXwFIkMvUoWzlJ4m","unitCount":44,"newUnitsInPoll":5,"cachedUnitsTotal":44,"unitsBufferSize":243,"weaponsBufferSize":8}
{"ts":"2025-11-19T02:42:57.261Z","level":"info","event":"bfis-binary-fetch","endpoint":"units","mode":"incremental","bytes":243,"lastTime":1763520176427}
{"ts":"2025-11-19T02:42:57.275Z","level":"warn","event":"bfis-snapshot-empty-data","endpoint":"weapons","bufferSize":8,"message":"Empty or minimal weapons data received"}
{"ts":"2025-11-19T02:42:57.275Z","level":"info","event":"bfis-binary-fetch","endpoint":"weapons","mode":"incremental","bytes":8,"lastTime":1763520176442}
{"ts":"2025-11-19T02:42:57.275Z","level":"warn","event":"bfis-unit-decode-unknown-datum-index","datumIndex":191,"unitId":16777473,"recovery":"searching-for-end-of-data-marker"}
{"ts":"2025-11-19T02:42:57.275Z","level":"warn","event":"bfis-unit-decode-unknown-datum-index","datumIndex":192,"unitId":16777985,"recovery":"searching-for-end-of-data-marker"}
{"ts":"2025-11-19T02:42:57.275Z","level":"warn","event":"bfis-unit-decode-unknown-datum-index","datumIndex":191,"unitId":16778241,"recovery":"searching-for-end-of-data-marker"}
{"ts":"2025-11-19T02:42:57.293Z","level":"warn","event":"bfis-snapshot-empty-data","endpoint":"logs","message":"Empty logs array received"}
{"ts":"2025-11-19T02:42:57.341Z","level":"info","event":"bfis-snapshot-read-ok","snapshotId":"07c41f7a-40ab-4ca0-8e8d-47fccd1a925e","sessionHash":"wXwFIkMvUoWzlJ4m","unitCount":44,"newUnitsInPoll":5,"cachedUnitsTotal":44,"unitsBufferSize":243,"weaponsBufferSize":8}
{"ts":"2025-11-19T02:42:58.257Z","level":"info","event":"bfis-binary-fetch","endpoint":"units","mode":"incremental","bytes":243,"lastTime":1763520177423}
{"ts":"2025-11-19T02:42:58.268Z","level":"warn","event":"bfis-snapshot-empty-data","endpoint":"weapons","bufferSize":8,"message":"Empty or minimal weapons data received"}
{"ts":"2025-11-19T02:42:58.268Z","level":"info","event":"bfis-binary-fetch","endpoint":"weapons","mode":"incremental","bytes":8,"lastTime":1763520177437}
{"ts":"2025-11-19T02:42:58.269Z","level":"warn","event":"bfis-unit-decode-unknown-datum-index","datumIndex":191,"unitId":16777473,"recovery":"searching-for-end-of-data-marker"}
{"ts":"2025-11-19T02:42:58.269Z","level":"warn","event":"bfis-unit-decode-unknown-datum-index","datumIndex":192,"unitId":16777985,"recovery":"searching-for-end-of-data-marker"}
{"ts":"2025-11-19T02:42:58.269Z","level":"warn","event":"bfis-unit-decode-unknown-datum-index","datumIndex":191,"unitId":16778241,"recovery":"searching-for-end-of-data-marker"}
{"ts":"2025-11-19T02:42:58.283Z","level":"warn","event":"bfis-snapshot-empty-data","endpoint":"logs","message":"Empty logs array received"}
{"ts":"2025-11-19T02:42:58.330Z","level":"info","event":"bfis-snapshot-read-ok","snapshotId":"50117b9a-c8bc-408b-af7b-4220072e8b7d","sessionHash":"wXwFIkMvUoWzlJ4m","unitCount":44,"newUnitsInPoll":5,"cachedUnitsTotal":44,"unitsBufferSize":243,"weaponsBufferSize":8}
{"ts":"2025-11-19T02:42:59.266Z","level":"info","event":"bfis-binary-fetch","endpoint":"units","mode":"incremental","bytes":243,"lastTime":1763520178419}
{"ts":"2025-11-19T02:42:59.295Z","level":"warn","event":"bfis-snapshot-empty-data","endpoint":"weapons","bufferSize":8,"message":"Empty or minimal weapons data received"}
{"ts":"2025-11-19T02:42:59.295Z","level":"info","event":"bfis-binary-fetch","endpoint":"weapons","mode":"incremental","bytes":8,"lastTime":1763520178430}
{"ts":"2025-11-19T02:42:59.295Z","level":"warn","event":"bfis-unit-decode-unknown-datum-index","datumIndex":191,"unitId":16777473,"recovery":"searching-for-end-of-data-marker"}
{"ts":"2025-11-19T02:42:59.295Z","level":"warn","event":"bfis-unit-decode-unknown-datum-index","datumIndex":192,"unitId":16777985,"recovery":"searching-for-end-of-data-marker"}
{"ts":"2025-11-19T02:42:59.296Z","level":"warn","event":"bfis-unit-decode-field-error","datumIndex":64,"unitId":16778241,"error":"Offset is outside the bounds of the DataView","errorType":"RangeError"}
{"ts":"2025-11-19T02:42:59.306Z","level":"warn","event":"bfis-snapshot-empty-data","endpoint":"logs","message":"Empty logs array received"}
{"ts":"2025-11-19T02:42:59.363Z","level":"info","event":"bfis-snapshot-read-ok","snapshotId":"36f61b39-9d2f-4b75-9ec4-e9ac005397d7","sessionHash":"wXwFIkMvUoWzlJ4m","unitCount":44,"newUnitsInPoll":5,"cachedUnitsTotal":44,"unitsBufferSize":243,"weaponsBufferSize":8}
{"ts":"2025-11-19T02:43:00.266Z","level":"info","event":"bfis-binary-fetch","endpoint":"units","mode":"incremental","bytes":243,"lastTime":1763520179425}
{"ts":"2025-11-19T02:43:00.288Z","level":"info","event":"bfis-binary-fetch","endpoint":"weapons","mode":"incremental","bytes":8,"lastTime":1763520179448}
{"ts":"2025-11-19T02:43:00.288Z","level":"warn","event":"bfis-snapshot-empty-data","endpoint":"weapons","bufferSize":8,"message":"Empty or minimal weapons data received"}
{"ts":"2025-11-19T02:43:00.288Z","level":"warn","event":"bfis-unit-decode-unknown-datum-index","datumIndex":191,"unitId":16777473,"recovery":"searching-for-end-of-data-marker"}
{"ts":"2025-11-19T02:43:00.288Z","level":"warn","event":"bfis-unit-decode-unknown-datum-index","datumIndex":192,"unitId":16778241,"recovery":"searching-for-end-of-data-marker"}
{"ts":"2025-11-19T02:43:00.288Z","level":"warn","event":"bfis-unit-decode-unknown-datum-index","datumIndex":192,"unitId":16777985,"recovery":"searching-for-end-of-data-marker"}
{"ts":"2025-11-19T02:43:00.303Z","level":"warn","event":"bfis-snapshot-empty-data","endpoint":"logs","message":"Empty logs array received"}
{"ts":"2025-11-19T02:43:01.257Z","level":"info","event":"bfis-binary-fetch","endpoint":"units","mode":"incremental","bytes":243,"lastTime":1763520180427}
{"ts":"2025-11-19T02:43:01.271Z","level":"info","event":"bfis-binary-fetch","endpoint":"weapons","mode":"incremental","bytes":8,"lastTime":1763520180447}
{"ts":"2025-11-19T02:43:01.271Z","level":"warn","event":"bfis-snapshot-empty-data","endpoint":"weapons","bufferSize":8,"message":"Empty or minimal weapons data received"}
{"ts":"2025-11-19T02:43:01.271Z","level":"warn","event":"bfis-unit-decode-unknown-datum-index","datumIndex":191,"unitId":16777473,"recovery":"searching-for-end-of-data-marker"}
{"ts":"2025-11-19T02:43:01.271Z","level":"warn","event":"bfis-unit-decode-unknown-datum-index","datumIndex":192,"unitId":16777985,"recovery":"searching-for-end-of-data-marker"}
{"ts":"2025-11-19T02:43:01.271Z","level":"warn","event":"bfis-unit-decode-unknown-datum-index","datumIndex":191,"unitId":16778241,"recovery":"searching-for-end-of-data-marker"}
{"ts":"2025-11-19T02:43:01.287Z","level":"warn","event":"bfis-snapshot-empty-data","endpoint":"logs","message":"Empty logs array received"}
{"ts":"2025-11-19T02:43:01.327Z","level":"info","event":"bfis-snapshot-read-ok","snapshotId":"96aafabb-f410-40b5-92c1-09fa8971c718","sessionHash":"wXwFIkMvUoWzlJ4m","unitCount":44,"newUnitsInPoll":5,"cachedUnitsTotal":44,"unitsBufferSize":243,"weaponsBufferSize":8}
{"ts":"2025-11-19T02:43:01.328Z","level":"info","event":"bfis-snapshot-read-ok","snapshotId":"6de1b0d4-c918-4cae-8f82-ba6836533a07","sessionHash":"wXwFIkMvUoWzlJ4m","unitCount":44,"newUnitsInPoll":5,"cachedUnitsTotal":44,"unitsBufferSize":243,"weaponsBufferSize":8}
{"ts":"2025-11-19T02:43:02.256Z","level":"info","event":"bfis-binary-fetch","endpoint":"units","mode":"incremental","bytes":243,"lastTime":1763520181419}
{"ts":"2025-11-19T02:43:02.268Z","level":"warn","event":"bfis-snapshot-empty-data","endpoint":"weapons","bufferSize":8,"message":"Empty or minimal weapons data received"}
{"ts":"2025-11-19T02:43:02.269Z","level":"info","event":"bfis-binary-fetch","endpoint":"weapons","mode":"incremental","bytes":8,"lastTime":1763520181432}
{"ts":"2025-11-19T02:43:02.269Z","level":"warn","event":"bfis-unit-decode-unknown-datum-index","datumIndex":191,"unitId":16777473,"recovery":"searching-for-end-of-data-marker"}
{"ts":"2025-11-19T02:43:02.269Z","level":"warn","event":"bfis-unit-decode-unknown-datum-index","datumIndex":192,"unitId":16777985,"recovery":"searching-for-end-of-data-marker"}
{"ts":"2025-11-19T02:43:02.269Z","level":"warn","event":"bfis-unit-decode-unknown-datum-index","datumIndex":191,"unitId":16778241,"recovery":"searching-for-end-of-data-marker"}
{"ts":"2025-11-19T02:43:02.280Z","level":"warn","event":"bfis-snapshot-empty-data","endpoint":"logs","message":"Empty logs array received"}
{"ts":"2025-11-19T02:43:02.337Z","level":"info","event":"bfis-snapshot-read-ok","snapshotId":"422de74c-fda5-4502-8d5a-bba376ca2549","sessionHash":"wXwFIkMvUoWzlJ4m","unitCount":44,"newUnitsInPoll":5,"cachedUnitsTotal":44,"unitsBufferSize":243,"weaponsBufferSize":8}
{"ts":"2025-11-19T02:43:03.260Z","level":"info","event":"bfis-binary-fetch","endpoint":"units","mode":"incremental","bytes":243,"lastTime":1763520182419}
{"ts":"2025-11-19T02:43:03.272Z","level":"info","event":"bfis-binary-fetch","endpoint":"weapons","mode":"incremental","bytes":8,"lastTime":1763520182429}
{"ts":"2025-11-19T02:43:03.272Z","level":"warn","event":"bfis-snapshot-empty-data","endpoint":"weapons","bufferSize":8,"message":"Empty or minimal weapons data received"}
{"ts":"2025-11-19T02:43:03.272Z","level":"warn","event":"bfis-unit-decode-unknown-datum-index","datumIndex":191,"unitId":16777473,"recovery":"searching-for-end-of-data-marker"}
{"ts":"2025-11-19T02:43:03.272Z","level":"warn","event":"bfis-unit-decode-unknown-datum-index","datumIndex":192,"unitId":16777985,"recovery":"searching-for-end-of-data-marker"}
{"ts":"2025-11-19T02:43:03.272Z","level":"warn","event":"bfis-unit-decode-unknown-datum-index","datumIndex":191,"unitId":16778241,"recovery":"searching-for-end-of-data-marker"}
{"ts":"2025-11-19T02:43:03.284Z","level":"warn","event":"bfis-snapshot-empty-data","endpoint":"logs","message":"Empty logs array received"}
{"ts":"2025-11-19T02:43:03.327Z","level":"info","event":"bfis-snapshot-read-ok","snapshotId":"568c2fc6-806b-4964-be5e-b0f1824e89ef","sessionHash":"wXwFIkMvUoWzlJ4m","unitCount":44,"newUnitsInPoll":5,"cachedUnitsTotal":44,"unitsBufferSize":243,"weaponsBufferSize":8}
{"ts":"2025-11-19T02:43:04.256Z","level":"info","event":"bfis-binary-fetch","endpoint":"units","mode":"incremental","bytes":243,"lastTime":1763520183423}
{"ts":"2025-11-19T02:43:04.266Z","level":"warn","event":"bfis-snapshot-empty-data","endpoint":"weapons","bufferSize":8,"message":"Empty or minimal weapons data received"}
{"ts":"2025-11-19T02:43:04.266Z","level":"info","event":"bfis-binary-fetch","endpoint":"weapons","mode":"incremental","bytes":8,"lastTime":1763520183435}
{"ts":"2025-11-19T02:43:04.266Z","level":"warn","event":"bfis-unit-decode-unknown-datum-index","datumIndex":191,"unitId":16777473,"recovery":"searching-for-end-of-data-marker"}
{"ts":"2025-11-19T02:43:04.266Z","level":"warn","event":"bfis-unit-decode-unknown-datum-index","datumIndex":192,"unitId":16777985,"recovery":"searching-for-end-of-data-marker"}
{"ts":"2025-11-19T02:43:04.266Z","level":"warn","event":"bfis-unit-decode-unknown-datum-index","datumIndex":192,"unitId":16778241,"recovery":"searching-for-end-of-data-marker"}
{"ts":"2025-11-19T02:43:04.274Z","level":"warn","event":"bfis-snapshot-empty-data","endpoint":"logs","message":"Empty logs array received"}
{"ts":"2025-11-19T02:43:04.309Z","level":"info","event":"bfis-snapshot-read-ok","snapshotId":"bce2c23f-3465-49ac-9963-2e93efa4b119","sessionHash":"wXwFIkMvUoWzlJ4m","unitCount":44,"newUnitsInPoll":5,"cachedUnitsTotal":44,"unitsBufferSize":243,"weaponsBufferSize":8}
{"ts":"2025-11-19T02:43:05.268Z","level":"info","event":"bfis-binary-fetch","endpoint":"units","mode":"incremental","bytes":243,"lastTime":1763520184418}
{"ts":"2025-11-19T02:43:05.309Z","level":"info","event":"bfis-binary-fetch","endpoint":"weapons","mode":"incremental","bytes":8,"lastTime":1763520184430}
{"ts":"2025-11-19T02:43:05.309Z","level":"warn","event":"bfis-snapshot-empty-data","endpoint":"weapons","bufferSize":8,"message":"Empty or minimal weapons data received"}
{"ts":"2025-11-19T02:43:05.309Z","level":"warn","event":"bfis-unit-decode-unknown-datum-index","datumIndex":191,"unitId":16777473,"recovery":"searching-for-end-of-data-marker"}
{"ts":"2025-11-19T02:43:05.309Z","level":"warn","event":"bfis-unit-decode-unknown-datum-index","datumIndex":192,"unitId":16777985,"recovery":"searching-for-end-of-data-marker"}
{"ts":"2025-11-19T02:43:05.310Z","level":"warn","event":"bfis-unit-decode-unknown-datum-index","datumIndex":192,"unitId":16778241,"recovery":"searching-for-end-of-data-marker"}
{"ts":"2025-11-19T02:43:05.322Z","level":"warn","event":"bfis-snapshot-empty-data","endpoint":"logs","message":"Empty logs array received"}
{"ts":"2025-11-19T02:43:05.360Z","level":"info","event":"bfis-snapshot-read-ok","snapshotId":"8b722737-1d0d-4185-ad7b-8f0485993b34","sessionHash":"wXwFIkMvUoWzlJ4m","unitCount":44,"newUnitsInPoll":5,"cachedUnitsTotal":44,"unitsBufferSize":243,"weaponsBufferSize":8}
{"ts":"2025-11-19T02:43:06.273Z","level":"info","event":"bfis-binary-fetch","endpoint":"units","mode":"incremental","bytes":243,"lastTime":1763520185429}
{"ts":"2025-11-19T02:43:06.288Z","level":"warn","event":"bfis-snapshot-empty-data","endpoint":"weapons","bufferSize":8,"message":"Empty or minimal weapons data received"}
{"ts":"2025-11-19T02:43:06.288Z","level":"info","event":"bfis-binary-fetch","endpoint":"weapons","mode":"incremental","bytes":8,"lastTime":1763520185472}
{"ts":"2025-11-19T02:43:06.289Z","level":"warn","event":"bfis-unit-decode-unknown-datum-index","datumIndex":191,"unitId":16777473,"recovery":"searching-for-end-of-data-marker"}
{"ts":"2025-11-19T02:43:06.289Z","level":"warn","event":"bfis-unit-decode-unknown-datum-index","datumIndex":192,"unitId":16777985,"recovery":"searching-for-end-of-data-marker"}
{"ts":"2025-11-19T02:43:06.289Z","level":"warn","event":"bfis-unit-decode-unknown-datum-index","datumIndex":192,"unitId":16778241,"recovery":"searching-for-end-of-data-marker"}
{"ts":"2025-11-19T02:43:06.301Z","level":"warn","event":"bfis-snapshot-empty-data","endpoint":"logs","message":"Empty logs array received"}
{"ts":"2025-11-19T02:43:06.350Z","level":"info","event":"bfis-snapshot-read-ok","snapshotId":"276f15c6-a37d-4508-89ea-a7d6aa1e6187","sessionHash":"wXwFIkMvUoWzlJ4m","unitCount":44,"newUnitsInPoll":5,"cachedUnitsTotal":44,"unitsBufferSize":243,"weaponsBufferSize":8}
{"ts":"2025-11-19T02:43:07.270Z","level":"info","event":"bfis-binary-fetch","endpoint":"units","mode":"incremental","bytes":243,"lastTime":1763520186432}
{"ts":"2025-11-19T02:43:07.283Z","level":"warn","event":"bfis-snapshot-empty-data","endpoint":"weapons","bufferSize":8,"message":"Empty or minimal weapons data received"}
{"ts":"2025-11-19T02:43:07.283Z","level":"info","event":"bfis-binary-fetch","endpoint":"weapons","mode":"incremental","bytes":8,"lastTime":1763520186451}
{"ts":"2025-11-19T02:43:07.283Z","level":"warn","event":"bfis-unit-decode-unknown-datum-index","datumIndex":191,"unitId":16777473,"recovery":"searching-for-end-of-data-marker"}
{"ts":"2025-11-19T02:43:07.284Z","level":"warn","event":"bfis-unit-decode-unknown-datum-index","datumIndex":192,"unitId":16777985,"recovery":"searching-for-end-of-data-marker"}
{"ts":"2025-11-19T02:43:07.284Z","level":"warn","event":"bfis-unit-decode-unknown-datum-index","datumIndex":192,"unitId":16778241,"recovery":"searching-for-end-of-data-marker"}
{"ts":"2025-11-19T02:43:07.381Z","level":"warn","event":"bfis-snapshot-empty-data","endpoint":"logs","message":"Empty logs array received"}
{"ts":"2025-11-19T02:43:07.422Z","level":"info","event":"bfis-snapshot-read-ok","snapshotId":"4de16f2c-0164-40a6-961b-1d74fd58edb0","sessionHash":"wXwFIkMvUoWzlJ4m","unitCount":44,"newUnitsInPoll":5,"cachedUnitsTotal":44,"unitsBufferSize":243,"weaponsBufferSize":8}
{"ts":"2025-11-19T02:43:08.263Z","level":"info","event":"bfis-binary-fetch","endpoint":"units","mode":"incremental","bytes":243,"lastTime":1763520187433}
{"ts":"2025-11-19T02:43:08.278Z","level":"warn","event":"bfis-snapshot-empty-data","endpoint":"weapons","bufferSize":8,"message":"Empty or minimal weapons data received"}
{"ts":"2025-11-19T02:43:08.278Z","level":"info","event":"bfis-binary-fetch","endpoint":"weapons","mode":"incremental","bytes":8,"lastTime":1763520187444}
{"ts":"2025-11-19T02:43:08.278Z","level":"warn","event":"bfis-unit-decode-unknown-datum-index","datumIndex":191,"unitId":16777473,"recovery":"searching-for-end-of-data-marker"}
{"ts":"2025-11-19T02:43:08.279Z","level":"warn","event":"bfis-unit-decode-unknown-datum-index","datumIndex":192,"unitId":16777985,"recovery":"searching-for-end-of-data-marker"}
{"ts":"2025-11-19T02:43:08.279Z","level":"warn","event":"bfis-unit-decode-unknown-datum-index","datumIndex":191,"unitId":16778241,"recovery":"searching-for-end-of-data-marker"}
{"ts":"2025-11-19T02:43:08.289Z","level":"warn","event":"bfis-snapshot-empty-data","endpoint":"logs","message":"Empty logs array received"}
{"ts":"2025-11-19T02:43:08.327Z","level":"info","event":"bfis-snapshot-read-ok","snapshotId":"72e62615-71a6-4631-a2c6-5995f3771165","sessionHash":"wXwFIkMvUoWzlJ4m","unitCount":44,"newUnitsInPoll":5,"cachedUnitsTotal":44,"unitsBufferSize":243,"weaponsBufferSize":8}
{"ts":"2025-11-19T02:43:09.264Z","level":"info","event":"bfis-binary-fetch","endpoint":"units","mode":"incremental","bytes":243,"lastTime":1763520188426}
{"ts":"2025-11-19T02:43:09.274Z","level":"info","event":"bfis-binary-fetch","endpoint":"weapons","mode":"incremental","bytes":8,"lastTime":1763520188440}
{"ts":"2025-11-19T02:43:09.274Z","level":"warn","event":"bfis-unit-decode-unknown-datum-index","datumIndex":191,"unitId":16777473,"recovery":"searching-for-end-of-data-marker"}
{"ts":"2025-11-19T02:43:09.274Z","level":"warn","event":"bfis-snapshot-empty-data","endpoint":"weapons","bufferSize":8,"message":"Empty or minimal weapons data received"}
{"ts":"2025-11-19T02:43:09.274Z","level":"warn","event":"bfis-unit-decode-unknown-datum-index","datumIndex":192,"unitId":16777985,"recovery":"searching-for-end-of-data-marker"}
{"ts":"2025-11-19T02:43:09.274Z","level":"warn","event":"bfis-unit-decode-unknown-datum-index","datumIndex":191,"unitId":16778241,"recovery":"searching-for-end-of-data-marker"}
{"ts":"2025-11-19T02:43:09.287Z","level":"warn","event":"bfis-snapshot-empty-data","endpoint":"logs","message":"Empty logs array received"}
{"ts":"2025-11-19T02:43:09.327Z","level":"info","event":"bfis-snapshot-read-ok","snapshotId":"e8805ad8-5565-4df3-bd60-35362f124f76","sessionHash":"wXwFIkMvUoWzlJ4m","unitCount":44,"newUnitsInPoll":5,"cachedUnitsTotal":44,"unitsBufferSize":243,"weaponsBufferSize":8}
{"ts":"2025-11-19T02:43:10.263Z","level":"info","event":"bfis-binary-fetch","endpoint":"units","mode":"incremental","bytes":246,"lastTime":1763520189425}
{"ts":"2025-11-19T02:43:10.273Z","level":"info","event":"bfis-binary-fetch","endpoint":"weapons","mode":"incremental","bytes":8,"lastTime":1763520189437}
{"ts":"2025-11-19T02:43:10.273Z","level":"warn","event":"bfis-snapshot-empty-data","endpoint":"weapons","bufferSize":8,"message":"Empty or minimal weapons data received"}
{"ts":"2025-11-19T02:43:10.274Z","level":"warn","event":"bfis-unit-decode-unknown-datum-index","datumIndex":191,"unitId":16777473,"recovery":"searching-for-end-of-data-marker"}
{"ts":"2025-11-19T02:43:10.274Z","level":"warn","event":"bfis-unit-decode-unknown-datum-index","datumIndex":192,"unitId":16777985,"recovery":"searching-for-end-of-data-marker"}
{"ts":"2025-11-19T02:43:10.274Z","level":"warn","event":"bfis-unit-decode-unknown-datum-index","datumIndex":191,"unitId":16778241,"recovery":"searching-for-end-of-data-marker"}
{"ts":"2025-11-19T02:43:10.297Z","level":"warn","event":"bfis-snapshot-empty-data","endpoint":"logs","message":"Empty logs array received"}
{"ts":"2025-11-19T02:43:10.365Z","level":"info","event":"bfis-snapshot-read-ok","snapshotId":"f240c73a-3e65-406b-9164-e0d2f12439b3","sessionHash":"wXwFIkMvUoWzlJ4m","unitCount":44,"newUnitsInPoll":5,"cachedUnitsTotal":44,"unitsBufferSize":246,"weaponsBufferSize":8}
{"ts":"2025-11-19T02:43:11.266Z","level":"info","event":"bfis-binary-fetch","endpoint":"units","mode":"incremental","bytes":243,"lastTime":1763520190426}
{"ts":"2025-11-19T02:43:11.275Z","level":"warn","event":"bfis-snapshot-empty-data","endpoint":"weapons","bufferSize":8,"message":"Empty or minimal weapons data received"}
{"ts":"2025-11-19T02:43:11.275Z","level":"info","event":"bfis-binary-fetch","endpoint":"weapons","mode":"incremental","bytes":8,"lastTime":1763520190436}
{"ts":"2025-11-19T02:43:11.275Z","level":"warn","event":"bfis-unit-decode-unknown-datum-index","datumIndex":191,"unitId":16777473,"recovery":"searching-for-end-of-data-marker"}
{"ts":"2025-11-19T02:43:11.275Z","level":"warn","event":"bfis-unit-decode-unknown-datum-index","datumIndex":191,"unitId":16778241,"recovery":"searching-for-end-of-data-marker"}
{"ts":"2025-11-19T02:43:11.275Z","level":"warn","event":"bfis-unit-decode-unknown-datum-index","datumIndex":192,"unitId":16777985,"recovery":"searching-for-end-of-data-marker"}
{"ts":"2025-11-19T02:43:11.288Z","level":"warn","event":"bfis-snapshot-empty-data","endpoint":"logs","message":"Empty logs array received"}
{"ts":"2025-11-19T02:43:11.345Z","level":"info","event":"bfis-snapshot-read-ok","snapshotId":"9d4352a7-4680-458e-a0cf-76389c93918e","sessionHash":"wXwFIkMvUoWzlJ4m","unitCount":44,"newUnitsInPoll":5,"cachedUnitsTotal":44,"unitsBufferSize":243,"weaponsBufferSize":8}
{"ts":"2025-11-19T02:43:12.262Z","level":"info","event":"bfis-binary-fetch","endpoint":"units","mode":"incremental","bytes":243,"lastTime":1763520191429}
{"ts":"2025-11-19T02:43:12.272Z","level":"warn","event":"bfis-snapshot-empty-data","endpoint":"weapons","bufferSize":8,"message":"Empty or minimal weapons data received"}
{"ts":"2025-11-19T02:43:12.273Z","level":"info","event":"bfis-binary-fetch","endpoint":"weapons","mode":"incremental","bytes":8,"lastTime":1763520191438}
{"ts":"2025-11-19T02:43:12.273Z","level":"warn","event":"bfis-unit-decode-unknown-datum-index","datumIndex":191,"unitId":16777473,"recovery":"searching-for-end-of-data-marker"}
{"ts":"2025-11-19T02:43:12.273Z","level":"warn","event":"bfis-unit-decode-unknown-datum-index","datumIndex":192,"unitId":16777985,"recovery":"searching-for-end-of-data-marker"}
{"ts":"2025-11-19T02:43:12.273Z","level":"warn","event":"bfis-unit-decode-unknown-datum-index","datumIndex":191,"unitId":16778241,"recovery":"searching-for-end-of-data-marker"}
{"ts":"2025-11-19T02:43:12.286Z","level":"warn","event":"bfis-snapshot-empty-data","endpoint":"logs","message":"Empty logs array received"}
{"ts":"2025-11-19T02:43:12.326Z","level":"info","event":"bfis-snapshot-read-ok","snapshotId":"9e440c81-38a0-4c30-a390-5743e4d59c99","sessionHash":"wXwFIkMvUoWzlJ4m","unitCount":44,"newUnitsInPoll":5,"cachedUnitsTotal":44,"unitsBufferSize":243,"weaponsBufferSize":8}
{"ts":"2025-11-19T02:43:13.272Z","level":"info","event":"bfis-binary-fetch","endpoint":"units","mode":"incremental","bytes":246,"lastTime":1763520192426}
{"ts":"2025-11-19T02:43:13.285Z","level":"warn","event":"bfis-snapshot-empty-data","endpoint":"weapons","bufferSize":8,"message":"Empty or minimal weapons data received"}
{"ts":"2025-11-19T02:43:13.285Z","level":"info","event":"bfis-binary-fetch","endpoint":"weapons","mode":"incremental","bytes":8,"lastTime":1763520192435}
{"ts":"2025-11-19T02:43:13.285Z","level":"warn","event":"bfis-unit-decode-unknown-datum-index","datumIndex":191,"unitId":16777473,"recovery":"searching-for-end-of-data-marker"}
{"ts":"2025-11-19T02:43:13.285Z","level":"warn","event":"bfis-unit-decode-unknown-datum-index","datumIndex":192,"unitId":16777985,"recovery":"searching-for-end-of-data-marker"}
{"ts":"2025-11-19T02:43:13.285Z","level":"warn","event":"bfis-unit-decode-unknown-datum-index","datumIndex":191,"unitId":16778241,"recovery":"searching-for-end-of-data-marker"}
{"ts":"2025-11-19T02:43:13.295Z","level":"warn","event":"bfis-snapshot-empty-data","endpoint":"logs","message":"Empty logs array received"}
{"ts":"2025-11-19T02:43:13.336Z","level":"info","event":"bfis-snapshot-read-ok","snapshotId":"12a079bb-738e-47f5-a3ce-6db2a666868b","sessionHash":"wXwFIkMvUoWzlJ4m","unitCount":44,"newUnitsInPoll":5,"cachedUnitsTotal":44,"unitsBufferSize":246,"weaponsBufferSize":8}
{"ts":"2025-11-19T02:43:14.266Z","level":"info","event":"bfis-binary-fetch","endpoint":"units","mode":"incremental","bytes":243,"lastTime":1763520193435}
{"ts":"2025-11-19T02:43:14.276Z","level":"warn","event":"bfis-snapshot-empty-data","endpoint":"weapons","bufferSize":8,"message":"Empty or minimal weapons data received"}
{"ts":"2025-11-19T02:43:14.276Z","level":"info","event":"bfis-binary-fetch","endpoint":"weapons","mode":"incremental","bytes":8,"lastTime":1763520193447}
{"ts":"2025-11-19T02:43:14.276Z","level":"warn","event":"bfis-unit-decode-unknown-datum-index","datumIndex":191,"unitId":16777473,"recovery":"searching-for-end-of-data-marker"}
{"ts":"2025-11-19T02:43:14.276Z","level":"warn","event":"bfis-unit-decode-unknown-datum-index","datumIndex":192,"unitId":16777985,"recovery":"searching-for-end-of-data-marker"}
{"ts":"2025-11-19T02:43:14.276Z","level":"warn","event":"bfis-unit-decode-unknown-datum-index","datumIndex":191,"unitId":16778241,"recovery":"searching-for-end-of-data-marker"}
{"ts":"2025-11-19T02:43:14.290Z","level":"warn","event":"bfis-snapshot-empty-data","endpoint":"logs","message":"Empty logs array received"}
{"ts":"2025-11-19T02:43:14.327Z","level":"info","event":"bfis-snapshot-read-ok","snapshotId":"ed4f5f41-7a17-487f-b67d-91738f6eb294","sessionHash":"wXwFIkMvUoWzlJ4m","unitCount":44,"newUnitsInPoll":5,"cachedUnitsTotal":44,"unitsBufferSize":243,"weaponsBufferSize":8}
{"ts":"2025-11-19T02:43:15.268Z","level":"info","event":"bfis-binary-fetch","endpoint":"units","mode":"incremental","bytes":243,"lastTime":1763520194429}
{"ts":"2025-11-19T02:43:15.283Z","level":"warn","event":"bfis-snapshot-empty-data","endpoint":"weapons","bufferSize":8,"message":"Empty or minimal weapons data received"}
{"ts":"2025-11-19T02:43:15.283Z","level":"info","event":"bfis-binary-fetch","endpoint":"weapons","mode":"incremental","bytes":8,"lastTime":1763520194439}
{"ts":"2025-11-19T02:43:15.283Z","level":"warn","event":"bfis-unit-decode-unknown-datum-index","datumIndex":191,"unitId":16777473,"recovery":"searching-for-end-of-data-marker"}
{"ts":"2025-11-19T02:43:15.283Z","level":"warn","event":"bfis-unit-decode-unknown-datum-index","datumIndex":192,"unitId":16777985,"recovery":"searching-for-end-of-data-marker"}
{"ts":"2025-11-19T02:43:15.299Z","level":"warn","event":"bfis-snapshot-empty-data","endpoint":"logs","message":"Empty logs array received"}
{"ts":"2025-11-19T02:43:15.340Z","level":"info","event":"bfis-snapshot-read-ok","snapshotId":"ad7c8469-49f1-4a72-bdc8-cf5bee00172f","sessionHash":"wXwFIkMvUoWzlJ4m","unitCount":44,"newUnitsInPoll":4,"cachedUnitsTotal":44,"unitsBufferSize":243,"weaponsBufferSize":8}
{"ts":"2025-11-19T02:43:16.268Z","level":"info","event":"bfis-binary-fetch","endpoint":"units","mode":"incremental","bytes":243,"lastTime":1763520195431}
{"ts":"2025-11-19T02:43:16.280Z","level":"warn","event":"bfis-snapshot-empty-data","endpoint":"weapons","bufferSize":8,"message":"Empty or minimal weapons data received"}
{"ts":"2025-11-19T02:43:16.281Z","level":"info","event":"bfis-binary-fetch","endpoint":"weapons","mode":"incremental","bytes":8,"lastTime":1763520195441}
{"ts":"2025-11-19T02:43:16.281Z","level":"warn","event":"bfis-unit-decode-unknown-datum-index","datumIndex":191,"unitId":16777473,"recovery":"searching-for-end-of-data-marker"}
{"ts":"2025-11-19T02:43:16.281Z","level":"warn","event":"bfis-unit-decode-unknown-datum-index","datumIndex":72,"unitId":16777985,"recovery":"searching-for-end-of-data-marker"}
{"ts":"2025-11-19T02:43:16.291Z","level":"warn","event":"bfis-snapshot-empty-data","endpoint":"logs","message":"Empty logs array received"}
{"ts":"2025-11-19T02:43:16.335Z","level":"error","event":"bfis-loop-error","message":"Invalid latitude for unit 16777985: 1.9211774082290254e+182","errorType":"Error","stack":"Error: Invalid latitude for unit 16777985: 1.9211774082290254e+182\n    at SnapshotReader.validateSnapshot (file:///app/bfis-service/build/bfis-service/src/snapshot/snapshot-reader.js:178:23)\n    at SnapshotReader.readOnce (file:///app/bfis-service/build/bfis-service/src/snapshot/snapshot-reader.js:925:14)\n    at process.processTicksAndRejections (node:internal/process/task_queues:95:5)\n    at async PollingLoop.pollOnce (file:///app/bfis-service/build/bfis-service/src/runtime/polling-loop.js:109:30)"}
{"ts":"2025-11-19T02:43:17.272Z","level":"info","event":"bfis-binary-fetch","endpoint":"units","mode":"incremental","bytes":243,"lastTime":1763520196431}
{"ts":"2025-11-19T02:43:17.284Z","level":"warn","event":"bfis-snapshot-empty-data","endpoint":"weapons","bufferSize":8,"message":"Empty or minimal weapons data received"}
{"ts":"2025-11-19T02:43:17.284Z","level":"info","event":"bfis-binary-fetch","endpoint":"weapons","mode":"incremental","bytes":8,"lastTime":1763520196442}
{"ts":"2025-11-19T02:43:17.285Z","level":"warn","event":"bfis-unit-decode-unknown-datum-index","datumIndex":191,"unitId":16777473,"recovery":"searching-for-end-of-data-marker"}
{"ts":"2025-11-19T02:43:17.285Z","level":"warn","event":"bfis-unit-decode-unknown-datum-index","datumIndex":118,"unitId":16777985,"recovery":"searching-for-end-of-data-marker"}
{"ts":"2025-11-19T02:43:17.297Z","level":"warn","event":"bfis-snapshot-empty-data","endpoint":"logs","message":"Empty logs array received"}
{"ts":"2025-11-19T02:43:17.339Z","level":"info","event":"bfis-snapshot-read-ok","snapshotId":"9485feae-e98e-4944-a139-b45e25889669","sessionHash":"wXwFIkMvUoWzlJ4m","unitCount":44,"newUnitsInPoll":4,"cachedUnitsTotal":44,"unitsBufferSize":243,"weaponsBufferSize":8}
{"ts":"2025-11-19T02:43:18.271Z","level":"info","event":"bfis-binary-fetch","endpoint":"units","mode":"incremental","bytes":243,"lastTime":1763520197434}
{"ts":"2025-11-19T02:43:18.283Z","level":"warn","event":"bfis-snapshot-empty-data","endpoint":"weapons","bufferSize":8,"message":"Empty or minimal weapons data received"}
{"ts":"2025-11-19T02:43:18.283Z","level":"info","event":"bfis-binary-fetch","endpoint":"weapons","mode":"incremental","bytes":8,"lastTime":1763520197447}
{"ts":"2025-11-19T02:43:18.283Z","level":"warn","event":"bfis-unit-decode-unknown-datum-index","datumIndex":203,"unitId":16777985,"recovery":"searching-for-end-of-data-marker"}
{"ts":"2025-11-19T02:43:18.283Z","level":"warn","event":"bfis-unit-decode-unknown-datum-index","datumIndex":191,"unitId":16777473,"recovery":"searching-for-end-of-data-marker"}
{"ts":"2025-11-19T02:43:18.293Z","level":"warn","event":"bfis-snapshot-empty-data","endpoint":"logs","message":"Empty logs array received"}
{"ts":"2025-11-19T02:43:18.330Z","level":"info","event":"bfis-snapshot-read-ok","snapshotId":"de57fddf-ca5f-4dc7-8feb-f18a68accc07","sessionHash":"wXwFIkMvUoWzlJ4m","unitCount":44,"newUnitsInPoll":4,"cachedUnitsTotal":44,"unitsBufferSize":243,"weaponsBufferSize":8}
{"ts":"2025-11-19T02:43:19.273Z","level":"info","event":"bfis-binary-fetch","endpoint":"units","mode":"incremental","bytes":243,"lastTime":1763520198434}
{"ts":"2025-11-19T02:43:19.284Z","level":"warn","event":"bfis-snapshot-empty-data","endpoint":"weapons","bufferSize":8,"message":"Empty or minimal weapons data received"}
{"ts":"2025-11-19T02:43:19.284Z","level":"info","event":"bfis-binary-fetch","endpoint":"weapons","mode":"incremental","bytes":8,"lastTime":1763520198445}
{"ts":"2025-11-19T02:43:19.284Z","level":"warn","event":"bfis-unit-decode-unknown-datum-index","datumIndex":205,"unitId":16777985,"recovery":"searching-for-end-of-data-marker"}
{"ts":"2025-11-19T02:43:19.284Z","level":"warn","event":"bfis-unit-decode-unknown-datum-index","datumIndex":191,"unitId":16777473,"recovery":"searching-for-end-of-data-marker"}
{"ts":"2025-11-19T02:43:19.293Z","level":"warn","event":"bfis-snapshot-empty-data","endpoint":"logs","message":"Empty logs array received"}
{"ts":"2025-11-19T02:43:19.334Z","level":"info","event":"bfis-snapshot-read-ok","snapshotId":"194df55c-fc50-40e0-89b9-5d0086b9c220","sessionHash":"wXwFIkMvUoWzlJ4m","unitCount":44,"newUnitsInPoll":4,"cachedUnitsTotal":44,"unitsBufferSize":243,"weaponsBufferSize":8}
{"ts":"2025-11-19T02:43:20.274Z","level":"info","event":"bfis-binary-fetch","endpoint":"units","mode":"incremental","bytes":243,"lastTime":1763520199435}
{"ts":"2025-11-19T02:43:20.286Z","level":"warn","event":"bfis-snapshot-empty-data","endpoint":"weapons","bufferSize":8,"message":"Empty or minimal weapons data received"}
{"ts":"2025-11-19T02:43:20.286Z","level":"info","event":"bfis-binary-fetch","endpoint":"weapons","mode":"incremental","bytes":8,"lastTime":1763520199447}
{"ts":"2025-11-19T02:43:20.286Z","level":"warn","event":"bfis-unit-decode-unknown-datum-index","datumIndex":86,"unitId":16777985,"recovery":"searching-for-end-of-data-marker"}
{"ts":"2025-11-19T02:43:20.286Z","level":"warn","event":"bfis-unit-decode-unknown-datum-index","datumIndex":191,"unitId":16777473,"recovery":"searching-for-end-of-data-marker"}
{"ts":"2025-11-19T02:43:20.295Z","level":"warn","event":"bfis-snapshot-empty-data","endpoint":"logs","message":"Empty logs array received"}
{"ts":"2025-11-19T02:43:20.340Z","level":"info","event":"bfis-snapshot-read-ok","snapshotId":"29ffc4f9-e0cd-4c72-9f0f-bed0099960ca","sessionHash":"wXwFIkMvUoWzlJ4m","unitCount":44,"newUnitsInPoll":4,"cachedUnitsTotal":44,"unitsBufferSize":243,"weaponsBufferSize":8}
{"ts":"2025-11-19T02:43:21.271Z","level":"info","event":"bfis-binary-fetch","endpoint":"units","mode":"incremental","bytes":243,"lastTime":1763520200436}
{"ts":"2025-11-19T02:43:21.282Z","level":"warn","event":"bfis-snapshot-empty-data","endpoint":"weapons","bufferSize":8,"message":"Empty or minimal weapons data received"}
{"ts":"2025-11-19T02:43:21.282Z","level":"info","event":"bfis-binary-fetch","endpoint":"weapons","mode":"incremental","bytes":8,"lastTime":1763520200448}
{"ts":"2025-11-19T02:43:21.282Z","level":"warn","event":"bfis-unit-decode-unknown-datum-index","datumIndex":191,"unitId":16777473,"recovery":"searching-for-end-of-data-marker"}
{"ts":"2025-11-19T02:43:21.282Z","level":"warn","event":"bfis-unit-decode-unknown-datum-index","datumIndex":138,"unitId":16777985,"recovery":"searching-for-end-of-data-marker"}
{"ts":"2025-11-19T02:43:21.292Z","level":"warn","event":"bfis-snapshot-empty-data","endpoint":"logs","message":"Empty logs array received"}
{"ts":"2025-11-19T02:43:21.360Z","level":"info","event":"bfis-snapshot-read-ok","snapshotId":"2c4182b9-ebfa-4435-92ca-aa108dcfe8cf","sessionHash":"wXwFIkMvUoWzlJ4m","unitCount":44,"newUnitsInPoll":4,"cachedUnitsTotal":44,"unitsBufferSize":243,"weaponsBufferSize":8}
{"ts":"2025-11-19T02:43:22.280Z","level":"info","event":"bfis-binary-fetch","endpoint":"units","mode":"incremental","bytes":243,"lastTime":1763520201434}
{"ts":"2025-11-19T02:43:22.289Z","level":"warn","event":"bfis-snapshot-empty-data","endpoint":"weapons","bufferSize":8,"message":"Empty or minimal weapons data received"}
{"ts":"2025-11-19T02:43:22.290Z","level":"info","event":"bfis-binary-fetch","endpoint":"weapons","mode":"incremental","bytes":8,"lastTime":1763520201443}
{"ts":"2025-11-19T02:43:22.290Z","level":"warn","event":"bfis-unit-decode-unknown-datum-index","datumIndex":191,"unitId":16777473,"recovery":"searching-for-end-of-data-marker"}
{"ts":"2025-11-19T02:43:22.290Z","level":"warn","event":"bfis-unit-decode-unknown-datum-index","datumIndex":253,"unitId":16777985,"recovery":"searching-for-end-of-data-marker"}
{"ts":"2025-11-19T02:43:22.299Z","level":"warn","event":"bfis-snapshot-empty-data","endpoint":"logs","message":"Empty logs array received"}
{"ts":"2025-11-19T02:43:22.340Z","level":"info","event":"bfis-snapshot-read-ok","snapshotId":"b7fa1c40-ac67-4b62-a240-0c49e764bfa8","sessionHash":"wXwFIkMvUoWzlJ4m","unitCount":44,"newUnitsInPoll":4,"cachedUnitsTotal":44,"unitsBufferSize":243,"weaponsBufferSize":8}
{"ts":"2025-11-19T02:43:23.275Z","level":"info","event":"bfis-binary-fetch","endpoint":"units","mode":"incremental","bytes":243,"lastTime":1763520202439}
{"ts":"2025-11-19T02:43:23.287Z","level":"warn","event":"bfis-snapshot-empty-data","endpoint":"weapons","bufferSize":8,"message":"Empty or minimal weapons data received"}
{"ts":"2025-11-19T02:43:23.288Z","level":"info","event":"bfis-binary-fetch","endpoint":"weapons","mode":"incremental","bytes":8,"lastTime":1763520202453}
{"ts":"2025-11-19T02:43:23.288Z","level":"warn","event":"bfis-unit-decode-unknown-datum-index","datumIndex":191,"unitId":16777473,"recovery":"searching-for-end-of-data-marker"}
{"ts":"2025-11-19T02:43:23.288Z","level":"warn","event":"bfis-unit-decode-unknown-datum-index","datumIndex":191,"unitId":16777985,"recovery":"searching-for-end-of-data-marker"}
{"ts":"2025-11-19T02:43:23.288Z","level":"warn","event":"bfis-unit-decode-unknown-datum-index","datumIndex":192,"unitId":16778241,"recovery":"searching-for-end-of-data-marker"}
{"ts":"2025-11-19T02:43:23.302Z","level":"warn","event":"bfis-snapshot-empty-data","endpoint":"logs","message":"Empty logs array received"}
{"ts":"2025-11-19T02:43:23.343Z","level":"info","event":"bfis-snapshot-read-ok","snapshotId":"daf17db2-f141-41a5-8687-46f749888118","sessionHash":"wXwFIkMvUoWzlJ4m","unitCount":44,"newUnitsInPoll":5,"cachedUnitsTotal":44,"unitsBufferSize":243,"weaponsBufferSize":8}
{"ts":"2025-11-19T02:43:24.278Z","level":"info","event":"bfis-binary-fetch","endpoint":"units","mode":"incremental","bytes":243,"lastTime":1763520203438}
{"ts":"2025-11-19T02:43:24.290Z","level":"info","event":"bfis-binary-fetch","endpoint":"weapons","mode":"incremental","bytes":8,"lastTime":1763520203450}
{"ts":"2025-11-19T02:43:24.290Z","level":"warn","event":"bfis-snapshot-empty-data","endpoint":"weapons","bufferSize":8,"message":"Empty or minimal weapons data received"}
{"ts":"2025-11-19T02:43:24.291Z","level":"warn","event":"bfis-unit-decode-unknown-datum-index","datumIndex":191,"unitId":16777473,"recovery":"searching-for-end-of-data-marker"}
{"ts":"2025-11-19T02:43:24.291Z","level":"warn","event":"bfis-unit-decode-unknown-datum-index","datumIndex":191,"unitId":16777985,"recovery":"searching-for-end-of-data-marker"}
{"ts":"2025-11-19T02:43:24.291Z","level":"warn","event":"bfis-unit-decode-unknown-datum-index","datumIndex":192,"unitId":16778241,"recovery":"searching-for-end-of-data-marker"}
{"ts":"2025-11-19T02:43:24.302Z","level":"warn","event":"bfis-snapshot-empty-data","endpoint":"logs","message":"Empty logs array received"}
{"ts":"2025-11-19T02:43:24.344Z","level":"info","event":"bfis-snapshot-read-ok","snapshotId":"8c563bb1-9520-43e1-a0d0-ecc01d9a10d9","sessionHash":"wXwFIkMvUoWzlJ4m","unitCount":44,"newUnitsInPoll":5,"cachedUnitsTotal":44,"unitsBufferSize":243,"weaponsBufferSize":8}
{"ts":"2025-11-19T02:43:25.277Z","level":"info","event":"bfis-binary-fetch","endpoint":"units","mode":"incremental","bytes":243,"lastTime":1763520204441}
{"ts":"2025-11-19T02:43:25.288Z","level":"info","event":"bfis-binary-fetch","endpoint":"weapons","mode":"incremental","bytes":8,"lastTime":1763520204453}
{"ts":"2025-11-19T02:43:25.288Z","level":"warn","event":"bfis-unit-decode-unknown-datum-index","datumIndex":191,"unitId":16777473,"recovery":"searching-for-end-of-data-marker"}
{"ts":"2025-11-19T02:43:25.288Z","level":"warn","event":"bfis-snapshot-empty-data","endpoint":"weapons","bufferSize":8,"message":"Empty or minimal weapons data received"}
{"ts":"2025-11-19T02:43:25.288Z","level":"warn","event":"bfis-unit-decode-unknown-datum-index","datumIndex":191,"unitId":16777985,"recovery":"searching-for-end-of-data-marker"}
{"ts":"2025-11-19T02:43:25.288Z","level":"warn","event":"bfis-unit-decode-unknown-datum-index","datumIndex":192,"unitId":16778241,"recovery":"searching-for-end-of-data-marker"}
{"ts":"2025-11-19T02:43:25.297Z","level":"warn","event":"bfis-snapshot-empty-data","endpoint":"logs","message":"Empty logs array received"}
{"ts":"2025-11-19T02:43:25.335Z","level":"info","event":"bfis-snapshot-read-ok","snapshotId":"c9d58149-4793-45fa-a577-42cf930efaf9","sessionHash":"wXwFIkMvUoWzlJ4m","unitCount":44,"newUnitsInPoll":5,"cachedUnitsTotal":44,"unitsBufferSize":243,"weaponsBufferSize":8}
{"ts":"2025-11-19T02:43:26.287Z","level":"info","event":"bfis-binary-fetch","endpoint":"units","mode":"incremental","bytes":243,"lastTime":1763520205439}
{"ts":"2025-11-19T02:43:26.297Z","level":"warn","event":"bfis-snapshot-empty-data","endpoint":"weapons","bufferSize":8,"message":"Empty or minimal weapons data received"}
{"ts":"2025-11-19T02:43:26.297Z","level":"info","event":"bfis-binary-fetch","endpoint":"weapons","mode":"incremental","bytes":8,"lastTime":1763520205450}
{"ts":"2025-11-19T02:43:26.297Z","level":"warn","event":"bfis-unit-decode-unknown-datum-index","datumIndex":191,"unitId":16777473,"recovery":"searching-for-end-of-data-marker"}
{"ts":"2025-11-19T02:43:26.297Z","level":"warn","event":"bfis-unit-decode-unknown-datum-index","datumIndex":191,"unitId":16777985,"recovery":"searching-for-end-of-data-marker"}
{"ts":"2025-11-19T02:43:26.297Z","level":"warn","event":"bfis-unit-decode-unknown-datum-index","datumIndex":192,"unitId":16778241,"recovery":"searching-for-end-of-data-marker"}
{"ts":"2025-11-19T02:43:26.306Z","level":"warn","event":"bfis-snapshot-empty-data","endpoint":"logs","message":"Empty logs array received"}
{"ts":"2025-11-19T02:43:26.345Z","level":"info","event":"bfis-snapshot-read-ok","snapshotId":"e8e8ce68-63dd-4190-92ac-a8784c5cc1d0","sessionHash":"wXwFIkMvUoWzlJ4m","unitCount":44,"newUnitsInPoll":5,"cachedUnitsTotal":44,"unitsBufferSize":243,"weaponsBufferSize":8}
{"ts":"2025-11-19T02:43:27.282Z","level":"info","event":"bfis-binary-fetch","endpoint":"units","mode":"incremental","bytes":243,"lastTime":1763520206448}
{"ts":"2025-11-19T02:43:27.296Z","level":"warn","event":"bfis-snapshot-empty-data","endpoint":"weapons","bufferSize":8,"message":"Empty or minimal weapons data received"}
{"ts":"2025-11-19T02:43:27.296Z","level":"info","event":"bfis-binary-fetch","endpoint":"weapons","mode":"incremental","bytes":8,"lastTime":1763520206460}
{"ts":"2025-11-19T02:43:27.297Z","level":"warn","event":"bfis-unit-decode-unknown-datum-index","datumIndex":191,"unitId":16777473,"recovery":"searching-for-end-of-data-marker"}
{"ts":"2025-11-19T02:43:27.297Z","level":"warn","event":"bfis-unit-decode-unknown-datum-index","datumIndex":191,"unitId":16777985,"recovery":"searching-for-end-of-data-marker"}
{"ts":"2025-11-19T02:43:27.297Z","level":"warn","event":"bfis-unit-decode-unknown-datum-index","datumIndex":192,"unitId":16778241,"recovery":"searching-for-end-of-data-marker"}
{"ts":"2025-11-19T02:43:27.308Z","level":"warn","event":"bfis-snapshot-empty-data","endpoint":"logs","message":"Empty logs array received"}
{"ts":"2025-11-19T02:43:27.347Z","level":"info","event":"bfis-snapshot-read-ok","snapshotId":"dc408b56-1b7b-483c-8fb0-b7e74962720a","sessionHash":"wXwFIkMvUoWzlJ4m","unitCount":44,"newUnitsInPoll":5,"cachedUnitsTotal":44,"unitsBufferSize":243,"weaponsBufferSize":8}
{"ts":"2025-11-19T02:43:28.279Z","level":"info","event":"bfis-binary-fetch","endpoint":"units","mode":"incremental","bytes":243,"lastTime":1763520207443}
{"ts":"2025-11-19T02:43:28.289Z","level":"warn","event":"bfis-snapshot-empty-data","endpoint":"weapons","bufferSize":8,"message":"Empty or minimal weapons data received"}
{"ts":"2025-11-19T02:43:28.289Z","level":"info","event":"bfis-binary-fetch","endpoint":"weapons","mode":"incremental","bytes":8,"lastTime":1763520207456}
{"ts":"2025-11-19T02:43:28.289Z","level":"warn","event":"bfis-unit-decode-unknown-datum-index","datumIndex":191,"unitId":16777985,"recovery":"searching-for-end-of-data-marker"}
{"ts":"2025-11-19T02:43:28.289Z","level":"warn","event":"bfis-unit-decode-unknown-datum-index","datumIndex":191,"unitId":16777473,"recovery":"searching-for-end-of-data-marker"}
{"ts":"2025-11-19T02:43:28.289Z","level":"warn","event":"bfis-unit-decode-unknown-datum-index","datumIndex":191,"unitId":16778241,"recovery":"searching-for-end-of-data-marker"}
{"ts":"2025-11-19T02:43:28.300Z","level":"warn","event":"bfis-snapshot-empty-data","endpoint":"logs","message":"Empty logs array received"}
{"ts":"2025-11-19T02:43:28.345Z","level":"info","event":"bfis-snapshot-read-ok","snapshotId":"760350f2-1d3f-44ac-96d7-4e5bbd2098ba","sessionHash":"wXwFIkMvUoWzlJ4m","unitCount":44,"newUnitsInPoll":5,"cachedUnitsTotal":44,"unitsBufferSize":243,"weaponsBufferSize":8}
{"ts":"2025-11-19T02:43:29.283Z","level":"info","event":"bfis-binary-fetch","endpoint":"units","mode":"incremental","bytes":243,"lastTime":1763520208442}
{"ts":"2025-11-19T02:43:29.293Z","level":"info","event":"bfis-binary-fetch","endpoint":"weapons","mode":"incremental","bytes":8,"lastTime":1763520208452}
{"ts":"2025-11-19T02:43:29.293Z","level":"warn","event":"bfis-snapshot-empty-data","endpoint":"weapons","bufferSize":8,"message":"Empty or minimal weapons data received"}
{"ts":"2025-11-19T02:43:29.293Z","level":"warn","event":"bfis-unit-decode-unknown-datum-index","datumIndex":191,"unitId":16777473,"recovery":"searching-for-end-of-data-marker"}
{"ts":"2025-11-19T02:43:29.293Z","level":"warn","event":"bfis-unit-decode-unknown-datum-index","datumIndex":191,"unitId":16777985,"recovery":"searching-for-end-of-data-marker"}
{"ts":"2025-11-19T02:43:29.293Z","level":"warn","event":"bfis-unit-decode-unknown-datum-index","datumIndex":191,"unitId":16778241,"recovery":"searching-for-end-of-data-marker"}
{"ts":"2025-11-19T02:43:29.303Z","level":"warn","event":"bfis-snapshot-empty-data","endpoint":"logs","message":"Empty logs array received"}
{"ts":"2025-11-19T02:43:29.344Z","level":"info","event":"bfis-snapshot-read-ok","snapshotId":"8cfe5abb-0704-4dcc-b905-2e3ee7f890fe","sessionHash":"wXwFIkMvUoWzlJ4m","unitCount":44,"newUnitsInPoll":5,"cachedUnitsTotal":44,"unitsBufferSize":243,"weaponsBufferSize":8}
{"ts":"2025-11-19T02:43:30.286Z","level":"info","event":"bfis-binary-fetch","endpoint":"units","mode":"incremental","bytes":246,"lastTime":1763520209446}
{"ts":"2025-11-19T02:43:30.296Z","level":"info","event":"bfis-binary-fetch","endpoint":"weapons","mode":"incremental","bytes":8,"lastTime":1763520209456}
{"ts":"2025-11-19T02:43:30.296Z","level":"warn","event":"bfis-snapshot-empty-data","endpoint":"weapons","bufferSize":8,"message":"Empty or minimal weapons data received"}
{"ts":"2025-11-19T02:43:30.296Z","level":"warn","event":"bfis-unit-decode-unknown-datum-index","datumIndex":191,"unitId":16777473,"recovery":"searching-for-end-of-data-marker"}
{"ts":"2025-11-19T02:43:30.297Z","level":"warn","event":"bfis-unit-decode-unknown-datum-index","datumIndex":191,"unitId":16777985,"recovery":"searching-for-end-of-data-marker"}
{"ts":"2025-11-19T02:43:30.297Z","level":"warn","event":"bfis-unit-decode-unknown-datum-index","datumIndex":191,"unitId":16778241,"recovery":"searching-for-end-of-data-marker"}
{"ts":"2025-11-19T02:43:30.308Z","level":"warn","event":"bfis-snapshot-empty-data","endpoint":"logs","message":"Empty logs array received"}
{"ts":"2025-11-19T02:43:30.345Z","level":"info","event":"bfis-snapshot-read-ok","snapshotId":"b92e80fd-1ff4-4dd2-bc97-679fd93c638e","sessionHash":"wXwFIkMvUoWzlJ4m","unitCount":44,"newUnitsInPoll":5,"cachedUnitsTotal":44,"unitsBufferSize":246,"weaponsBufferSize":8}
{"ts":"2025-11-19T02:43:31.315Z","level":"info","event":"bfis-binary-fetch","endpoint":"units","mode":"incremental","bytes":243,"lastTime":1763520210448}
{"ts":"2025-11-19T02:43:31.326Z","level":"warn","event":"bfis-snapshot-empty-data","endpoint":"weapons","bufferSize":8,"message":"Empty or minimal weapons data received"}
{"ts":"2025-11-19T02:43:31.326Z","level":"info","event":"bfis-binary-fetch","endpoint":"weapons","mode":"incremental","bytes":8,"lastTime":1763520210459}
{"ts":"2025-11-19T02:43:31.326Z","level":"warn","event":"bfis-unit-decode-unknown-datum-index","datumIndex":191,"unitId":16777473,"recovery":"searching-for-end-of-data-marker"}
{"ts":"2025-11-19T02:43:31.326Z","level":"warn","event":"bfis-unit-decode-unknown-datum-index","datumIndex":191,"unitId":16777985,"recovery":"searching-for-end-of-data-marker"}
{"ts":"2025-11-19T02:43:31.326Z","level":"warn","event":"bfis-unit-decode-unknown-datum-index","datumIndex":191,"unitId":16778241,"recovery":"searching-for-end-of-data-marker"}
{"ts":"2025-11-19T02:43:31.334Z","level":"warn","event":"bfis-snapshot-empty-data","endpoint":"logs","message":"Empty logs array received"}
{"ts":"2025-11-19T02:43:31.364Z","level":"info","event":"bfis-snapshot-read-ok","snapshotId":"b7cf3896-b5a7-4156-b535-e56a71b2afe4","sessionHash":"wXwFIkMvUoWzlJ4m","unitCount":44,"newUnitsInPoll":5,"cachedUnitsTotal":44,"unitsBufferSize":243,"weaponsBufferSize":8}
{"ts":"2025-11-19T02:43:32.285Z","level":"info","event":"bfis-binary-fetch","endpoint":"units","mode":"incremental","bytes":246,"lastTime":1763520211477}
{"ts":"2025-11-19T02:43:32.294Z","level":"warn","event":"bfis-snapshot-empty-data","endpoint":"weapons","bufferSize":8,"message":"Empty or minimal weapons data received"}
{"ts":"2025-11-19T02:43:32.294Z","level":"info","event":"bfis-binary-fetch","endpoint":"weapons","mode":"incremental","bytes":8,"lastTime":1763520211488}
{"ts":"2025-11-19T02:43:32.294Z","level":"warn","event":"bfis-unit-decode-unknown-datum-index","datumIndex":191,"unitId":16777473,"recovery":"searching-for-end-of-data-marker"}
{"ts":"2025-11-19T02:43:32.295Z","level":"warn","event":"bfis-unit-decode-unknown-datum-index","datumIndex":191,"unitId":16777985,"recovery":"searching-for-end-of-data-marker"}
{"ts":"2025-11-19T02:43:32.295Z","level":"warn","event":"bfis-unit-decode-unknown-datum-index","datumIndex":191,"unitId":16778241,"recovery":"searching-for-end-of-data-marker"}
{"ts":"2025-11-19T02:43:32.304Z","level":"warn","event":"bfis-snapshot-empty-data","endpoint":"logs","message":"Empty logs array received"}
{"ts":"2025-11-19T02:43:32.352Z","level":"info","event":"bfis-snapshot-read-ok","snapshotId":"2263a233-7eb2-4b63-b652-99e09b431275","sessionHash":"wXwFIkMvUoWzlJ4m","unitCount":44,"newUnitsInPoll":5,"cachedUnitsTotal":44,"unitsBufferSize":246,"weaponsBufferSize":8}
{"ts":"2025-11-19T02:43:33.289Z","level":"info","event":"bfis-binary-fetch","endpoint":"units","mode":"incremental","bytes":243,"lastTime":1763520212447}
{"ts":"2025-11-19T02:43:33.300Z","level":"warn","event":"bfis-snapshot-empty-data","endpoint":"weapons","bufferSize":8,"message":"Empty or minimal weapons data received"}
{"ts":"2025-11-19T02:43:33.300Z","level":"info","event":"bfis-binary-fetch","endpoint":"weapons","mode":"incremental","bytes":8,"lastTime":1763520212458}
{"ts":"2025-11-19T02:43:33.300Z","level":"warn","event":"bfis-unit-decode-unknown-datum-index","datumIndex":191,"unitId":16777473,"recovery":"searching-for-end-of-data-marker"}
{"ts":"2025-11-19T02:43:33.300Z","level":"warn","event":"bfis-unit-decode-unknown-datum-index","datumIndex":191,"unitId":16777985,"recovery":"searching-for-end-of-data-marker"}
{"ts":"2025-11-19T02:43:33.300Z","level":"warn","event":"bfis-unit-decode-unknown-datum-index","datumIndex":191,"unitId":16778241,"recovery":"searching-for-end-of-data-marker"}
{"ts":"2025-11-19T02:43:33.310Z","level":"warn","event":"bfis-snapshot-empty-data","endpoint":"logs","message":"Empty logs array received"}
{"ts":"2025-11-19T02:43:33.363Z","level":"info","event":"bfis-snapshot-read-ok","snapshotId":"2b883f61-63ad-4f5d-83e8-b7ffbe6d9d57","sessionHash":"wXwFIkMvUoWzlJ4m","unitCount":44,"newUnitsInPoll":5,"cachedUnitsTotal":44,"unitsBufferSize":243,"weaponsBufferSize":8}
{"ts":"2025-11-19T02:43:34.288Z","level":"info","event":"bfis-binary-fetch","endpoint":"units","mode":"incremental","bytes":243,"lastTime":1763520213453}
{"ts":"2025-11-19T02:43:34.297Z","level":"warn","event":"bfis-snapshot-empty-data","endpoint":"weapons","bufferSize":8,"message":"Empty or minimal weapons data received"}
{"ts":"2025-11-19T02:43:34.297Z","level":"info","event":"bfis-binary-fetch","endpoint":"weapons","mode":"incremental","bytes":8,"lastTime":1763520213462}
{"ts":"2025-11-19T02:43:34.298Z","level":"warn","event":"bfis-unit-decode-unknown-datum-index","datumIndex":191,"unitId":16777473,"recovery":"searching-for-end-of-data-marker"}
{"ts":"2025-11-19T02:43:34.298Z","level":"warn","event":"bfis-unit-decode-unknown-datum-index","datumIndex":191,"unitId":16777985,"recovery":"searching-for-end-of-data-marker"}
{"ts":"2025-11-19T02:43:34.298Z","level":"warn","event":"bfis-unit-decode-unknown-datum-index","datumIndex":191,"unitId":16778241,"recovery":"searching-for-end-of-data-marker"}
{"ts":"2025-11-19T02:43:34.307Z","level":"warn","event":"bfis-snapshot-empty-data","endpoint":"logs","message":"Empty logs array received"}
{"ts":"2025-11-19T02:43:34.349Z","level":"info","event":"bfis-snapshot-read-ok","snapshotId":"0d98de6f-897f-43de-8d6f-7bb988375917","sessionHash":"wXwFIkMvUoWzlJ4m","unitCount":44,"newUnitsInPoll":5,"cachedUnitsTotal":44,"unitsBufferSize":243,"weaponsBufferSize":8}
{"ts":"2025-11-19T02:43:35.296Z","level":"info","event":"bfis-binary-fetch","endpoint":"units","mode":"incremental","bytes":243,"lastTime":1763520214451}
{"ts":"2025-11-19T02:43:35.306Z","level":"info","event":"bfis-binary-fetch","endpoint":"weapons","mode":"incremental","bytes":8,"lastTime":1763520214461}
{"ts":"2025-11-19T02:43:35.306Z","level":"warn","event":"bfis-snapshot-empty-data","endpoint":"weapons","bufferSize":8,"message":"Empty or minimal weapons data received"}
{"ts":"2025-11-19T02:43:35.306Z","level":"warn","event":"bfis-unit-decode-unknown-datum-index","datumIndex":191,"unitId":16777473,"recovery":"searching-for-end-of-data-marker"}
{"ts":"2025-11-19T02:43:35.306Z","level":"warn","event":"bfis-unit-decode-unknown-datum-index","datumIndex":80,"unitId":3504936895,"recovery":"searching-for-end-of-data-marker"}
{"ts":"2025-11-19T02:43:35.306Z","level":"warn","event":"bfis-unit-decode-unknown-datum-index","datumIndex":107,"unitId":485562175,"recovery":"searching-for-end-of-data-marker"}
{"ts":"2025-11-19T02:43:35.306Z","level":"warn","event":"bfis-unit-decode-unknown-datum-index","datumIndex":191,"unitId":16777985,"recovery":"searching-for-end-of-data-marker"}
{"ts":"2025-11-19T02:43:35.306Z","level":"warn","event":"bfis-unit-decode-unknown-datum-index","datumIndex":191,"unitId":16778241,"recovery":"searching-for-end-of-data-marker"}
{"ts":"2025-11-19T02:43:35.321Z","level":"warn","event":"bfis-snapshot-empty-data","endpoint":"logs","message":"Empty logs array received"}
{"ts":"2025-11-19T02:43:35.561Z","level":"info","event":"bfis-snapshot-read-ok","snapshotId":"eaada73c-cab3-44ab-9bd7-14e043a6de3a","sessionHash":"wXwFIkMvUoWzlJ4m","unitCount":47,"newUnitsInPoll":8,"cachedUnitsTotal":47,"unitsBufferSize":243,"weaponsBufferSize":8}
{"ts":"2025-11-19T02:43:36.288Z","level":"info","event":"bfis-binary-fetch","endpoint":"units","mode":"incremental","bytes":243,"lastTime":1763520215458}
{"ts":"2025-11-19T02:43:36.299Z","level":"warn","event":"bfis-snapshot-empty-data","endpoint":"weapons","bufferSize":8,"message":"Empty or minimal weapons data received"}
{"ts":"2025-11-19T02:43:36.299Z","level":"warn","event":"bfis-unit-decode-unknown-datum-index","datumIndex":191,"unitId":16777473,"recovery":"searching-for-end-of-data-marker"}
{"ts":"2025-11-19T02:43:36.299Z","level":"warn","event":"bfis-unit-decode-unknown-datum-index","datumIndex":192,"unitId":1061989,"recovery":"searching-for-end-of-data-marker"}
{"ts":"2025-11-19T02:43:36.299Z","level":"info","event":"bfis-binary-fetch","endpoint":"weapons","mode":"incremental","bytes":8,"lastTime":1763520215469}
{"ts":"2025-11-19T02:43:36.299Z","level":"warn","event":"bfis-unit-decode-unknown-datum-index","datumIndex":191,"unitId":16777985,"recovery":"searching-for-end-of-data-marker"}
{"ts":"2025-11-19T02:43:36.299Z","level":"warn","event":"bfis-unit-decode-unknown-datum-index","datumIndex":191,"unitId":16778241,"recovery":"searching-for-end-of-data-marker"}
{"ts":"2025-11-19T02:43:36.316Z","level":"warn","event":"bfis-snapshot-empty-data","endpoint":"logs","message":"Empty logs array received"}
{"ts":"2025-11-19T02:43:36.353Z","level":"info","event":"bfis-snapshot-read-ok","snapshotId":"782c6219-a5ac-42c6-9e78-3f71a3fdb13f","sessionHash":"wXwFIkMvUoWzlJ4m","unitCount":48,"newUnitsInPoll":6,"cachedUnitsTotal":48,"unitsBufferSize":243,"weaponsBufferSize":8}
{"ts":"2025-11-19T02:43:37.292Z","level":"info","event":"bfis-binary-fetch","endpoint":"units","mode":"incremental","bytes":243,"lastTime":1763520216451}
{"ts":"2025-11-19T02:43:37.303Z","level":"warn","event":"bfis-snapshot-empty-data","endpoint":"weapons","bufferSize":8,"message":"Empty or minimal weapons data received"}
{"ts":"2025-11-19T02:43:37.303Z","level":"info","event":"bfis-binary-fetch","endpoint":"weapons","mode":"incremental","bytes":8,"lastTime":1763520216462}
{"ts":"2025-11-19T02:43:37.303Z","level":"warn","event":"bfis-unit-decode-unknown-datum-index","datumIndex":191,"unitId":16777473,"recovery":"searching-for-end-of-data-marker"}
{"ts":"2025-11-19T02:43:37.318Z","level":"warn","event":"bfis-snapshot-empty-data","endpoint":"logs","message":"Empty logs array received"}
{"ts":"2025-11-19T02:43:37.360Z","level":"info","event":"bfis-snapshot-read-ok","snapshotId":"00db7b20-40d7-4a11-b435-00eba87a0796","sessionHash":"wXwFIkMvUoWzlJ4m","unitCount":48,"newUnitsInPoll":2,"cachedUnitsTotal":48,"unitsBufferSize":243,"weaponsBufferSize":8}
{"ts":"2025-11-19T02:43:38.311Z","level":"info","event":"bfis-binary-fetch","endpoint":"units","mode":"incremental","bytes":243,"lastTime":1763520217454}
{"ts":"2025-11-19T02:43:38.324Z","level":"warn","event":"bfis-snapshot-empty-data","endpoint":"weapons","bufferSize":8,"message":"Empty or minimal weapons data received"}
{"ts":"2025-11-19T02:43:38.324Z","level":"info","event":"bfis-binary-fetch","endpoint":"weapons","mode":"incremental","bytes":8,"lastTime":1763520217466}
{"ts":"2025-11-19T02:43:38.324Z","level":"warn","event":"bfis-unit-decode-unknown-datum-index","datumIndex":191,"unitId":16777473,"recovery":"searching-for-end-of-data-marker"}
{"ts":"2025-11-19T02:43:38.324Z","level":"warn","event":"bfis-unit-decode-unknown-datum-index","datumIndex":191,"unitId":16777985,"recovery":"searching-for-end-of-data-marker"}
{"ts":"2025-11-19T02:43:38.344Z","level":"warn","event":"bfis-snapshot-empty-data","endpoint":"logs","message":"Empty logs array received"}
{"ts":"2025-11-19T02:43:38.394Z","level":"info","event":"bfis-snapshot-read-ok","snapshotId":"5cedb2bd-e82e-439e-8625-3081e129eef0","sessionHash":"wXwFIkMvUoWzlJ4m","unitCount":48,"newUnitsInPoll":4,"cachedUnitsTotal":48,"unitsBufferSize":243,"weaponsBufferSize":8}
{"ts":"2025-11-19T02:43:39.296Z","level":"info","event":"bfis-binary-fetch","endpoint":"units","mode":"incremental","bytes":243,"lastTime":1763520218473}
{"ts":"2025-11-19T02:43:39.305Z","level":"warn","event":"bfis-snapshot-empty-data","endpoint":"weapons","bufferSize":8,"message":"Empty or minimal weapons data received"}
{"ts":"2025-11-19T02:43:39.305Z","level":"info","event":"bfis-binary-fetch","endpoint":"weapons","mode":"incremental","bytes":8,"lastTime":1763520218485}
{"ts":"2025-11-19T02:43:39.305Z","level":"warn","event":"bfis-unit-decode-unknown-datum-index","datumIndex":191,"unitId":16777473,"recovery":"searching-for-end-of-data-marker"}
{"ts":"2025-11-19T02:43:39.306Z","level":"warn","event":"bfis-unit-decode-unknown-datum-index","datumIndex":191,"unitId":16777985,"recovery":"searching-for-end-of-data-marker"}
{"ts":"2025-11-19T02:43:39.306Z","level":"warn","event":"bfis-unit-decode-field-error","datumIndex":63,"unitId":16778241,"error":"Offset is outside the bounds of the DataView","errorType":"RangeError"}
{"ts":"2025-11-19T02:43:39.315Z","level":"warn","event":"bfis-snapshot-empty-data","endpoint":"logs","message":"Empty logs array received"}
{"ts":"2025-11-19T02:43:39.351Z","level":"info","event":"bfis-snapshot-read-ok","snapshotId":"73a7845f-9e8a-4c02-8a75-cc578720c441","sessionHash":"wXwFIkMvUoWzlJ4m","unitCount":48,"newUnitsInPoll":5,"cachedUnitsTotal":48,"unitsBufferSize":243,"weaponsBufferSize":8}
{"ts":"2025-11-19T02:43:40.303Z","level":"info","event":"bfis-binary-fetch","endpoint":"units","mode":"incremental","bytes":243,"lastTime":1763520219459}
{"ts":"2025-11-19T02:43:40.313Z","level":"warn","event":"bfis-snapshot-empty-data","endpoint":"weapons","bufferSize":8,"message":"Empty or minimal weapons data received"}
{"ts":"2025-11-19T02:43:40.313Z","level":"info","event":"bfis-binary-fetch","endpoint":"weapons","mode":"incremental","bytes":8,"lastTime":1763520219469}
{"ts":"2025-11-19T02:43:40.314Z","level":"warn","event":"bfis-unit-decode-unknown-datum-index","datumIndex":191,"unitId":16777473,"recovery":"searching-for-end-of-data-marker"}
{"ts":"2025-11-19T02:43:40.314Z","level":"warn","event":"bfis-unit-decode-unknown-datum-index","datumIndex":191,"unitId":16777985,"recovery":"searching-for-end-of-data-marker"}
{"ts":"2025-11-19T02:43:40.314Z","level":"warn","event":"bfis-unit-decode-field-error","datumIndex":63,"unitId":16778241,"error":"Offset is outside the bounds of the DataView","errorType":"RangeError"}
{"ts":"2025-11-19T02:43:40.323Z","level":"warn","event":"bfis-snapshot-empty-data","endpoint":"logs","message":"Empty logs array received"}
{"ts":"2025-11-19T02:43:40.365Z","level":"info","event":"bfis-snapshot-read-ok","snapshotId":"532a3582-763e-4e50-91ca-a3d98309ad0e","sessionHash":"wXwFIkMvUoWzlJ4m","unitCount":48,"newUnitsInPoll":5,"cachedUnitsTotal":48,"unitsBufferSize":243,"weaponsBufferSize":8}
{"ts":"2025-11-19T02:43:41.297Z","level":"info","event":"bfis-binary-fetch","endpoint":"units","mode":"incremental","bytes":243,"lastTime":1763520220464}
{"ts":"2025-11-19T02:43:41.308Z","level":"warn","event":"bfis-snapshot-empty-data","endpoint":"weapons","bufferSize":8,"message":"Empty or minimal weapons data received"}
{"ts":"2025-11-19T02:43:41.308Z","level":"info","event":"bfis-binary-fetch","endpoint":"weapons","mode":"incremental","bytes":8,"lastTime":1763520220476}
{"ts":"2025-11-19T02:43:41.308Z","level":"warn","event":"bfis-unit-decode-unknown-datum-index","datumIndex":191,"unitId":16777473,"recovery":"searching-for-end-of-data-marker"}
{"ts":"2025-11-19T02:43:41.308Z","level":"warn","event":"bfis-unit-decode-unknown-datum-index","datumIndex":191,"unitId":16777985,"recovery":"searching-for-end-of-data-marker"}
{"ts":"2025-11-19T02:43:41.308Z","level":"warn","event":"bfis-unit-decode-field-error","datumIndex":63,"unitId":16778241,"error":"Offset is outside the bounds of the DataView","errorType":"RangeError"}
{"ts":"2025-11-19T02:43:41.319Z","level":"warn","event":"bfis-snapshot-empty-data","endpoint":"logs","message":"Empty logs array received"}
{"ts":"2025-11-19T02:43:41.363Z","level":"info","event":"bfis-snapshot-read-ok","snapshotId":"ed92cd64-6e1e-473f-9928-bb3bfc9206c5","sessionHash":"wXwFIkMvUoWzlJ4m","unitCount":48,"newUnitsInPoll":5,"cachedUnitsTotal":48,"unitsBufferSize":243,"weaponsBufferSize":8}
{"ts":"2025-11-19T02:43:42.290Z","level":"info","event":"bfis-binary-fetch","endpoint":"units","mode":"incremental","bytes":243,"lastTime":1763520221461}
{"ts":"2025-11-19T02:43:42.300Z","level":"warn","event":"bfis-snapshot-empty-data","endpoint":"weapons","bufferSize":8,"message":"Empty or minimal weapons data received"}
{"ts":"2025-11-19T02:43:42.300Z","level":"info","event":"bfis-binary-fetch","endpoint":"weapons","mode":"incremental","bytes":8,"lastTime":1763520221471}
{"ts":"2025-11-19T02:43:42.300Z","level":"warn","event":"bfis-unit-decode-unknown-datum-index","datumIndex":191,"unitId":16777473,"recovery":"searching-for-end-of-data-marker"}
{"ts":"2025-11-19T02:43:42.300Z","level":"warn","event":"bfis-unit-decode-unknown-datum-index","datumIndex":191,"unitId":16777985,"recovery":"searching-for-end-of-data-marker"}
{"ts":"2025-11-19T02:43:42.301Z","level":"warn","event":"bfis-unit-decode-field-error","datumIndex":63,"unitId":16778241,"error":"Offset is outside the bounds of the DataView","errorType":"RangeError"}
{"ts":"2025-11-19T02:43:42.311Z","level":"warn","event":"bfis-snapshot-empty-data","endpoint":"logs","message":"Empty logs array received"}
{"ts":"2025-11-19T02:43:42.353Z","level":"info","event":"bfis-snapshot-read-ok","snapshotId":"b74b8362-0425-4ecf-a8cc-23a0d84f6585","sessionHash":"wXwFIkMvUoWzlJ4m","unitCount":48,"newUnitsInPoll":5,"cachedUnitsTotal":48,"unitsBufferSize":243,"weaponsBufferSize":8}
{"ts":"2025-11-19T02:43:43.296Z","level":"info","event":"bfis-binary-fetch","endpoint":"units","mode":"incremental","bytes":243,"lastTime":1763520222452}
{"ts":"2025-11-19T02:43:43.305Z","level":"warn","event":"bfis-snapshot-empty-data","endpoint":"weapons","bufferSize":8,"message":"Empty or minimal weapons data received"}
{"ts":"2025-11-19T02:43:43.305Z","level":"info","event":"bfis-binary-fetch","endpoint":"weapons","mode":"incremental","bytes":8,"lastTime":1763520222463}
{"ts":"2025-11-19T02:43:43.305Z","level":"warn","event":"bfis-unit-decode-unknown-datum-index","datumIndex":191,"unitId":16777473,"recovery":"searching-for-end-of-data-marker"}
{"ts":"2025-11-19T02:43:43.306Z","level":"warn","event":"bfis-unit-decode-field-error","datumIndex":63,"unitId":16778241,"error":"Offset is outside the bounds of the DataView","errorType":"RangeError"}
{"ts":"2025-11-19T02:43:43.305Z","level":"warn","event":"bfis-unit-decode-unknown-datum-index","datumIndex":191,"unitId":16777985,"recovery":"searching-for-end-of-data-marker"}
{"ts":"2025-11-19T02:43:43.313Z","level":"warn","event":"bfis-snapshot-empty-data","endpoint":"logs","message":"Empty logs array received"}
{"ts":"2025-11-19T02:43:43.344Z","level":"info","event":"bfis-snapshot-read-ok","snapshotId":"dd55a21c-3f69-413c-b6d4-589203023d15","sessionHash":"wXwFIkMvUoWzlJ4m","unitCount":48,"newUnitsInPoll":5,"cachedUnitsTotal":48,"unitsBufferSize":243,"weaponsBufferSize":8}
{"ts":"2025-11-19T02:43:44.295Z","level":"info","event":"bfis-binary-fetch","endpoint":"units","mode":"incremental","bytes":243,"lastTime":1763520223460}
{"ts":"2025-11-19T02:43:44.306Z","level":"info","event":"bfis-binary-fetch","endpoint":"weapons","mode":"incremental","bytes":8,"lastTime":1763520223469}
{"ts":"2025-11-19T02:43:44.306Z","level":"warn","event":"bfis-snapshot-empty-data","endpoint":"weapons","bufferSize":8,"message":"Empty or minimal weapons data received"}
{"ts":"2025-11-19T02:43:44.306Z","level":"warn","event":"bfis-unit-decode-unknown-datum-index","datumIndex":192,"unitId":16777473,"recovery":"searching-for-end-of-data-marker"}
{"ts":"2025-11-19T02:43:44.306Z","level":"warn","event":"bfis-unit-decode-unknown-datum-index","datumIndex":191,"unitId":16777985,"recovery":"searching-for-end-of-data-marker"}
{"ts":"2025-11-19T02:43:44.307Z","level":"warn","event":"bfis-unit-decode-field-error","datumIndex":63,"unitId":16778241,"error":"Offset is outside the bounds of the DataView","errorType":"RangeError"}
{"ts":"2025-11-19T02:43:44.316Z","level":"warn","event":"bfis-snapshot-empty-data","endpoint":"logs","message":"Empty logs array received"}
{"ts":"2025-11-19T02:43:44.348Z","level":"info","event":"bfis-snapshot-read-ok","snapshotId":"81a96305-1ec4-4438-92d3-4186658de805","sessionHash":"wXwFIkMvUoWzlJ4m","unitCount":48,"newUnitsInPoll":5,"cachedUnitsTotal":48,"unitsBufferSize":243,"weaponsBufferSize":8}
{"ts":"2025-11-19T02:43:45.297Z","level":"info","event":"bfis-binary-fetch","endpoint":"units","mode":"incremental","bytes":243,"lastTime":1763520224458}
{"ts":"2025-11-19T02:43:45.310Z","level":"warn","event":"bfis-snapshot-empty-data","endpoint":"weapons","bufferSize":8,"message":"Empty or minimal weapons data received"}
{"ts":"2025-11-19T02:43:45.310Z","level":"info","event":"bfis-binary-fetch","endpoint":"weapons","mode":"incremental","bytes":8,"lastTime":1763520224470}
{"ts":"2025-11-19T02:43:45.310Z","level":"warn","event":"bfis-unit-decode-unknown-datum-index","datumIndex":192,"unitId":16777473,"recovery":"searching-for-end-of-data-marker"}
{"ts":"2025-11-19T02:43:45.310Z","level":"warn","event":"bfis-unit-decode-unknown-datum-index","datumIndex":191,"unitId":16777985,"recovery":"searching-for-end-of-data-marker"}
{"ts":"2025-11-19T02:43:45.310Z","level":"warn","event":"bfis-unit-decode-unknown-datum-index","datumIndex":191,"unitId":16778241,"recovery":"searching-for-end-of-data-marker"}
{"ts":"2025-11-19T02:43:45.323Z","level":"warn","event":"bfis-snapshot-empty-data","endpoint":"logs","message":"Empty logs array received"}
{"ts":"2025-11-19T02:43:45.360Z","level":"info","event":"bfis-snapshot-read-ok","snapshotId":"f2e94fac-3a1e-46e9-b357-96ad2d4e7c53","sessionHash":"wXwFIkMvUoWzlJ4m","unitCount":48,"newUnitsInPoll":5,"cachedUnitsTotal":48,"unitsBufferSize":243,"weaponsBufferSize":8}
{"ts":"2025-11-19T02:43:46.299Z","level":"info","event":"bfis-binary-fetch","endpoint":"units","mode":"incremental","bytes":243,"lastTime":1763520225460}
{"ts":"2025-11-19T02:43:46.311Z","level":"warn","event":"bfis-snapshot-empty-data","endpoint":"weapons","bufferSize":8,"message":"Empty or minimal weapons data received"}
{"ts":"2025-11-19T02:43:46.311Z","level":"info","event":"bfis-binary-fetch","endpoint":"weapons","mode":"incremental","bytes":8,"lastTime":1763520225471}
{"ts":"2025-11-19T02:43:46.311Z","level":"warn","event":"bfis-unit-decode-unknown-datum-index","datumIndex":192,"unitId":16777473,"recovery":"searching-for-end-of-data-marker"}
{"ts":"2025-11-19T02:43:46.311Z","level":"warn","event":"bfis-unit-decode-unknown-datum-index","datumIndex":89,"unitId":16777985,"recovery":"searching-for-end-of-data-marker"}
{"ts":"2025-11-19T02:43:46.324Z","level":"warn","event":"bfis-snapshot-empty-data","endpoint":"logs","message":"Empty logs array received"}
{"ts":"2025-11-19T02:43:46.364Z","level":"info","event":"bfis-snapshot-read-ok","snapshotId":"2b3b68d1-a99c-4f7e-ae4e-01967b8cf774","sessionHash":"wXwFIkMvUoWzlJ4m","unitCount":48,"newUnitsInPoll":4,"cachedUnitsTotal":48,"unitsBufferSize":243,"weaponsBufferSize":8}
{"ts":"2025-11-19T02:43:47.305Z","level":"info","event":"bfis-binary-fetch","endpoint":"units","mode":"incremental","bytes":243,"lastTime":1763520226461}
{"ts":"2025-11-19T02:43:47.315Z","level":"info","event":"bfis-binary-fetch","endpoint":"weapons","mode":"incremental","bytes":8,"lastTime":1763520226474}
{"ts":"2025-11-19T02:43:47.315Z","level":"warn","event":"bfis-snapshot-empty-data","endpoint":"weapons","bufferSize":8,"message":"Empty or minimal weapons data received"}
{"ts":"2025-11-19T02:43:47.315Z","level":"warn","event":"bfis-unit-decode-unknown-datum-index","datumIndex":192,"unitId":16777473,"recovery":"searching-for-end-of-data-marker"}
{"ts":"2025-11-19T02:43:47.315Z","level":"warn","event":"bfis-unit-decode-unknown-datum-index","datumIndex":248,"unitId":16777985,"recovery":"searching-for-end-of-data-marker"}
{"ts":"2025-11-19T02:43:47.328Z","level":"warn","event":"bfis-snapshot-empty-data","endpoint":"logs","message":"Empty logs array received"}
{"ts":"2025-11-19T02:43:47.374Z","level":"info","event":"bfis-snapshot-read-ok","snapshotId":"1afbbc85-1db8-45ef-9cf5-6942b3d8c31b","sessionHash":"wXwFIkMvUoWzlJ4m","unitCount":48,"newUnitsInPoll":4,"cachedUnitsTotal":48,"unitsBufferSize":243,"weaponsBufferSize":8}
{"ts":"2025-11-19T02:43:48.300Z","level":"info","event":"bfis-binary-fetch","endpoint":"units","mode":"incremental","bytes":243,"lastTime":1763520227466}
{"ts":"2025-11-19T02:43:48.313Z","level":"warn","event":"bfis-snapshot-empty-data","endpoint":"weapons","bufferSize":8,"message":"Empty or minimal weapons data received"}
{"ts":"2025-11-19T02:43:48.313Z","level":"info","event":"bfis-binary-fetch","endpoint":"weapons","mode":"incremental","bytes":8,"lastTime":1763520227478}
{"ts":"2025-11-19T02:43:48.313Z","level":"warn","event":"bfis-unit-decode-unknown-datum-index","datumIndex":192,"unitId":16777473,"recovery":"searching-for-end-of-data-marker"}
{"ts":"2025-11-19T02:43:48.314Z","level":"warn","event":"bfis-unit-decode-unknown-datum-index","datumIndex":148,"unitId":16777985,"recovery":"searching-for-end-of-data-marker"}
{"ts":"2025-11-19T02:43:48.326Z","level":"warn","event":"bfis-snapshot-empty-data","endpoint":"logs","message":"Empty logs array received"}
{"ts":"2025-11-19T02:43:48.387Z","level":"info","event":"bfis-snapshot-read-ok","snapshotId":"2f8d5fdb-a8d6-4698-8b43-7a39b69683a6","sessionHash":"wXwFIkMvUoWzlJ4m","unitCount":48,"newUnitsInPoll":4,"cachedUnitsTotal":48,"unitsBufferSize":243,"weaponsBufferSize":8}
{"ts":"2025-11-19T02:43:49.299Z","level":"info","event":"bfis-binary-fetch","endpoint":"units","mode":"incremental","bytes":243,"lastTime":1763520228464}
{"ts":"2025-11-19T02:43:49.312Z","level":"warn","event":"bfis-snapshot-empty-data","endpoint":"weapons","bufferSize":8,"message":"Empty or minimal weapons data received"}
{"ts":"2025-11-19T02:43:49.312Z","level":"info","event":"bfis-binary-fetch","endpoint":"weapons","mode":"incremental","bytes":8,"lastTime":1763520228476}
{"ts":"2025-11-19T02:43:49.312Z","level":"warn","event":"bfis-unit-decode-unknown-datum-index","datumIndex":192,"unitId":16777473,"recovery":"searching-for-end-of-data-marker"}
{"ts":"2025-11-19T02:43:49.312Z","level":"warn","event":"bfis-unit-decode-unknown-datum-index","datumIndex":254,"unitId":16777985,"recovery":"searching-for-end-of-data-marker"}
{"ts":"2025-11-19T02:43:49.324Z","level":"warn","event":"bfis-snapshot-empty-data","endpoint":"logs","message":"Empty logs array received"}
{"ts":"2025-11-19T02:43:49.363Z","level":"info","event":"bfis-snapshot-read-ok","snapshotId":"e1c8cec0-080e-4ffa-9f66-b90883388dfa","sessionHash":"wXwFIkMvUoWzlJ4m","unitCount":48,"newUnitsInPoll":4,"cachedUnitsTotal":48,"unitsBufferSize":243,"weaponsBufferSize":8}
{"ts":"2025-11-19T02:43:50.298Z","level":"info","event":"bfis-binary-fetch","endpoint":"units","mode":"incremental","bytes":243,"lastTime":1763520229463}
{"ts":"2025-11-19T02:43:50.308Z","level":"warn","event":"bfis-snapshot-empty-data","endpoint":"weapons","bufferSize":8,"message":"Empty or minimal weapons data received"}
{"ts":"2025-11-19T02:43:50.308Z","level":"info","event":"bfis-binary-fetch","endpoint":"weapons","mode":"incremental","bytes":8,"lastTime":1763520229473}
{"ts":"2025-11-19T02:43:50.308Z","level":"warn","event":"bfis-unit-decode-unknown-datum-index","datumIndex":192,"unitId":16777473,"recovery":"searching-for-end-of-data-marker"}
{"ts":"2025-11-19T02:43:50.308Z","level":"warn","event":"bfis-unit-decode-unknown-datum-index","datumIndex":76,"unitId":16777985,"recovery":"searching-for-end-of-data-marker"}
{"ts":"2025-11-19T02:43:50.309Z","level":"warn","event":"bfis-unit-decode-unknown-datum-index","datumIndex":191,"unitId":1175863249,"recovery":"searching-for-end-of-data-marker"}
{"ts":"2025-11-19T02:43:50.319Z","level":"warn","event":"bfis-snapshot-empty-data","endpoint":"logs","message":"Empty logs array received"}
{"ts":"2025-11-19T02:43:50.355Z","level":"info","event":"bfis-snapshot-read-ok","snapshotId":"1f2e0c76-3b1b-45ab-bff0-f8c16858b9ab","sessionHash":"wXwFIkMvUoWzlJ4m","unitCount":49,"newUnitsInPoll":5,"cachedUnitsTotal":49,"unitsBufferSize":243,"weaponsBufferSize":8}
{"ts":"2025-11-19T02:43:51.311Z","level":"info","event":"bfis-binary-fetch","endpoint":"units","mode":"incremental","bytes":243,"lastTime":1763520230462}
{"ts":"2025-11-19T02:43:51.327Z","level":"warn","event":"bfis-snapshot-empty-data","endpoint":"weapons","bufferSize":8,"message":"Empty or minimal weapons data received"}
{"ts":"2025-11-19T02:43:51.328Z","level":"info","event":"bfis-binary-fetch","endpoint":"weapons","mode":"incremental","bytes":8,"lastTime":1763520230472}
{"ts":"2025-11-19T02:43:51.328Z","level":"warn","event":"bfis-unit-decode-unknown-datum-index","datumIndex":192,"unitId":16777473,"recovery":"searching-for-end-of-data-marker"}
{"ts":"2025-11-19T02:43:51.328Z","level":"warn","event":"bfis-unit-decode-unknown-datum-index","datumIndex":99,"unitId":16777985,"recovery":"searching-for-end-of-data-marker"}
{"ts":"2025-11-19T02:43:51.339Z","level":"warn","event":"bfis-snapshot-empty-data","endpoint":"logs","message":"Empty logs array received"}
{"ts":"2025-11-19T02:43:51.388Z","level":"info","event":"bfis-snapshot-read-ok","snapshotId":"945990dd-c11e-46fb-9c41-9080a24a405d","sessionHash":"wXwFIkMvUoWzlJ4m","unitCount":49,"newUnitsInPoll":4,"cachedUnitsTotal":49,"unitsBufferSize":243,"weaponsBufferSize":8}
{"ts":"2025-11-19T02:43:52.300Z","level":"info","event":"bfis-binary-fetch","endpoint":"units","mode":"incremental","bytes":243,"lastTime":1763520231472}
{"ts":"2025-11-19T02:43:52.310Z","level":"warn","event":"bfis-snapshot-empty-data","endpoint":"weapons","bufferSize":8,"message":"Empty or minimal weapons data received"}
{"ts":"2025-11-19T02:43:52.310Z","level":"info","event":"bfis-binary-fetch","endpoint":"weapons","mode":"incremental","bytes":8,"lastTime":1763520231490}
{"ts":"2025-11-19T02:43:52.310Z","level":"warn","event":"bfis-unit-decode-unknown-datum-index","datumIndex":192,"unitId":16777473,"recovery":"searching-for-end-of-data-marker"}
{"ts":"2025-11-19T02:43:52.310Z","level":"warn","event":"bfis-unit-decode-unknown-datum-index","datumIndex":111,"unitId":16777985,"recovery":"searching-for-end-of-data-marker"}
{"ts":"2025-11-19T02:43:52.320Z","level":"warn","event":"bfis-snapshot-empty-data","endpoint":"logs","message":"Empty logs array received"}
{"ts":"2025-11-19T02:43:52.366Z","level":"info","event":"bfis-snapshot-read-ok","snapshotId":"901f6fd7-b908-49fe-8ce7-76b964fee837","sessionHash":"wXwFIkMvUoWzlJ4m","unitCount":49,"newUnitsInPoll":4,"cachedUnitsTotal":49,"unitsBufferSize":243,"weaponsBufferSize":8}
{"ts":"2025-11-19T02:43:53.306Z","level":"info","event":"bfis-binary-fetch","endpoint":"units","mode":"incremental","bytes":243,"lastTime":1763520232463}
{"ts":"2025-11-19T02:43:53.316Z","level":"warn","event":"bfis-snapshot-empty-data","endpoint":"weapons","bufferSize":8,"message":"Empty or minimal weapons data received"}
{"ts":"2025-11-19T02:43:53.316Z","level":"info","event":"bfis-binary-fetch","endpoint":"weapons","mode":"incremental","bytes":8,"lastTime":1763520232473}
{"ts":"2025-11-19T02:43:53.316Z","level":"warn","event":"bfis-unit-decode-unknown-datum-index","datumIndex":192,"unitId":16777473,"recovery":"searching-for-end-of-data-marker"}
{"ts":"2025-11-19T02:43:53.317Z","level":"warn","event":"bfis-unit-decode-unknown-datum-index","datumIndex":217,"unitId":16777985,"recovery":"searching-for-end-of-data-marker"}
{"ts":"2025-11-19T02:43:53.339Z","level":"warn","event":"bfis-snapshot-empty-data","endpoint":"logs","message":"Empty logs array received"}
{"ts":"2025-11-19T02:43:53.376Z","level":"info","event":"bfis-snapshot-read-ok","snapshotId":"4267ce66-940b-4c0d-9075-b0d5988d6cb3","sessionHash":"wXwFIkMvUoWzlJ4m","unitCount":49,"newUnitsInPoll":4,"cachedUnitsTotal":49,"unitsBufferSize":243,"weaponsBufferSize":8}
{"ts":"2025-11-19T02:43:54.310Z","level":"info","event":"bfis-binary-fetch","endpoint":"units","mode":"incremental","bytes":243,"lastTime":1763520233470}
{"ts":"2025-11-19T02:43:54.321Z","level":"warn","event":"bfis-snapshot-empty-data","endpoint":"weapons","bufferSize":8,"message":"Empty or minimal weapons data received"}
{"ts":"2025-11-19T02:43:54.321Z","level":"info","event":"bfis-binary-fetch","endpoint":"weapons","mode":"incremental","bytes":8,"lastTime":1763520233480}
{"ts":"2025-11-19T02:43:54.321Z","level":"warn","event":"bfis-unit-decode-unknown-datum-index","datumIndex":192,"unitId":16777473,"recovery":"searching-for-end-of-data-marker"}
{"ts":"2025-11-19T02:43:54.331Z","level":"warn","event":"bfis-snapshot-empty-data","endpoint":"logs","message":"Empty logs array received"}
{"ts":"2025-11-19T02:43:54.384Z","level":"info","event":"bfis-snapshot-read-ok","snapshotId":"7ed6083d-9dd8-46bb-b77d-7cf13cd73eea","sessionHash":"wXwFIkMvUoWzlJ4m","unitCount":49,"newUnitsInPoll":3,"cachedUnitsTotal":49,"unitsBufferSize":243,"weaponsBufferSize":8}
{"ts":"2025-11-19T02:43:55.308Z","level":"info","event":"bfis-binary-fetch","endpoint":"units","mode":"incremental","bytes":243,"lastTime":1763520234470}
{"ts":"2025-11-19T02:43:55.317Z","level":"warn","event":"bfis-snapshot-empty-data","endpoint":"weapons","bufferSize":8,"message":"Empty or minimal weapons data received"}
{"ts":"2025-11-19T02:43:55.317Z","level":"info","event":"bfis-binary-fetch","endpoint":"weapons","mode":"incremental","bytes":8,"lastTime":1763520234483}
{"ts":"2025-11-19T02:43:55.317Z","level":"warn","event":"bfis-unit-decode-unknown-datum-index","datumIndex":192,"unitId":16777473,"recovery":"searching-for-end-of-data-marker"}
{"ts":"2025-11-19T02:43:55.317Z","level":"warn","event":"bfis-unit-decode-unknown-datum-index","datumIndex":77,"unitId":16777985,"recovery":"searching-for-end-of-data-marker"}
{"ts":"2025-11-19T02:43:55.327Z","level":"warn","event":"bfis-snapshot-empty-data","endpoint":"logs","message":"Empty logs array received"}
{"ts":"2025-11-19T02:43:55.371Z","level":"info","event":"bfis-snapshot-read-ok","snapshotId":"a54a49c6-7a43-47dd-99d5-7d059377efe6","sessionHash":"wXwFIkMvUoWzlJ4m","unitCount":50,"newUnitsInPoll":5,"cachedUnitsTotal":50,"unitsBufferSize":243,"weaponsBufferSize":8}
{"ts":"2025-11-19T02:43:56.304Z","level":"info","event":"bfis-binary-fetch","endpoint":"units","mode":"incremental","bytes":243,"lastTime":1763520235472}
{"ts":"2025-11-19T02:43:56.317Z","level":"info","event":"bfis-binary-fetch","endpoint":"weapons","mode":"incremental","bytes":8,"lastTime":1763520235481}
{"ts":"2025-11-19T02:43:56.317Z","level":"warn","event":"bfis-snapshot-empty-data","endpoint":"weapons","bufferSize":8,"message":"Empty or minimal weapons data received"}
{"ts":"2025-11-19T02:43:56.317Z","level":"warn","event":"bfis-unit-decode-unknown-datum-index","datumIndex":192,"unitId":16777473,"recovery":"searching-for-end-of-data-marker"}
{"ts":"2025-11-19T02:43:56.317Z","level":"warn","event":"bfis-unit-decode-unknown-datum-index","datumIndex":199,"unitId":16777985,"recovery":"searching-for-end-of-data-marker"}
{"ts":"2025-11-19T02:43:56.317Z","level":"warn","event":"bfis-unit-decode-field-error","datumIndex":63,"unitId":1260265115,"error":"Offset is outside the bounds of the DataView","errorType":"RangeError"}
{"ts":"2025-11-19T02:43:56.328Z","level":"warn","event":"bfis-snapshot-empty-data","endpoint":"logs","message":"Empty logs array received"}
{"ts":"2025-11-19T02:43:56.370Z","level":"info","event":"bfis-snapshot-read-ok","snapshotId":"b243f587-23d3-4df6-8106-7c078d63ab9a","sessionHash":"wXwFIkMvUoWzlJ4m","unitCount":51,"newUnitsInPoll":5,"cachedUnitsTotal":51,"unitsBufferSize":243,"weaponsBufferSize":8}
{"ts":"2025-11-19T02:43:57.341Z","level":"info","event":"bfis-binary-fetch","endpoint":"units","mode":"incremental","bytes":243,"lastTime":1763520236468}
{"ts":"2025-11-19T02:43:57.351Z","level":"warn","event":"bfis-snapshot-empty-data","endpoint":"weapons","bufferSize":8,"message":"Empty or minimal weapons data received"}
{"ts":"2025-11-19T02:43:57.351Z","level":"info","event":"bfis-binary-fetch","endpoint":"weapons","mode":"incremental","bytes":8,"lastTime":1763520236479}
{"ts":"2025-11-19T02:43:57.351Z","level":"warn","event":"bfis-unit-decode-unknown-datum-index","datumIndex":192,"unitId":16777473,"recovery":"searching-for-end-of-data-marker"}
{"ts":"2025-11-19T02:43:57.361Z","level":"warn","event":"bfis-snapshot-empty-data","endpoint":"logs","message":"Empty logs array received"}
{"ts":"2025-11-19T02:43:57.441Z","level":"info","event":"bfis-snapshot-read-ok","snapshotId":"40ba91de-620a-4639-a26b-2f73bff8620f","sessionHash":"wXwFIkMvUoWzlJ4m","unitCount":51,"newUnitsInPoll":3,"cachedUnitsTotal":51,"unitsBufferSize":243,"weaponsBufferSize":8}
{"ts":"2025-11-19T02:43:58.341Z","level":"info","event":"bfis-binary-fetch","endpoint":"units","mode":"incremental","bytes":243,"lastTime":1763520237505}
{"ts":"2025-11-19T02:43:58.356Z","level":"warn","event":"bfis-snapshot-empty-data","endpoint":"weapons","bufferSize":8,"message":"Empty or minimal weapons data received"}
{"ts":"2025-11-19T02:43:58.356Z","level":"info","event":"bfis-binary-fetch","endpoint":"weapons","mode":"incremental","bytes":8,"lastTime":1763520237514}
{"ts":"2025-11-19T02:43:58.373Z","level":"warn","event":"bfis-snapshot-empty-data","endpoint":"logs","message":"Empty logs array received"}
{"ts":"2025-11-19T02:43:58.448Z","level":"info","event":"bfis-snapshot-read-ok","snapshotId":"8682ed32-76a2-4680-bfcc-8d90faa7c93e","sessionHash":"wXwFIkMvUoWzlJ4m","unitCount":51,"newUnitsInPoll":1,"cachedUnitsTotal":51,"unitsBufferSize":243,"weaponsBufferSize":8}
{"ts":"2025-11-19T02:43:59.311Z","level":"info","event":"bfis-binary-fetch","endpoint":"units","mode":"incremental","bytes":243,"lastTime":1763520238478}
{"ts":"2025-11-19T02:43:59.327Z","level":"warn","event":"bfis-snapshot-empty-data","endpoint":"weapons","bufferSize":8,"message":"Empty or minimal weapons data received"}
{"ts":"2025-11-19T02:43:59.327Z","level":"info","event":"bfis-binary-fetch","endpoint":"weapons","mode":"incremental","bytes":8,"lastTime":1763520238517}
{"ts":"2025-11-19T02:43:59.362Z","level":"warn","event":"bfis-snapshot-empty-data","endpoint":"logs","message":"Empty logs array received"}
{"ts":"2025-11-19T02:43:59.428Z","level":"info","event":"bfis-snapshot-read-ok","snapshotId":"2d4e1b62-488a-46de-b004-53c048821ead","sessionHash":"wXwFIkMvUoWzlJ4m","unitCount":51,"newUnitsInPoll":1,"cachedUnitsTotal":51,"unitsBufferSize":243,"weaponsBufferSize":8}
{"ts":"2025-11-19T02:44:00.333Z","level":"info","event":"bfis-binary-fetch","endpoint":"units","mode":"incremental","bytes":243,"lastTime":1763520239473}
{"ts":"2025-11-19T02:44:00.348Z","level":"warn","event":"bfis-snapshot-empty-data","endpoint":"weapons","bufferSize":8,"message":"Empty or minimal weapons data received"}
{"ts":"2025-11-19T02:44:00.348Z","level":"info","event":"bfis-binary-fetch","endpoint":"weapons","mode":"incremental","bytes":8,"lastTime":1763520239485}
{"ts":"2025-11-19T02:44:00.364Z","level":"warn","event":"bfis-snapshot-empty-data","endpoint":"logs","message":"Empty logs array received"}
{"ts":"2025-11-19T02:44:00.473Z","level":"info","event":"bfis-snapshot-read-ok","snapshotId":"c5cc9db8-a8ec-4cbf-b068-720fbafd20dd","sessionHash":"wXwFIkMvUoWzlJ4m","unitCount":51,"newUnitsInPoll":1,"cachedUnitsTotal":51,"unitsBufferSize":243,"weaponsBufferSize":8}
{"ts":"2025-11-19T02:44:01.326Z","level":"info","event":"bfis-binary-fetch","endpoint":"units","mode":"incremental","bytes":243,"lastTime":1763520240497}
{"ts":"2025-11-19T02:44:01.345Z","level":"warn","event":"bfis-snapshot-empty-data","endpoint":"weapons","bufferSize":8,"message":"Empty or minimal weapons data received"}
{"ts":"2025-11-19T02:44:01.345Z","level":"info","event":"bfis-binary-fetch","endpoint":"weapons","mode":"incremental","bytes":8,"lastTime":1763520240507}
{"ts":"2025-11-19T02:44:01.356Z","level":"warn","event":"bfis-snapshot-empty-data","endpoint":"logs","message":"Empty logs array received"}
{"ts":"2025-11-19T02:44:01.419Z","level":"info","event":"bfis-snapshot-read-ok","snapshotId":"ca9f31fe-dee6-462d-80e9-df440e72386b","sessionHash":"wXwFIkMvUoWzlJ4m","unitCount":51,"newUnitsInPoll":1,"cachedUnitsTotal":51,"unitsBufferSize":243,"weaponsBufferSize":8}
{"ts":"2025-11-19T02:44:02.312Z","level":"info","event":"bfis-binary-fetch","endpoint":"units","mode":"incremental","bytes":243,"lastTime":1763520241485}
{"ts":"2025-11-19T02:44:02.329Z","level":"warn","event":"bfis-snapshot-empty-data","endpoint":"weapons","bufferSize":8,"message":"Empty or minimal weapons data received"}
{"ts":"2025-11-19T02:44:02.330Z","level":"info","event":"bfis-binary-fetch","endpoint":"weapons","mode":"incremental","bytes":8,"lastTime":1763520241508}
{"ts":"2025-11-19T02:44:02.350Z","level":"warn","event":"bfis-snapshot-empty-data","endpoint":"logs","message":"Empty logs array received"}
{"ts":"2025-11-19T02:44:02.407Z","level":"info","event":"bfis-snapshot-read-ok","snapshotId":"3a9ef1ea-66e3-4440-8f5b-55baad72133d","sessionHash":"wXwFIkMvUoWzlJ4m","unitCount":51,"newUnitsInPoll":1,"cachedUnitsTotal":51,"unitsBufferSize":243,"weaponsBufferSize":8}
{"ts":"2025-11-19T02:44:03.326Z","level":"info","event":"bfis-binary-fetch","endpoint":"units","mode":"incremental","bytes":243,"lastTime":1763520242476}
{"ts":"2025-11-19T02:44:03.340Z","level":"info","event":"bfis-binary-fetch","endpoint":"weapons","mode":"incremental","bytes":8,"lastTime":1763520242485}
{"ts":"2025-11-19T02:44:03.340Z","level":"warn","event":"bfis-snapshot-empty-data","endpoint":"weapons","bufferSize":8,"message":"Empty or minimal weapons data received"}
{"ts":"2025-11-19T02:44:03.358Z","level":"warn","event":"bfis-snapshot-empty-data","endpoint":"logs","message":"Empty logs array received"}
{"ts":"2025-11-19T02:44:03.405Z","level":"info","event":"bfis-snapshot-read-ok","snapshotId":"57dd80d9-59e2-43b6-8278-03d9c6ace657","sessionHash":"wXwFIkMvUoWzlJ4m","unitCount":51,"newUnitsInPoll":1,"cachedUnitsTotal":51,"unitsBufferSize":243,"weaponsBufferSize":8}
{"ts":"2025-11-19T02:44:04.315Z","level":"info","event":"bfis-binary-fetch","endpoint":"units","mode":"incremental","bytes":243,"lastTime":1763520243490}
{"ts":"2025-11-19T02:44:04.324Z","level":"warn","event":"bfis-snapshot-empty-data","endpoint":"weapons","bufferSize":8,"message":"Empty or minimal weapons data received"}
{"ts":"2025-11-19T02:44:04.324Z","level":"info","event":"bfis-binary-fetch","endpoint":"weapons","mode":"incremental","bytes":8,"lastTime":1763520243502}
{"ts":"2025-11-19T02:44:04.335Z","level":"warn","event":"bfis-snapshot-empty-data","endpoint":"logs","message":"Empty logs array received"}
{"ts":"2025-11-19T02:44:04.397Z","level":"info","event":"bfis-snapshot-read-ok","snapshotId":"20aff95f-e3df-4548-b9bf-d9ae824be151","sessionHash":"wXwFIkMvUoWzlJ4m","unitCount":51,"newUnitsInPoll":1,"cachedUnitsTotal":51,"unitsBufferSize":243,"weaponsBufferSize":8}
{"ts":"2025-11-19T02:44:05.314Z","level":"info","event":"bfis-binary-fetch","endpoint":"units","mode":"incremental","bytes":243,"lastTime":1763520244477}
{"ts":"2025-11-19T02:44:05.326Z","level":"warn","event":"bfis-snapshot-empty-data","endpoint":"weapons","bufferSize":8,"message":"Empty or minimal weapons data received"}
{"ts":"2025-11-19T02:44:05.326Z","level":"info","event":"bfis-binary-fetch","endpoint":"weapons","mode":"incremental","bytes":8,"lastTime":1763520244488}
{"ts":"2025-11-19T02:44:05.335Z","level":"warn","event":"bfis-snapshot-empty-data","endpoint":"logs","message":"Empty logs array received"}
{"ts":"2025-11-19T02:44:05.374Z","level":"info","event":"bfis-snapshot-read-ok","snapshotId":"71f0ff4c-6cf1-4622-a590-7ab52b2290a3","sessionHash":"wXwFIkMvUoWzlJ4m","unitCount":51,"newUnitsInPoll":1,"cachedUnitsTotal":51,"unitsBufferSize":243,"weaponsBufferSize":8}
{"ts":"2025-11-19T02:44:06.328Z","level":"info","event":"bfis-binary-fetch","endpoint":"units","mode":"incremental","bytes":243,"lastTime":1763520245478}
{"ts":"2025-11-19T02:44:06.346Z","level":"warn","event":"bfis-snapshot-empty-data","endpoint":"weapons","bufferSize":8,"message":"Empty or minimal weapons data received"}
{"ts":"2025-11-19T02:44:06.346Z","level":"info","event":"bfis-binary-fetch","endpoint":"weapons","mode":"incremental","bytes":8,"lastTime":1763520245489}
{"ts":"2025-11-19T02:44:06.361Z","level":"warn","event":"bfis-snapshot-empty-data","endpoint":"logs","message":"Empty logs array received"}
{"ts":"2025-11-19T02:44:06.425Z","level":"info","event":"bfis-snapshot-read-ok","snapshotId":"bc482279-567b-4590-9ac4-63b874499c42","sessionHash":"wXwFIkMvUoWzlJ4m","unitCount":51,"newUnitsInPoll":1,"cachedUnitsTotal":51,"unitsBufferSize":243,"weaponsBufferSize":8}
{"ts":"2025-11-19T02:44:07.316Z","level":"info","event":"bfis-binary-fetch","endpoint":"units","mode":"incremental","bytes":243,"lastTime":1763520246491}
{"ts":"2025-11-19T02:44:07.327Z","level":"info","event":"bfis-binary-fetch","endpoint":"weapons","mode":"incremental","bytes":8,"lastTime":1763520246509}
{"ts":"2025-11-19T02:44:07.327Z","level":"warn","event":"bfis-snapshot-empty-data","endpoint":"weapons","bufferSize":8,"message":"Empty or minimal weapons data received"}
{"ts":"2025-11-19T02:44:07.339Z","level":"warn","event":"bfis-snapshot-empty-data","endpoint":"logs","message":"Empty logs array received"}
{"ts":"2025-11-19T02:44:07.383Z","level":"info","event":"bfis-snapshot-read-ok","snapshotId":"f4c0e142-28d5-4bca-8a33-2a2bc2907710","sessionHash":"wXwFIkMvUoWzlJ4m","unitCount":51,"newUnitsInPoll":1,"cachedUnitsTotal":51,"unitsBufferSize":243,"weaponsBufferSize":8}
{"ts":"2025-11-19T02:44:08.319Z","level":"info","event":"bfis-binary-fetch","endpoint":"units","mode":"incremental","bytes":243,"lastTime":1763520247480}
{"ts":"2025-11-19T02:44:08.330Z","level":"warn","event":"bfis-snapshot-empty-data","endpoint":"weapons","bufferSize":8,"message":"Empty or minimal weapons data received"}
{"ts":"2025-11-19T02:44:08.330Z","level":"info","event":"bfis-binary-fetch","endpoint":"weapons","mode":"incremental","bytes":8,"lastTime":1763520247489}
{"ts":"2025-11-19T02:44:08.347Z","level":"warn","event":"bfis-snapshot-empty-data","endpoint":"logs","message":"Empty logs array received"}
{"ts":"2025-11-19T02:44:08.385Z","level":"info","event":"bfis-snapshot-read-ok","snapshotId":"a94af2ad-846a-4c01-86ce-f25410077437","sessionHash":"wXwFIkMvUoWzlJ4m","unitCount":51,"newUnitsInPoll":1,"cachedUnitsTotal":51,"unitsBufferSize":243,"weaponsBufferSize":8}
{"ts":"2025-11-19T02:44:09.314Z","level":"info","event":"bfis-binary-fetch","endpoint":"units","mode":"incremental","bytes":246,"lastTime":1763520248482}
{"ts":"2025-11-19T02:44:09.325Z","level":"warn","event":"bfis-snapshot-empty-data","endpoint":"weapons","bufferSize":8,"message":"Empty or minimal weapons data received"}
{"ts":"2025-11-19T02:44:09.325Z","level":"info","event":"bfis-binary-fetch","endpoint":"weapons","mode":"incremental","bytes":8,"lastTime":1763520248493}
{"ts":"2025-11-19T02:44:09.335Z","level":"warn","event":"bfis-snapshot-empty-data","endpoint":"logs","message":"Empty logs array received"}
{"ts":"2025-11-19T02:44:09.382Z","level":"info","event":"bfis-snapshot-read-ok","snapshotId":"3ee89dfd-0ba0-4697-a47c-efea803f4329","sessionHash":"wXwFIkMvUoWzlJ4m","unitCount":51,"newUnitsInPoll":1,"cachedUnitsTotal":51,"unitsBufferSize":246,"weaponsBufferSize":8}
{"ts":"2025-11-19T02:44:10.317Z","level":"info","event":"bfis-binary-fetch","endpoint":"units","mode":"incremental","bytes":243,"lastTime":1763520249478}
{"ts":"2025-11-19T02:44:10.327Z","level":"warn","event":"bfis-snapshot-empty-data","endpoint":"weapons","bufferSize":8,"message":"Empty or minimal weapons data received"}
{"ts":"2025-11-19T02:44:10.327Z","level":"info","event":"bfis-binary-fetch","endpoint":"weapons","mode":"incremental","bytes":8,"lastTime":1763520249488}
{"ts":"2025-11-19T02:44:10.336Z","level":"warn","event":"bfis-snapshot-empty-data","endpoint":"logs","message":"Empty logs array received"}
{"ts":"2025-11-19T02:44:10.370Z","level":"info","event":"bfis-snapshot-read-ok","snapshotId":"ee989658-1f12-4293-930d-a3e8807dac33","sessionHash":"wXwFIkMvUoWzlJ4m","unitCount":51,"newUnitsInPoll":1,"cachedUnitsTotal":51,"unitsBufferSize":243,"weaponsBufferSize":8}
{"ts":"2025-11-19T02:44:11.314Z","level":"info","event":"bfis-binary-fetch","endpoint":"units","mode":"incremental","bytes":246,"lastTime":1763520250481}
{"ts":"2025-11-19T02:44:11.328Z","level":"warn","event":"bfis-snapshot-empty-data","endpoint":"weapons","bufferSize":8,"message":"Empty or minimal weapons data received"}
{"ts":"2025-11-19T02:44:11.328Z","level":"info","event":"bfis-binary-fetch","endpoint":"weapons","mode":"incremental","bytes":8,"lastTime":1763520250491}
{"ts":"2025-11-19T02:44:11.328Z","level":"warn","event":"bfis-unit-decode-unknown-datum-index","datumIndex":191,"unitId":16777985,"recovery":"searching-for-end-of-data-marker"}
{"ts":"2025-11-19T02:44:11.328Z","level":"warn","event":"bfis-unit-decode-field-error","datumIndex":63,"unitId":16778241,"error":"Offset is outside the bounds of the DataView","errorType":"RangeError"}
{"ts":"2025-11-19T02:44:11.338Z","level":"warn","event":"bfis-snapshot-empty-data","endpoint":"logs","message":"Empty logs array received"}
{"ts":"2025-11-19T02:44:11.374Z","level":"info","event":"bfis-snapshot-read-ok","snapshotId":"19cd4961-08e3-4c35-9c19-9212644213f5","sessionHash":"wXwFIkMvUoWzlJ4m","unitCount":51,"newUnitsInPoll":4,"cachedUnitsTotal":51,"unitsBufferSize":246,"weaponsBufferSize":8}
{"ts":"2025-11-19T02:44:12.339Z","level":"info","event":"bfis-binary-fetch","endpoint":"units","mode":"incremental","bytes":243,"lastTime":1763520251478}
{"ts":"2025-11-19T02:44:12.352Z","level":"info","event":"bfis-binary-fetch","endpoint":"weapons","mode":"incremental","bytes":8,"lastTime":1763520251489}
{"ts":"2025-11-19T02:44:12.351Z","level":"warn","event":"bfis-snapshot-empty-data","endpoint":"weapons","bufferSize":8,"message":"Empty or minimal weapons data received"}
{"ts":"2025-11-19T02:44:12.360Z","level":"warn","event":"bfis-snapshot-empty-data","endpoint":"logs","message":"Empty logs array received"}
{"ts":"2025-11-19T02:44:12.395Z","level":"info","event":"bfis-snapshot-read-ok","snapshotId":"e0ddb812-a908-434b-b8ea-4161a0c8dcc1","sessionHash":"wXwFIkMvUoWzlJ4m","unitCount":51,"newUnitsInPoll":1,"cachedUnitsTotal":51,"unitsBufferSize":243,"weaponsBufferSize":8}
{"ts":"2025-11-19T02:44:13.316Z","level":"info","event":"bfis-binary-fetch","endpoint":"units","mode":"incremental","bytes":243,"lastTime":1763520252501}
{"ts":"2025-11-19T02:44:13.325Z","level":"warn","event":"bfis-snapshot-empty-data","endpoint":"weapons","bufferSize":8,"message":"Empty or minimal weapons data received"}
{"ts":"2025-11-19T02:44:13.326Z","level":"info","event":"bfis-binary-fetch","endpoint":"weapons","mode":"incremental","bytes":8,"lastTime":1763520252513}
{"ts":"2025-11-19T02:44:13.335Z","level":"warn","event":"bfis-snapshot-empty-data","endpoint":"logs","message":"Empty logs array received"}
{"ts":"2025-11-19T02:44:13.376Z","level":"info","event":"bfis-snapshot-read-ok","snapshotId":"fc7a4e1d-f755-4344-af39-cb087a7ebd65","sessionHash":"wXwFIkMvUoWzlJ4m","unitCount":51,"newUnitsInPoll":1,"cachedUnitsTotal":51,"unitsBufferSize":243,"weaponsBufferSize":8}
{"ts":"2025-11-19T02:44:14.319Z","level":"info","event":"bfis-binary-fetch","endpoint":"units","mode":"incremental","bytes":243,"lastTime":1763520253478}
{"ts":"2025-11-19T02:44:14.330Z","level":"warn","event":"bfis-snapshot-empty-data","endpoint":"weapons","bufferSize":8,"message":"Empty or minimal weapons data received"}
{"ts":"2025-11-19T02:44:14.330Z","level":"info","event":"bfis-binary-fetch","endpoint":"weapons","mode":"incremental","bytes":8,"lastTime":1763520253489}
{"ts":"2025-11-19T02:44:14.343Z","level":"warn","event":"bfis-snapshot-empty-data","endpoint":"logs","message":"Empty logs array received"}
{"ts":"2025-11-19T02:44:14.384Z","level":"info","event":"bfis-snapshot-read-ok","snapshotId":"7da3c33a-187a-4841-916d-016100fd1389","sessionHash":"wXwFIkMvUoWzlJ4m","unitCount":51,"newUnitsInPoll":1,"cachedUnitsTotal":51,"unitsBufferSize":243,"weaponsBufferSize":8}
{"ts":"2025-11-19T02:44:15.321Z","level":"info","event":"bfis-binary-fetch","endpoint":"units","mode":"incremental","bytes":243,"lastTime":1763520254482}
{"ts":"2025-11-19T02:44:15.330Z","level":"warn","event":"bfis-snapshot-empty-data","endpoint":"weapons","bufferSize":8,"message":"Empty or minimal weapons data received"}
{"ts":"2025-11-19T02:44:15.331Z","level":"info","event":"bfis-binary-fetch","endpoint":"weapons","mode":"incremental","bytes":8,"lastTime":1763520254493}
{"ts":"2025-11-19T02:44:15.341Z","level":"warn","event":"bfis-snapshot-empty-data","endpoint":"logs","message":"Empty logs array received"}
{"ts":"2025-11-19T02:44:15.379Z","level":"info","event":"bfis-snapshot-read-ok","snapshotId":"67a239a8-9fb5-425b-a495-96223351714e","sessionHash":"wXwFIkMvUoWzlJ4m","unitCount":51,"newUnitsInPoll":1,"cachedUnitsTotal":51,"unitsBufferSize":243,"weaponsBufferSize":8}
{"ts":"2025-11-19T02:44:16.318Z","level":"info","event":"bfis-binary-fetch","endpoint":"units","mode":"incremental","bytes":243,"lastTime":1763520255485}
{"ts":"2025-11-19T02:44:16.392Z","level":"warn","event":"bfis-snapshot-empty-data","endpoint":"weapons","bufferSize":8,"message":"Empty or minimal weapons data received"}
{"ts":"2025-11-19T02:44:16.392Z","level":"info","event":"bfis-binary-fetch","endpoint":"weapons","mode":"incremental","bytes":8,"lastTime":1763520255494}
{"ts":"2025-11-19T02:44:16.402Z","level":"warn","event":"bfis-snapshot-empty-data","endpoint":"logs","message":"Empty logs array received"}
{"ts":"2025-11-19T02:44:16.447Z","level":"info","event":"bfis-snapshot-read-ok","snapshotId":"cb2c8f0e-5a1e-419e-8c53-fe36875e031e","sessionHash":"wXwFIkMvUoWzlJ4m","unitCount":51,"newUnitsInPoll":1,"cachedUnitsTotal":51,"unitsBufferSize":243,"weaponsBufferSize":8}
{"ts":"2025-11-19T02:44:17.351Z","level":"info","event":"bfis-binary-fetch","endpoint":"units","mode":"incremental","bytes":246,"lastTime":1763520256481}
{"ts":"2025-11-19T02:44:17.362Z","level":"warn","event":"bfis-snapshot-empty-data","endpoint":"weapons","bufferSize":8,"message":"Empty or minimal weapons data received"}
{"ts":"2025-11-19T02:44:17.362Z","level":"info","event":"bfis-binary-fetch","endpoint":"weapons","mode":"incremental","bytes":8,"lastTime":1763520256555}
{"ts":"2025-11-19T02:44:17.378Z","level":"warn","event":"bfis-snapshot-empty-data","endpoint":"logs","message":"Empty logs array received"}
{"ts":"2025-11-19T02:44:17.462Z","level":"info","event":"bfis-snapshot-read-ok","snapshotId":"c78efb14-f90f-4ce1-9f93-5889ea6e65f9","sessionHash":"wXwFIkMvUoWzlJ4m","unitCount":51,"newUnitsInPoll":1,"cachedUnitsTotal":51,"unitsBufferSize":246,"weaponsBufferSize":8}
{"ts":"2025-11-19T02:44:18.322Z","level":"info","event":"bfis-binary-fetch","endpoint":"units","mode":"incremental","bytes":243,"lastTime":1763520257510}
{"ts":"2025-11-19T02:44:18.335Z","level":"warn","event":"bfis-snapshot-empty-data","endpoint":"weapons","bufferSize":8,"message":"Empty or minimal weapons data received"}
{"ts":"2025-11-19T02:44:18.335Z","level":"info","event":"bfis-binary-fetch","endpoint":"weapons","mode":"incremental","bytes":8,"lastTime":1763520257524}
{"ts":"2025-11-19T02:44:18.343Z","level":"warn","event":"bfis-snapshot-empty-data","endpoint":"logs","message":"Empty logs array received"}
{"ts":"2025-11-19T02:44:18.385Z","level":"info","event":"bfis-snapshot-read-ok","snapshotId":"e33cd9ee-82e3-4740-be18-9a903290b9a4","sessionHash":"wXwFIkMvUoWzlJ4m","unitCount":51,"newUnitsInPoll":1,"cachedUnitsTotal":51,"unitsBufferSize":243,"weaponsBufferSize":8}
{"ts":"2025-11-19T02:44:19.333Z","level":"info","event":"bfis-binary-fetch","endpoint":"units","mode":"incremental","bytes":251,"lastTime":1763520258485}
{"ts":"2025-11-19T02:44:19.343Z","level":"warn","event":"bfis-snapshot-empty-data","endpoint":"weapons","bufferSize":8,"message":"Empty or minimal weapons data received"}
{"ts":"2025-11-19T02:44:19.343Z","level":"info","event":"bfis-binary-fetch","endpoint":"weapons","mode":"incremental","bytes":8,"lastTime":1763520258498}
{"ts":"2025-11-19T02:44:19.354Z","level":"warn","event":"bfis-snapshot-empty-data","endpoint":"logs","message":"Empty logs array received"}
{"ts":"2025-11-19T02:44:19.388Z","level":"info","event":"bfis-snapshot-read-ok","snapshotId":"65a4ec6a-fa00-45dd-adbe-b28eba9ca206","sessionHash":"wXwFIkMvUoWzlJ4m","unitCount":51,"newUnitsInPoll":1,"cachedUnitsTotal":51,"unitsBufferSize":251,"weaponsBufferSize":8}
{"ts":"2025-11-19T02:44:20.330Z","level":"info","event":"bfis-binary-fetch","endpoint":"units","mode":"incremental","bytes":243,"lastTime":1763520259496}
{"ts":"2025-11-19T02:44:20.341Z","level":"warn","event":"bfis-snapshot-empty-data","endpoint":"weapons","bufferSize":8,"message":"Empty or minimal weapons data received"}
{"ts":"2025-11-19T02:44:20.341Z","level":"info","event":"bfis-binary-fetch","endpoint":"weapons","mode":"incremental","bytes":8,"lastTime":1763520259507}
{"ts":"2025-11-19T02:44:20.353Z","level":"warn","event":"bfis-snapshot-empty-data","endpoint":"logs","message":"Empty logs array received"}
{"ts":"2025-11-19T02:44:20.393Z","level":"info","event":"bfis-snapshot-read-ok","snapshotId":"2a5b67eb-a615-4609-b44b-21f171e22041","sessionHash":"wXwFIkMvUoWzlJ4m","unitCount":51,"newUnitsInPoll":1,"cachedUnitsTotal":51,"unitsBufferSize":243,"weaponsBufferSize":8}
{"ts":"2025-11-19T02:44:21.318Z","level":"info","event":"bfis-binary-fetch","endpoint":"units","mode":"incremental","bytes":243,"lastTime":1763520260490}
{"ts":"2025-11-19T02:44:21.327Z","level":"warn","event":"bfis-snapshot-empty-data","endpoint":"weapons","bufferSize":8,"message":"Empty or minimal weapons data received"}
{"ts":"2025-11-19T02:44:21.327Z","level":"info","event":"bfis-binary-fetch","endpoint":"weapons","mode":"incremental","bytes":8,"lastTime":1763520260502}
{"ts":"2025-11-19T02:44:21.335Z","level":"warn","event":"bfis-snapshot-empty-data","endpoint":"logs","message":"Empty logs array received"}
{"ts":"2025-11-19T02:44:21.380Z","level":"info","event":"bfis-snapshot-read-ok","snapshotId":"64ee1c38-108f-4bf2-a2ad-97e4c0a410ed","sessionHash":"wXwFIkMvUoWzlJ4m","unitCount":51,"newUnitsInPoll":1,"cachedUnitsTotal":51,"unitsBufferSize":243,"weaponsBufferSize":8}
{"ts":"2025-11-19T02:44:22.323Z","level":"info","event":"bfis-binary-fetch","endpoint":"units","mode":"incremental","bytes":243,"lastTime":1763520261482}
{"ts":"2025-11-19T02:44:22.332Z","level":"warn","event":"bfis-snapshot-empty-data","endpoint":"weapons","bufferSize":8,"message":"Empty or minimal weapons data received"}
{"ts":"2025-11-19T02:44:22.332Z","level":"info","event":"bfis-binary-fetch","endpoint":"weapons","mode":"incremental","bytes":8,"lastTime":1763520261491}
{"ts":"2025-11-19T02:44:22.342Z","level":"warn","event":"bfis-snapshot-empty-data","endpoint":"logs","message":"Empty logs array received"}
{"ts":"2025-11-19T02:44:22.386Z","level":"info","event":"bfis-snapshot-read-ok","snapshotId":"c41d551f-2a0e-4928-82f5-ba140a156fea","sessionHash":"wXwFIkMvUoWzlJ4m","unitCount":51,"newUnitsInPoll":1,"cachedUnitsTotal":51,"unitsBufferSize":243,"weaponsBufferSize":8}
{"ts":"2025-11-19T02:44:23.381Z","level":"info","event":"bfis-binary-fetch","endpoint":"units","mode":"incremental","bytes":243,"lastTime":1763520262487}
{"ts":"2025-11-19T02:44:23.413Z","level":"warn","event":"bfis-snapshot-empty-data","endpoint":"weapons","bufferSize":8,"message":"Empty or minimal weapons data received"}
{"ts":"2025-11-19T02:44:23.413Z","level":"info","event":"bfis-binary-fetch","endpoint":"weapons","mode":"incremental","bytes":8,"lastTime":1763520262496}
{"ts":"2025-11-19T02:44:23.413Z","level":"warn","event":"bfis-unit-decode-unknown-datum-index","datumIndex":191,"unitId":16777473,"recovery":"searching-for-end-of-data-marker"}
{"ts":"2025-11-19T02:44:23.413Z","level":"warn","event":"bfis-unit-decode-unknown-datum-index","datumIndex":191,"unitId":16777985,"recovery":"searching-for-end-of-data-marker"}
{"ts":"2025-11-19T02:44:23.413Z","level":"warn","event":"bfis-unit-decode-unknown-datum-index","datumIndex":191,"unitId":16778241,"recovery":"searching-for-end-of-data-marker"}
{"ts":"2025-11-19T02:44:23.429Z","level":"warn","event":"bfis-snapshot-empty-data","endpoint":"logs","message":"Empty logs array received"}
{"ts":"2025-11-19T02:44:23.468Z","level":"info","event":"bfis-snapshot-read-ok","snapshotId":"635f2894-b869-49ad-a73c-2833d83784ac","sessionHash":"wXwFIkMvUoWzlJ4m","unitCount":51,"newUnitsInPoll":5,"cachedUnitsTotal":51,"unitsBufferSize":243,"weaponsBufferSize":8}
{"ts":"2025-11-19T02:44:24.364Z","level":"info","event":"bfis-binary-fetch","endpoint":"units","mode":"incremental","bytes":243,"lastTime":1763520263534}
{"ts":"2025-11-19T02:44:24.379Z","level":"info","event":"bfis-binary-fetch","endpoint":"weapons","mode":"incremental","bytes":8,"lastTime":1763520263574}
{"ts":"2025-11-19T02:44:24.379Z","level":"warn","event":"bfis-snapshot-empty-data","endpoint":"weapons","bufferSize":8,"message":"Empty or minimal weapons data received"}
{"ts":"2025-11-19T02:44:24.379Z","level":"warn","event":"bfis-unit-decode-unknown-datum-index","datumIndex":191,"unitId":16777473,"recovery":"searching-for-end-of-data-marker"}
{"ts":"2025-11-19T02:44:24.380Z","level":"warn","event":"bfis-unit-decode-unknown-datum-index","datumIndex":191,"unitId":16777985,"recovery":"searching-for-end-of-data-marker"}
{"ts":"2025-11-19T02:44:24.380Z","level":"warn","event":"bfis-unit-decode-unknown-datum-index","datumIndex":191,"unitId":16778241,"recovery":"searching-for-end-of-data-marker"}
{"ts":"2025-11-19T02:44:24.392Z","level":"warn","event":"bfis-snapshot-empty-data","endpoint":"logs","message":"Empty logs array received"}
{"ts":"2025-11-19T02:44:24.434Z","level":"info","event":"bfis-snapshot-read-ok","snapshotId":"d290288d-bd84-4dbd-8b5c-9b8c1371bd95","sessionHash":"wXwFIkMvUoWzlJ4m","unitCount":51,"newUnitsInPoll":5,"cachedUnitsTotal":51,"unitsBufferSize":243,"weaponsBufferSize":8}
{"ts":"2025-11-19T02:44:25.325Z","level":"info","event":"bfis-binary-fetch","endpoint":"units","mode":"incremental","bytes":243,"lastTime":1763520264527}
{"ts":"2025-11-19T02:44:25.334Z","level":"warn","event":"bfis-snapshot-empty-data","endpoint":"weapons","bufferSize":8,"message":"Empty or minimal weapons data received"}
{"ts":"2025-11-19T02:44:25.334Z","level":"info","event":"bfis-binary-fetch","endpoint":"weapons","mode":"incremental","bytes":8,"lastTime":1763520264542}
{"ts":"2025-11-19T02:44:25.334Z","level":"warn","event":"bfis-unit-decode-unknown-datum-index","datumIndex":191,"unitId":16777473,"recovery":"searching-for-end-of-data-marker"}
{"ts":"2025-11-19T02:44:25.335Z","level":"warn","event":"bfis-unit-decode-unknown-datum-index","datumIndex":191,"unitId":16777985,"recovery":"searching-for-end-of-data-marker"}
{"ts":"2025-11-19T02:44:25.335Z","level":"warn","event":"bfis-unit-decode-unknown-datum-index","datumIndex":191,"unitId":16778241,"recovery":"searching-for-end-of-data-marker"}
{"ts":"2025-11-19T02:44:25.345Z","level":"warn","event":"bfis-snapshot-empty-data","endpoint":"logs","message":"Empty logs array received"}
{"ts":"2025-11-19T02:44:25.387Z","level":"info","event":"bfis-snapshot-read-ok","snapshotId":"754fb5ac-3513-46a4-b364-fe39b5be07d6","sessionHash":"wXwFIkMvUoWzlJ4m","unitCount":51,"newUnitsInPoll":5,"cachedUnitsTotal":51,"unitsBufferSize":243,"weaponsBufferSize":8}
{"ts":"2025-11-19T02:44:26.327Z","level":"info","event":"bfis-binary-fetch","endpoint":"units","mode":"incremental","bytes":243,"lastTime":1763520265488}
{"ts":"2025-11-19T02:44:26.337Z","level":"info","event":"bfis-binary-fetch","endpoint":"weapons","mode":"incremental","bytes":8,"lastTime":1763520265497}
{"ts":"2025-11-19T02:44:26.337Z","level":"warn","event":"bfis-snapshot-empty-data","endpoint":"weapons","bufferSize":8,"message":"Empty or minimal weapons data received"}
{"ts":"2025-11-19T02:44:26.338Z","level":"warn","event":"bfis-unit-decode-unknown-datum-index","datumIndex":191,"unitId":16777985,"recovery":"searching-for-end-of-data-marker"}
{"ts":"2025-11-19T02:44:26.337Z","level":"warn","event":"bfis-unit-decode-unknown-datum-index","datumIndex":191,"unitId":16777473,"recovery":"searching-for-end-of-data-marker"}
{"ts":"2025-11-19T02:44:26.338Z","level":"warn","event":"bfis-unit-decode-unknown-datum-index","datumIndex":191,"unitId":16778241,"recovery":"searching-for-end-of-data-marker"}
{"ts":"2025-11-19T02:44:26.349Z","level":"warn","event":"bfis-snapshot-empty-data","endpoint":"logs","message":"Empty logs array received"}
{"ts":"2025-11-19T02:44:26.390Z","level":"info","event":"bfis-snapshot-read-ok","snapshotId":"7846e3a8-814a-42be-bfe1-58a2fdbc2a57","sessionHash":"wXwFIkMvUoWzlJ4m","unitCount":51,"newUnitsInPoll":5,"cachedUnitsTotal":51,"unitsBufferSize":243,"weaponsBufferSize":8}
{"ts":"2025-11-19T02:44:27.324Z","level":"info","event":"bfis-binary-fetch","endpoint":"units","mode":"incremental","bytes":243,"lastTime":1763520266490}
{"ts":"2025-11-19T02:44:27.333Z","level":"info","event":"bfis-binary-fetch","endpoint":"weapons","mode":"incremental","bytes":8,"lastTime":1763520266502}
{"ts":"2025-11-19T02:44:27.333Z","level":"warn","event":"bfis-snapshot-empty-data","endpoint":"weapons","bufferSize":8,"message":"Empty or minimal weapons data received"}
{"ts":"2025-11-19T02:44:27.333Z","level":"warn","event":"bfis-unit-decode-unknown-datum-index","datumIndex":191,"unitId":16777473,"recovery":"searching-for-end-of-data-marker"}
{"ts":"2025-11-19T02:44:27.334Z","level":"warn","event":"bfis-unit-decode-unknown-datum-index","datumIndex":191,"unitId":16778241,"recovery":"searching-for-end-of-data-marker"}
{"ts":"2025-11-19T02:44:27.334Z","level":"warn","event":"bfis-unit-decode-unknown-datum-index","datumIndex":191,"unitId":16777985,"recovery":"searching-for-end-of-data-marker"}
{"ts":"2025-11-19T02:44:27.346Z","level":"warn","event":"bfis-snapshot-empty-data","endpoint":"logs","message":"Empty logs array received"}
{"ts":"2025-11-19T02:44:27.388Z","level":"info","event":"bfis-snapshot-read-ok","snapshotId":"e31cd23e-df0e-4821-9756-45f3177c26b2","sessionHash":"wXwFIkMvUoWzlJ4m","unitCount":51,"newUnitsInPoll":5,"cachedUnitsTotal":51,"unitsBufferSize":243,"weaponsBufferSize":8}
{"ts":"2025-11-19T02:44:28.329Z","level":"info","event":"bfis-binary-fetch","endpoint":"units","mode":"incremental","bytes":243,"lastTime":1763520267488}
{"ts":"2025-11-19T02:44:28.339Z","level":"warn","event":"bfis-snapshot-empty-data","endpoint":"weapons","bufferSize":8,"message":"Empty or minimal weapons data received"}
{"ts":"2025-11-19T02:44:28.340Z","level":"info","event":"bfis-binary-fetch","endpoint":"weapons","mode":"incremental","bytes":8,"lastTime":1763520267498}
{"ts":"2025-11-19T02:44:28.340Z","level":"warn","event":"bfis-unit-decode-unknown-datum-index","datumIndex":191,"unitId":16777473,"recovery":"searching-for-end-of-data-marker"}
{"ts":"2025-11-19T02:44:28.340Z","level":"warn","event":"bfis-unit-decode-unknown-datum-index","datumIndex":191,"unitId":16777985,"recovery":"searching-for-end-of-data-marker"}
{"ts":"2025-11-19T02:44:28.340Z","level":"warn","event":"bfis-unit-decode-unknown-datum-index","datumIndex":191,"unitId":16778241,"recovery":"searching-for-end-of-data-marker"}
{"ts":"2025-11-19T02:44:28.348Z","level":"warn","event":"bfis-snapshot-empty-data","endpoint":"logs","message":"Empty logs array received"}
{"ts":"2025-11-19T02:44:28.379Z","level":"info","event":"bfis-snapshot-read-ok","snapshotId":"5496baad-92f6-4e23-b520-0c88402d695b","sessionHash":"wXwFIkMvUoWzlJ4m","unitCount":51,"newUnitsInPoll":5,"cachedUnitsTotal":51,"unitsBufferSize":243,"weaponsBufferSize":8}
{"ts":"2025-11-19T02:44:29.355Z","level":"info","event":"bfis-binary-fetch","endpoint":"units","mode":"incremental","bytes":243,"lastTime":1763520268493}
{"ts":"2025-11-19T02:44:29.383Z","level":"warn","event":"bfis-snapshot-empty-data","endpoint":"weapons","bufferSize":8,"message":"Empty or minimal weapons data received"}
{"ts":"2025-11-19T02:44:29.384Z","level":"info","event":"bfis-binary-fetch","endpoint":"weapons","mode":"incremental","bytes":8,"lastTime":1763520268504}
{"ts":"2025-11-19T02:44:29.384Z","level":"warn","event":"bfis-unit-decode-unknown-datum-index","datumIndex":191,"unitId":16777473,"recovery":"searching-for-end-of-data-marker"}
{"ts":"2025-11-19T02:44:29.384Z","level":"warn","event":"bfis-unit-decode-unknown-datum-index","datumIndex":191,"unitId":16777985,"recovery":"searching-for-end-of-data-marker"}
{"ts":"2025-11-19T02:44:29.384Z","level":"warn","event":"bfis-unit-decode-unknown-datum-index","datumIndex":191,"unitId":16778241,"recovery":"searching-for-end-of-data-marker"}
{"ts":"2025-11-19T02:44:29.397Z","level":"warn","event":"bfis-snapshot-empty-data","endpoint":"logs","message":"Empty logs array received"}
{"ts":"2025-11-19T02:44:29.463Z","level":"info","event":"bfis-snapshot-read-ok","snapshotId":"fe794814-86f5-461f-85a6-6a1a15134777","sessionHash":"wXwFIkMvUoWzlJ4m","unitCount":51,"newUnitsInPoll":5,"cachedUnitsTotal":51,"unitsBufferSize":243,"weaponsBufferSize":8}
{"ts":"2025-11-19T02:44:30.331Z","level":"info","event":"bfis-binary-fetch","endpoint":"units","mode":"incremental","bytes":243,"lastTime":1763520269519}
{"ts":"2025-11-19T02:44:30.342Z","level":"warn","event":"bfis-snapshot-empty-data","endpoint":"weapons","bufferSize":8,"message":"Empty or minimal weapons data received"}
{"ts":"2025-11-19T02:44:30.342Z","level":"info","event":"bfis-binary-fetch","endpoint":"weapons","mode":"incremental","bytes":8,"lastTime":1763520269530}
{"ts":"2025-11-19T02:44:30.343Z","level":"warn","event":"bfis-unit-decode-unknown-datum-index","datumIndex":191,"unitId":16777473,"recovery":"searching-for-end-of-data-marker"}
{"ts":"2025-11-19T02:44:30.354Z","level":"warn","event":"bfis-snapshot-empty-data","endpoint":"logs","message":"Empty logs array received"}
{"ts":"2025-11-19T02:44:30.404Z","level":"info","event":"bfis-snapshot-read-ok","snapshotId":"71e256dc-b183-4c06-91a1-1743d04b24e7","sessionHash":"wXwFIkMvUoWzlJ4m","unitCount":52,"newUnitsInPoll":2,"cachedUnitsTotal":52,"unitsBufferSize":243,"weaponsBufferSize":8}
{"ts":"2025-11-19T02:44:31.329Z","level":"info","event":"bfis-binary-fetch","endpoint":"units","mode":"incremental","bytes":243,"lastTime":1763520270495}
{"ts":"2025-11-19T02:44:31.343Z","level":"warn","event":"bfis-snapshot-empty-data","endpoint":"weapons","bufferSize":8,"message":"Empty or minimal weapons data received"}
{"ts":"2025-11-19T02:44:31.344Z","level":"info","event":"bfis-binary-fetch","endpoint":"weapons","mode":"incremental","bytes":8,"lastTime":1763520270506}
{"ts":"2025-11-19T02:44:31.344Z","level":"warn","event":"bfis-unit-decode-unknown-datum-index","datumIndex":191,"unitId":16777473,"recovery":"searching-for-end-of-data-marker"}
{"ts":"2025-11-19T02:44:31.344Z","level":"warn","event":"bfis-unit-decode-unknown-datum-index","datumIndex":191,"unitId":16777985,"recovery":"searching-for-end-of-data-marker"}
{"ts":"2025-11-19T02:44:31.344Z","level":"warn","event":"bfis-unit-decode-unknown-datum-index","datumIndex":191,"unitId":16778241,"recovery":"searching-for-end-of-data-marker"}
{"ts":"2025-11-19T02:44:31.353Z","level":"warn","event":"bfis-snapshot-empty-data","endpoint":"logs","message":"Empty logs array received"}
{"ts":"2025-11-19T02:44:31.392Z","level":"info","event":"bfis-snapshot-read-ok","snapshotId":"021613e4-0d97-4ea0-842d-182ea17c8c81","sessionHash":"wXwFIkMvUoWzlJ4m","unitCount":52,"newUnitsInPoll":5,"cachedUnitsTotal":52,"unitsBufferSize":243,"weaponsBufferSize":8}
{"ts":"2025-11-19T02:44:32.329Z","level":"info","event":"bfis-binary-fetch","endpoint":"units","mode":"incremental","bytes":243,"lastTime":1763520271492}
{"ts":"2025-11-19T02:44:32.338Z","level":"warn","event":"bfis-snapshot-empty-data","endpoint":"weapons","bufferSize":8,"message":"Empty or minimal weapons data received"}
{"ts":"2025-11-19T02:44:32.339Z","level":"info","event":"bfis-binary-fetch","endpoint":"weapons","mode":"incremental","bytes":8,"lastTime":1763520271507}
{"ts":"2025-11-19T02:44:32.339Z","level":"warn","event":"bfis-unit-decode-unknown-datum-index","datumIndex":191,"unitId":16777473,"recovery":"searching-for-end-of-data-marker"}
{"ts":"2025-11-19T02:44:32.339Z","level":"warn","event":"bfis-unit-decode-unknown-datum-index","datumIndex":191,"unitId":16777985,"recovery":"searching-for-end-of-data-marker"}
{"ts":"2025-11-19T02:44:32.339Z","level":"warn","event":"bfis-unit-decode-unknown-datum-index","datumIndex":179,"unitId":4282357270,"recovery":"searching-for-end-of-data-marker"}
{"ts":"2025-11-19T02:44:32.348Z","level":"warn","event":"bfis-snapshot-empty-data","endpoint":"logs","message":"Empty logs array received"}
{"ts":"2025-11-19T02:44:32.386Z","level":"info","event":"bfis-snapshot-read-ok","snapshotId":"14fd73c0-c026-4f35-b66c-7058e02dda74","sessionHash":"wXwFIkMvUoWzlJ4m","unitCount":53,"newUnitsInPoll":5,"cachedUnitsTotal":53,"unitsBufferSize":243,"weaponsBufferSize":8}
{"ts":"2025-11-19T02:44:33.336Z","level":"info","event":"bfis-binary-fetch","endpoint":"units","mode":"incremental","bytes":243,"lastTime":1763520272494}
{"ts":"2025-11-19T02:44:33.348Z","level":"info","event":"bfis-binary-fetch","endpoint":"weapons","mode":"incremental","bytes":8,"lastTime":1763520272502}
{"ts":"2025-11-19T02:44:33.347Z","level":"warn","event":"bfis-snapshot-empty-data","endpoint":"weapons","bufferSize":8,"message":"Empty or minimal weapons data received"}
{"ts":"2025-11-19T02:44:33.348Z","level":"warn","event":"bfis-unit-decode-unknown-datum-index","datumIndex":191,"unitId":16777473,"recovery":"searching-for-end-of-data-marker"}
{"ts":"2025-11-19T02:44:33.348Z","level":"warn","event":"bfis-unit-decode-unknown-datum-index","datumIndex":191,"unitId":16777985,"recovery":"searching-for-end-of-data-marker"}
{"ts":"2025-11-19T02:44:33.348Z","level":"warn","event":"bfis-unit-decode-unknown-datum-index","datumIndex":191,"unitId":16778241,"recovery":"searching-for-end-of-data-marker"}
{"ts":"2025-11-19T02:44:33.358Z","level":"warn","event":"bfis-snapshot-empty-data","endpoint":"logs","message":"Empty logs array received"}
{"ts":"2025-11-19T02:44:33.399Z","level":"info","event":"bfis-snapshot-read-ok","snapshotId":"4f5ff749-bce1-457b-bce1-cbac6732a7bb","sessionHash":"wXwFIkMvUoWzlJ4m","unitCount":53,"newUnitsInPoll":5,"cachedUnitsTotal":53,"unitsBufferSize":243,"weaponsBufferSize":8}
{"ts":"2025-11-19T02:44:34.333Z","level":"info","event":"bfis-binary-fetch","endpoint":"units","mode":"incremental","bytes":243,"lastTime":1763520273500}
{"ts":"2025-11-19T02:44:34.341Z","level":"info","event":"bfis-binary-fetch","endpoint":"weapons","mode":"incremental","bytes":8,"lastTime":1763520273512}
{"ts":"2025-11-19T02:44:34.341Z","level":"warn","event":"bfis-snapshot-empty-data","endpoint":"weapons","bufferSize":8,"message":"Empty or minimal weapons data received"}
{"ts":"2025-11-19T02:44:34.342Z","level":"warn","event":"bfis-unit-decode-unknown-datum-index","datumIndex":191,"unitId":16777473,"recovery":"searching-for-end-of-data-marker"}
{"ts":"2025-11-19T02:44:34.342Z","level":"warn","event":"bfis-unit-decode-unknown-datum-index","datumIndex":191,"unitId":16777985,"recovery":"searching-for-end-of-data-marker"}
{"ts":"2025-11-19T02:44:34.342Z","level":"warn","event":"bfis-unit-decode-unknown-datum-index","datumIndex":191,"unitId":16778241,"recovery":"searching-for-end-of-data-marker"}
{"ts":"2025-11-19T02:44:34.351Z","level":"warn","event":"bfis-snapshot-empty-data","endpoint":"logs","message":"Empty logs array received"}
{"ts":"2025-11-19T02:44:34.385Z","level":"info","event":"bfis-snapshot-read-ok","snapshotId":"e237ffad-d242-4c56-b475-603af2d7a291","sessionHash":"wXwFIkMvUoWzlJ4m","unitCount":53,"newUnitsInPoll":5,"cachedUnitsTotal":53,"unitsBufferSize":243,"weaponsBufferSize":8}
{"ts":"2025-11-19T02:44:35.363Z","level":"info","event":"bfis-binary-fetch","endpoint":"units","mode":"incremental","bytes":243,"lastTime":1763520274496}
{"ts":"2025-11-19T02:44:35.404Z","level":"warn","event":"bfis-snapshot-empty-data","endpoint":"weapons","bufferSize":8,"message":"Empty or minimal weapons data received"}
{"ts":"2025-11-19T02:44:35.404Z","level":"info","event":"bfis-binary-fetch","endpoint":"weapons","mode":"incremental","bytes":8,"lastTime":1763520274505}
{"ts":"2025-11-19T02:44:35.405Z","level":"warn","event":"bfis-unit-decode-unknown-datum-index","datumIndex":191,"unitId":16778241,"recovery":"searching-for-end-of-data-marker"}
{"ts":"2025-11-19T02:44:35.404Z","level":"warn","event":"bfis-unit-decode-unknown-datum-index","datumIndex":191,"unitId":16777985,"recovery":"searching-for-end-of-data-marker"}
{"ts":"2025-11-19T02:44:35.404Z","level":"warn","event":"bfis-unit-decode-unknown-datum-index","datumIndex":191,"unitId":16777473,"recovery":"searching-for-end-of-data-marker"}
{"ts":"2025-11-19T02:44:35.415Z","level":"warn","event":"bfis-snapshot-empty-data","endpoint":"logs","message":"Empty logs array received"}
{"ts":"2025-11-19T02:44:35.455Z","level":"info","event":"bfis-snapshot-read-ok","snapshotId":"9cdd13b5-4dd3-42e1-a761-11dfe3f77a2b","sessionHash":"wXwFIkMvUoWzlJ4m","unitCount":53,"newUnitsInPoll":5,"cachedUnitsTotal":53,"unitsBufferSize":243,"weaponsBufferSize":8}
{"ts":"2025-11-19T02:44:36.331Z","level":"info","event":"bfis-binary-fetch","endpoint":"units","mode":"incremental","bytes":243,"lastTime":1763520275520}
{"ts":"2025-11-19T02:44:36.342Z","level":"warn","event":"bfis-snapshot-empty-data","endpoint":"weapons","bufferSize":8,"message":"Empty or minimal weapons data received"}
{"ts":"2025-11-19T02:44:36.343Z","level":"warn","event":"bfis-unit-decode-unknown-datum-index","datumIndex":191,"unitId":16777473,"recovery":"searching-for-end-of-data-marker"}
{"ts":"2025-11-19T02:44:36.342Z","level":"info","event":"bfis-binary-fetch","endpoint":"weapons","mode":"incremental","bytes":8,"lastTime":1763520275568}
{"ts":"2025-11-19T02:44:36.343Z","level":"warn","event":"bfis-unit-decode-unknown-datum-index","datumIndex":191,"unitId":16777985,"recovery":"searching-for-end-of-data-marker"}
{"ts":"2025-11-19T02:44:36.343Z","level":"warn","event":"bfis-unit-decode-unknown-datum-index","datumIndex":192,"unitId":16778241,"recovery":"searching-for-end-of-data-marker"}
{"ts":"2025-11-19T02:44:36.359Z","level":"warn","event":"bfis-snapshot-empty-data","endpoint":"logs","message":"Empty logs array received"}
{"ts":"2025-11-19T02:44:36.404Z","level":"info","event":"bfis-snapshot-read-ok","snapshotId":"de1b363b-2492-4433-b422-866f6f0ed627","sessionHash":"wXwFIkMvUoWzlJ4m","unitCount":53,"newUnitsInPoll":5,"cachedUnitsTotal":53,"unitsBufferSize":243,"weaponsBufferSize":8}
{"ts":"2025-11-19T02:44:37.336Z","level":"info","event":"bfis-binary-fetch","endpoint":"units","mode":"incremental","bytes":243,"lastTime":1763520276495}
{"ts":"2025-11-19T02:44:37.346Z","level":"warn","event":"bfis-snapshot-empty-data","endpoint":"weapons","bufferSize":8,"message":"Empty or minimal weapons data received"}
{"ts":"2025-11-19T02:44:37.346Z","level":"info","event":"bfis-binary-fetch","endpoint":"weapons","mode":"incremental","bytes":8,"lastTime":1763520276505}
{"ts":"2025-11-19T02:44:37.346Z","level":"warn","event":"bfis-unit-decode-unknown-datum-index","datumIndex":191,"unitId":16777473,"recovery":"searching-for-end-of-data-marker"}
{"ts":"2025-11-19T02:44:37.346Z","level":"warn","event":"bfis-unit-decode-unknown-datum-index","datumIndex":191,"unitId":16777985,"recovery":"searching-for-end-of-data-marker"}
{"ts":"2025-11-19T02:44:37.346Z","level":"warn","event":"bfis-unit-decode-unknown-datum-index","datumIndex":192,"unitId":16778241,"recovery":"searching-for-end-of-data-marker"}
{"ts":"2025-11-19T02:44:37.357Z","level":"warn","event":"bfis-snapshot-empty-data","endpoint":"logs","message":"Empty logs array received"}
{"ts":"2025-11-19T02:44:37.397Z","level":"info","event":"bfis-snapshot-read-ok","snapshotId":"f6b6fc56-c72f-4ce2-ba33-a5c83a734da8","sessionHash":"wXwFIkMvUoWzlJ4m","unitCount":53,"newUnitsInPoll":5,"cachedUnitsTotal":53,"unitsBufferSize":243,"weaponsBufferSize":8}
{"ts":"2025-11-19T02:44:38.335Z","level":"info","event":"bfis-binary-fetch","endpoint":"units","mode":"incremental","bytes":243,"lastTime":1763520277499}
{"ts":"2025-11-19T02:44:38.347Z","level":"warn","event":"bfis-snapshot-empty-data","endpoint":"weapons","bufferSize":8,"message":"Empty or minimal weapons data received"}
{"ts":"2025-11-19T02:44:38.347Z","level":"info","event":"bfis-binary-fetch","endpoint":"weapons","mode":"incremental","bytes":8,"lastTime":1763520277511}
{"ts":"2025-11-19T02:44:38.348Z","level":"warn","event":"bfis-unit-decode-unknown-datum-index","datumIndex":191,"unitId":16777473,"recovery":"searching-for-end-of-data-marker"}
{"ts":"2025-11-19T02:44:38.348Z","level":"warn","event":"bfis-unit-decode-unknown-datum-index","datumIndex":191,"unitId":16777985,"recovery":"searching-for-end-of-data-marker"}
{"ts":"2025-11-19T02:44:38.348Z","level":"warn","event":"bfis-unit-decode-unknown-datum-index","datumIndex":191,"unitId":16778241,"recovery":"searching-for-end-of-data-marker"}
{"ts":"2025-11-19T02:44:38.359Z","level":"warn","event":"bfis-snapshot-empty-data","endpoint":"logs","message":"Empty logs array received"}
{"ts":"2025-11-19T02:44:38.414Z","level":"info","event":"bfis-snapshot-read-ok","snapshotId":"5dff3d2e-83a8-49af-b025-17e361f59c32","sessionHash":"wXwFIkMvUoWzlJ4m","unitCount":53,"newUnitsInPoll":5,"cachedUnitsTotal":53,"unitsBufferSize":243,"weaponsBufferSize":8}
{"ts":"2025-11-19T02:44:39.337Z","level":"info","event":"bfis-binary-fetch","endpoint":"units","mode":"incremental","bytes":243,"lastTime":1763520278498}
{"ts":"2025-11-19T02:44:39.347Z","level":"warn","event":"bfis-snapshot-empty-data","endpoint":"weapons","bufferSize":8,"message":"Empty or minimal weapons data received"}
{"ts":"2025-11-19T02:44:39.347Z","level":"info","event":"bfis-binary-fetch","endpoint":"weapons","mode":"incremental","bytes":8,"lastTime":1763520278511}
{"ts":"2025-11-19T02:44:39.347Z","level":"warn","event":"bfis-unit-decode-unknown-datum-index","datumIndex":191,"unitId":16777473,"recovery":"searching-for-end-of-data-marker"}
{"ts":"2025-11-19T02:44:39.347Z","level":"warn","event":"bfis-unit-decode-unknown-datum-index","datumIndex":191,"unitId":16777985,"recovery":"searching-for-end-of-data-marker"}
{"ts":"2025-11-19T02:44:39.347Z","level":"warn","event":"bfis-unit-decode-unknown-datum-index","datumIndex":191,"unitId":16778241,"recovery":"searching-for-end-of-data-marker"}
{"ts":"2025-11-19T02:44:39.379Z","level":"warn","event":"bfis-snapshot-empty-data","endpoint":"logs","message":"Empty logs array received"}
{"ts":"2025-11-19T02:44:39.437Z","level":"info","event":"bfis-snapshot-read-ok","snapshotId":"ee056e9c-0fa0-4e0a-a773-d860e8a47ecd","sessionHash":"wXwFIkMvUoWzlJ4m","unitCount":53,"newUnitsInPoll":5,"cachedUnitsTotal":53,"unitsBufferSize":243,"weaponsBufferSize":8}
{"ts":"2025-11-19T02:44:40.337Z","level":"info","event":"bfis-binary-fetch","endpoint":"units","mode":"incremental","bytes":243,"lastTime":1763520279501}
{"ts":"2025-11-19T02:44:40.350Z","level":"warn","event":"bfis-snapshot-empty-data","endpoint":"weapons","bufferSize":8,"message":"Empty or minimal weapons data received"}
{"ts":"2025-11-19T02:44:40.350Z","level":"info","event":"bfis-binary-fetch","endpoint":"weapons","mode":"incremental","bytes":8,"lastTime":1763520279511}
{"ts":"2025-11-19T02:44:40.350Z","level":"warn","event":"bfis-unit-decode-unknown-datum-index","datumIndex":191,"unitId":16777473,"recovery":"searching-for-end-of-data-marker"}
{"ts":"2025-11-19T02:44:40.350Z","level":"warn","event":"bfis-unit-decode-unknown-datum-index","datumIndex":191,"unitId":16777985,"recovery":"searching-for-end-of-data-marker"}
{"ts":"2025-11-19T02:44:40.350Z","level":"warn","event":"bfis-unit-decode-unknown-datum-index","datumIndex":191,"unitId":16778241,"recovery":"searching-for-end-of-data-marker"}
{"ts":"2025-11-19T02:44:40.360Z","level":"warn","event":"bfis-snapshot-empty-data","endpoint":"logs","message":"Empty logs array received"}
{"ts":"2025-11-19T02:44:40.410Z","level":"info","event":"bfis-snapshot-read-ok","snapshotId":"01940730-ac74-472a-be0c-590b4d69337e","sessionHash":"wXwFIkMvUoWzlJ4m","unitCount":53,"newUnitsInPoll":5,"cachedUnitsTotal":53,"unitsBufferSize":243,"weaponsBufferSize":8}
{"ts":"2025-11-19T02:44:41.350Z","level":"info","event":"bfis-binary-fetch","endpoint":"units","mode":"incremental","bytes":243,"lastTime":1763520280501}
{"ts":"2025-11-19T02:44:41.358Z","level":"warn","event":"bfis-snapshot-empty-data","endpoint":"weapons","bufferSize":8,"message":"Empty or minimal weapons data received"}
{"ts":"2025-11-19T02:44:41.359Z","level":"info","event":"bfis-binary-fetch","endpoint":"weapons","mode":"incremental","bytes":8,"lastTime":1763520280514}
{"ts":"2025-11-19T02:44:41.359Z","level":"warn","event":"bfis-unit-decode-unknown-datum-index","datumIndex":191,"unitId":16777473,"recovery":"searching-for-end-of-data-marker"}
{"ts":"2025-11-19T02:44:41.359Z","level":"warn","event":"bfis-unit-decode-unknown-datum-index","datumIndex":191,"unitId":16777985,"recovery":"searching-for-end-of-data-marker"}
{"ts":"2025-11-19T02:44:41.359Z","level":"warn","event":"bfis-unit-decode-unknown-datum-index","datumIndex":191,"unitId":16778241,"recovery":"searching-for-end-of-data-marker"}
{"ts":"2025-11-19T02:44:41.370Z","level":"warn","event":"bfis-snapshot-empty-data","endpoint":"logs","message":"Empty logs array received"}
{"ts":"2025-11-19T02:44:41.412Z","level":"info","event":"bfis-snapshot-read-ok","snapshotId":"68275721-4847-47be-a8a9-3a1e012847e1","sessionHash":"wXwFIkMvUoWzlJ4m","unitCount":53,"newUnitsInPoll":5,"cachedUnitsTotal":53,"unitsBufferSize":243,"weaponsBufferSize":8}
{"ts":"2025-11-19T02:44:42.342Z","level":"info","event":"bfis-binary-fetch","endpoint":"units","mode":"incremental","bytes":243,"lastTime":1763520281514}
{"ts":"2025-11-19T02:44:42.355Z","level":"warn","event":"bfis-snapshot-empty-data","endpoint":"weapons","bufferSize":8,"message":"Empty or minimal weapons data received"}
{"ts":"2025-11-19T02:44:42.356Z","level":"info","event":"bfis-binary-fetch","endpoint":"weapons","mode":"incremental","bytes":8,"lastTime":1763520281523}
{"ts":"2025-11-19T02:44:42.356Z","level":"warn","event":"bfis-unit-decode-unknown-datum-index","datumIndex":191,"unitId":16777985,"recovery":"searching-for-end-of-data-marker"}
{"ts":"2025-11-19T02:44:42.356Z","level":"warn","event":"bfis-unit-decode-unknown-datum-index","datumIndex":191,"unitId":16777473,"recovery":"searching-for-end-of-data-marker"}
{"ts":"2025-11-19T02:44:42.356Z","level":"warn","event":"bfis-unit-decode-unknown-datum-index","datumIndex":192,"unitId":16778241,"recovery":"searching-for-end-of-data-marker"}
{"ts":"2025-11-19T02:44:42.367Z","level":"warn","event":"bfis-snapshot-empty-data","endpoint":"logs","message":"Empty logs array received"}
{"ts":"2025-11-19T02:44:42.408Z","level":"info","event":"bfis-snapshot-read-ok","snapshotId":"7180faed-5d39-4f6f-996f-1016b7943bba","sessionHash":"wXwFIkMvUoWzlJ4m","unitCount":53,"newUnitsInPoll":5,"cachedUnitsTotal":53,"unitsBufferSize":243,"weaponsBufferSize":8}
{"ts":"2025-11-19T02:44:43.336Z","level":"info","event":"bfis-binary-fetch","endpoint":"units","mode":"incremental","bytes":243,"lastTime":1763520282507}
{"ts":"2025-11-19T02:44:43.345Z","level":"warn","event":"bfis-snapshot-empty-data","endpoint":"weapons","bufferSize":8,"message":"Empty or minimal weapons data received"}
{"ts":"2025-11-19T02:44:43.345Z","level":"info","event":"bfis-binary-fetch","endpoint":"weapons","mode":"incremental","bytes":8,"lastTime":1763520282517}
{"ts":"2025-11-19T02:44:43.345Z","level":"warn","event":"bfis-unit-decode-unknown-datum-index","datumIndex":191,"unitId":16777473,"recovery":"searching-for-end-of-data-marker"}
{"ts":"2025-11-19T02:44:43.345Z","level":"warn","event":"bfis-unit-decode-unknown-datum-index","datumIndex":191,"unitId":16777985,"recovery":"searching-for-end-of-data-marker"}
{"ts":"2025-11-19T02:44:43.345Z","level":"warn","event":"bfis-unit-decode-field-error","datumIndex":64,"unitId":16778241,"error":"Offset is outside the bounds of the DataView","errorType":"RangeError"}
{"ts":"2025-11-19T02:44:43.353Z","level":"warn","event":"bfis-snapshot-empty-data","endpoint":"logs","message":"Empty logs array received"}
{"ts":"2025-11-19T02:44:43.389Z","level":"info","event":"bfis-snapshot-read-ok","snapshotId":"3c0c42ac-3b94-49c2-a449-f3d134c3b197","sessionHash":"wXwFIkMvUoWzlJ4m","unitCount":53,"newUnitsInPoll":5,"cachedUnitsTotal":53,"unitsBufferSize":243,"weaponsBufferSize":8}
{"ts":"2025-11-19T02:44:44.343Z","level":"info","event":"bfis-binary-fetch","endpoint":"units","mode":"incremental","bytes":243,"lastTime":1763520283501}
{"ts":"2025-11-19T02:44:44.353Z","level":"warn","event":"bfis-snapshot-empty-data","endpoint":"weapons","bufferSize":8,"message":"Empty or minimal weapons data received"}
{"ts":"2025-11-19T02:44:44.353Z","level":"info","event":"bfis-binary-fetch","endpoint":"weapons","mode":"incremental","bytes":8,"lastTime":1763520283509}
{"ts":"2025-11-19T02:44:44.353Z","level":"warn","event":"bfis-unit-decode-unknown-datum-index","datumIndex":191,"unitId":16777473,"recovery":"searching-for-end-of-data-marker"}
{"ts":"2025-11-19T02:44:44.353Z","level":"warn","event":"bfis-unit-decode-unknown-datum-index","datumIndex":191,"unitId":16777985,"recovery":"searching-for-end-of-data-marker"}
{"ts":"2025-11-19T02:44:44.353Z","level":"warn","event":"bfis-unit-decode-unknown-datum-index","datumIndex":192,"unitId":16778241,"recovery":"searching-for-end-of-data-marker"}
{"ts":"2025-11-19T02:44:44.363Z","level":"warn","event":"bfis-snapshot-empty-data","endpoint":"logs","message":"Empty logs array received"}
{"ts":"2025-11-19T02:44:44.412Z","level":"info","event":"bfis-snapshot-read-ok","snapshotId":"f21ae611-35c2-4e70-bbd2-ee70b514d654","sessionHash":"wXwFIkMvUoWzlJ4m","unitCount":53,"newUnitsInPoll":5,"cachedUnitsTotal":53,"unitsBufferSize":243,"weaponsBufferSize":8}
{"ts":"2025-11-19T02:44:45.343Z","level":"info","event":"bfis-binary-fetch","endpoint":"units","mode":"incremental","bytes":243,"lastTime":1763520284506}
{"ts":"2025-11-19T02:44:45.356Z","level":"warn","event":"bfis-snapshot-empty-data","endpoint":"weapons","bufferSize":8,"message":"Empty or minimal weapons data received"}
{"ts":"2025-11-19T02:44:45.356Z","level":"info","event":"bfis-binary-fetch","endpoint":"weapons","mode":"incremental","bytes":8,"lastTime":1763520284517}
{"ts":"2025-11-19T02:44:45.356Z","level":"warn","event":"bfis-unit-decode-unknown-datum-index","datumIndex":191,"unitId":16777473,"recovery":"searching-for-end-of-data-marker"}
{"ts":"2025-11-19T02:44:45.367Z","level":"warn","event":"bfis-snapshot-empty-data","endpoint":"logs","message":"Empty logs array received"}
{"ts":"2025-11-19T02:44:45.416Z","level":"info","event":"bfis-snapshot-read-ok","snapshotId":"16b610cf-9c33-4455-9114-90cf6b721a5f","sessionHash":"wXwFIkMvUoWzlJ4m","unitCount":54,"newUnitsInPoll":2,"cachedUnitsTotal":54,"unitsBufferSize":243,"weaponsBufferSize":8}
{"ts":"2025-11-19T02:44:46.341Z","level":"info","event":"bfis-binary-fetch","endpoint":"units","mode":"incremental","bytes":243,"lastTime":1763520285506}
{"ts":"2025-11-19T02:44:46.355Z","level":"warn","event":"bfis-snapshot-empty-data","endpoint":"weapons","bufferSize":8,"message":"Empty or minimal weapons data received"}
{"ts":"2025-11-19T02:44:46.355Z","level":"info","event":"bfis-binary-fetch","endpoint":"weapons","mode":"incremental","bytes":8,"lastTime":1763520285519}
{"ts":"2025-11-19T02:44:46.355Z","level":"warn","event":"bfis-unit-decode-unknown-datum-index","datumIndex":191,"unitId":16777473,"recovery":"searching-for-end-of-data-marker"}
{"ts":"2025-11-19T02:44:46.364Z","level":"warn","event":"bfis-snapshot-empty-data","endpoint":"logs","message":"Empty logs array received"}
{"ts":"2025-11-19T02:44:46.396Z","level":"info","event":"bfis-snapshot-read-ok","snapshotId":"526029b1-cad1-474b-b450-5b19973bbc21","sessionHash":"wXwFIkMvUoWzlJ4m","unitCount":55,"newUnitsInPoll":2,"cachedUnitsTotal":55,"unitsBufferSize":243,"weaponsBufferSize":8}
{"ts":"2025-11-19T02:44:47.339Z","level":"info","event":"bfis-binary-fetch","endpoint":"units","mode":"incremental","bytes":243,"lastTime":1763520286505}
{"ts":"2025-11-19T02:44:47.351Z","level":"warn","event":"bfis-snapshot-empty-data","endpoint":"weapons","bufferSize":8,"message":"Empty or minimal weapons data received"}
{"ts":"2025-11-19T02:44:47.351Z","level":"info","event":"bfis-binary-fetch","endpoint":"weapons","mode":"incremental","bytes":8,"lastTime":1763520286520}
{"ts":"2025-11-19T02:44:47.351Z","level":"warn","event":"bfis-unit-decode-unknown-datum-index","datumIndex":191,"unitId":16777473,"recovery":"searching-for-end-of-data-marker"}
{"ts":"2025-11-19T02:44:47.351Z","level":"warn","event":"bfis-unit-decode-unknown-datum-index","datumIndex":192,"unitId":16778241,"recovery":"searching-for-end-of-data-marker"}
{"ts":"2025-11-19T02:44:47.351Z","level":"warn","event":"bfis-unit-decode-unknown-datum-index","datumIndex":191,"unitId":16777985,"recovery":"searching-for-end-of-data-marker"}
{"ts":"2025-11-19T02:44:47.361Z","level":"warn","event":"bfis-snapshot-empty-data","endpoint":"logs","message":"Empty logs array received"}
{"ts":"2025-11-19T02:44:47.405Z","level":"info","event":"bfis-snapshot-read-ok","snapshotId":"b78ceb96-8bd7-4922-8128-6bab56e19503","sessionHash":"wXwFIkMvUoWzlJ4m","unitCount":55,"newUnitsInPoll":5,"cachedUnitsTotal":55,"unitsBufferSize":243,"weaponsBufferSize":8}
{"ts":"2025-11-19T02:44:48.343Z","level":"info","event":"bfis-binary-fetch","endpoint":"units","mode":"incremental","bytes":243,"lastTime":1763520287503}
{"ts":"2025-11-19T02:44:48.352Z","level":"warn","event":"bfis-snapshot-empty-data","endpoint":"weapons","bufferSize":8,"message":"Empty or minimal weapons data received"}
{"ts":"2025-11-19T02:44:48.353Z","level":"info","event":"bfis-binary-fetch","endpoint":"weapons","mode":"incremental","bytes":8,"lastTime":1763520287513}
{"ts":"2025-11-19T02:44:48.353Z","level":"warn","event":"bfis-unit-decode-unknown-datum-index","datumIndex":191,"unitId":16777473,"recovery":"searching-for-end-of-data-marker"}
{"ts":"2025-11-19T02:44:48.362Z","level":"warn","event":"bfis-snapshot-empty-data","endpoint":"logs","message":"Empty logs array received"}
{"ts":"2025-11-19T02:44:48.412Z","level":"info","event":"bfis-snapshot-read-ok","snapshotId":"95fde963-2066-4bcd-b5c8-66748545f8b8","sessionHash":"wXwFIkMvUoWzlJ4m","unitCount":55,"newUnitsInPoll":2,"cachedUnitsTotal":55,"unitsBufferSize":243,"weaponsBufferSize":8}
{"ts":"2025-11-19T02:44:49.344Z","level":"info","event":"bfis-binary-fetch","endpoint":"units","mode":"incremental","bytes":246,"lastTime":1763520288506}
{"ts":"2025-11-19T02:44:49.355Z","level":"warn","event":"bfis-snapshot-empty-data","endpoint":"weapons","bufferSize":8,"message":"Empty or minimal weapons data received"}
{"ts":"2025-11-19T02:44:49.355Z","level":"info","event":"bfis-binary-fetch","endpoint":"weapons","mode":"incremental","bytes":8,"lastTime":1763520288516}
{"ts":"2025-11-19T02:44:49.355Z","level":"warn","event":"bfis-unit-decode-unknown-datum-index","datumIndex":191,"unitId":16777473,"recovery":"searching-for-end-of-data-marker"}
{"ts":"2025-11-19T02:44:49.355Z","level":"warn","event":"bfis-unit-decode-unknown-datum-index","datumIndex":191,"unitId":16777985,"recovery":"searching-for-end-of-data-marker"}
{"ts":"2025-11-19T02:44:49.355Z","level":"warn","event":"bfis-unit-decode-unknown-datum-index","datumIndex":192,"unitId":16778241,"recovery":"searching-for-end-of-data-marker"}
{"ts":"2025-11-19T02:44:49.364Z","level":"warn","event":"bfis-snapshot-empty-data","endpoint":"logs","message":"Empty logs array received"}
{"ts":"2025-11-19T02:44:49.398Z","level":"info","event":"bfis-snapshot-read-ok","snapshotId":"d93cbcb8-9913-4ee4-8c1d-c6f3984d3935","sessionHash":"wXwFIkMvUoWzlJ4m","unitCount":55,"newUnitsInPoll":5,"cachedUnitsTotal":55,"unitsBufferSize":246,"weaponsBufferSize":8}
{"ts":"2025-11-19T02:44:50.349Z","level":"info","event":"bfis-binary-fetch","endpoint":"units","mode":"incremental","bytes":243,"lastTime":1763520289509}
{"ts":"2025-11-19T02:44:50.359Z","level":"warn","event":"bfis-snapshot-empty-data","endpoint":"weapons","bufferSize":8,"message":"Empty or minimal weapons data received"}
{"ts":"2025-11-19T02:44:50.359Z","level":"warn","event":"bfis-unit-decode-unknown-datum-index","datumIndex":191,"unitId":16777473,"recovery":"searching-for-end-of-data-marker"}
{"ts":"2025-11-19T02:44:50.359Z","level":"info","event":"bfis-binary-fetch","endpoint":"weapons","mode":"incremental","bytes":8,"lastTime":1763520289519}
{"ts":"2025-11-19T02:44:50.360Z","level":"warn","event":"bfis-unit-decode-unknown-datum-index","datumIndex":191,"unitId":16777985,"recovery":"searching-for-end-of-data-marker"}
{"ts":"2025-11-19T02:44:50.360Z","level":"warn","event":"bfis-unit-decode-unknown-datum-index","datumIndex":192,"unitId":16778241,"recovery":"searching-for-end-of-data-marker"}
{"ts":"2025-11-19T02:44:50.370Z","level":"warn","event":"bfis-snapshot-empty-data","endpoint":"logs","message":"Empty logs array received"}
{"ts":"2025-11-19T02:44:50.410Z","level":"info","event":"bfis-snapshot-read-ok","snapshotId":"58a2185e-5349-48ff-b97d-6ba32e65d2dc","sessionHash":"wXwFIkMvUoWzlJ4m","unitCount":55,"newUnitsInPoll":5,"cachedUnitsTotal":55,"unitsBufferSize":243,"weaponsBufferSize":8}
{"ts":"2025-11-19T02:44:51.350Z","level":"info","event":"bfis-binary-fetch","endpoint":"units","mode":"incremental","bytes":243,"lastTime":1763520290512}
{"ts":"2025-11-19T02:44:51.367Z","level":"warn","event":"bfis-snapshot-empty-data","endpoint":"weapons","bufferSize":8,"message":"Empty or minimal weapons data received"}
{"ts":"2025-11-19T02:44:51.367Z","level":"info","event":"bfis-binary-fetch","endpoint":"weapons","mode":"incremental","bytes":8,"lastTime":1763520290522}
{"ts":"2025-11-19T02:44:51.390Z","level":"warn","event":"bfis-snapshot-empty-data","endpoint":"logs","message":"Empty logs array received"}
{"ts":"2025-11-19T02:44:51.447Z","level":"info","event":"bfis-snapshot-read-ok","snapshotId":"7ac7b8c0-bdbe-4cee-87f1-9426a600c455","sessionHash":"wXwFIkMvUoWzlJ4m","unitCount":55,"newUnitsInPoll":1,"cachedUnitsTotal":55,"unitsBufferSize":243,"weaponsBufferSize":8}
{"ts":"2025-11-19T02:44:52.344Z","level":"info","event":"bfis-binary-fetch","endpoint":"units","mode":"incremental","bytes":243,"lastTime":1763520291513}
{"ts":"2025-11-19T02:44:52.353Z","level":"info","event":"bfis-binary-fetch","endpoint":"weapons","mode":"incremental","bytes":8,"lastTime":1763520291529}
{"ts":"2025-11-19T02:44:52.353Z","level":"warn","event":"bfis-snapshot-empty-data","endpoint":"weapons","bufferSize":8,"message":"Empty or minimal weapons data received"}
{"ts":"2025-11-19T02:44:52.363Z","level":"warn","event":"bfis-snapshot-empty-data","endpoint":"logs","message":"Empty logs array received"}
{"ts":"2025-11-19T02:44:52.427Z","level":"info","event":"bfis-snapshot-read-ok","snapshotId":"65d41be4-f653-4b03-8b01-593993da9b0c","sessionHash":"wXwFIkMvUoWzlJ4m","unitCount":55,"newUnitsInPoll":1,"cachedUnitsTotal":55,"unitsBufferSize":243,"weaponsBufferSize":8}
{"ts":"2025-11-19T02:44:53.344Z","level":"info","event":"bfis-binary-fetch","endpoint":"units","mode":"incremental","bytes":243,"lastTime":1763520292508}
{"ts":"2025-11-19T02:44:53.356Z","level":"warn","event":"bfis-snapshot-empty-data","endpoint":"weapons","bufferSize":8,"message":"Empty or minimal weapons data received"}
{"ts":"2025-11-19T02:44:53.356Z","level":"info","event":"bfis-binary-fetch","endpoint":"weapons","mode":"incremental","bytes":8,"lastTime":1763520292517}
{"ts":"2025-11-19T02:44:53.368Z","level":"warn","event":"bfis-snapshot-empty-data","endpoint":"logs","message":"Empty logs array received"}
{"ts":"2025-11-19T02:44:53.408Z","level":"info","event":"bfis-snapshot-read-ok","snapshotId":"3a4ef27d-2e5b-48bd-a47c-f7886dd52525","sessionHash":"wXwFIkMvUoWzlJ4m","unitCount":55,"newUnitsInPoll":1,"cachedUnitsTotal":55,"unitsBufferSize":243,"weaponsBufferSize":8}
{"ts":"2025-11-19T02:44:54.375Z","level":"info","event":"bfis-binary-fetch","endpoint":"units","mode":"incremental","bytes":243,"lastTime":1763520293508}
{"ts":"2025-11-19T02:44:54.391Z","level":"warn","event":"bfis-snapshot-empty-data","endpoint":"weapons","bufferSize":8,"message":"Empty or minimal weapons data received"}
{"ts":"2025-11-19T02:44:54.391Z","level":"info","event":"bfis-binary-fetch","endpoint":"weapons","mode":"incremental","bytes":8,"lastTime":1763520293520}
{"ts":"2025-11-19T02:44:54.400Z","level":"warn","event":"bfis-snapshot-empty-data","endpoint":"logs","message":"Empty logs array received"}
{"ts":"2025-11-19T02:44:54.442Z","level":"info","event":"bfis-snapshot-read-ok","snapshotId":"5a29532b-f3ce-42fd-b4f4-e802773bed7c","sessionHash":"wXwFIkMvUoWzlJ4m","unitCount":55,"newUnitsInPoll":1,"cachedUnitsTotal":55,"unitsBufferSize":243,"weaponsBufferSize":8}
{"ts":"2025-11-19T02:44:55.348Z","level":"info","event":"bfis-binary-fetch","endpoint":"units","mode":"incremental","bytes":243,"lastTime":1763520294539}
{"ts":"2025-11-19T02:44:55.358Z","level":"info","event":"bfis-binary-fetch","endpoint":"weapons","mode":"incremental","bytes":8,"lastTime":1763520294556}
{"ts":"2025-11-19T02:44:55.358Z","level":"warn","event":"bfis-snapshot-empty-data","endpoint":"weapons","bufferSize":8,"message":"Empty or minimal weapons data received"}
{"ts":"2025-11-19T02:44:55.358Z","level":"warn","event":"bfis-unit-decode-unknown-datum-index","datumIndex":191,"unitId":16777473,"recovery":"searching-for-end-of-data-marker"}
{"ts":"2025-11-19T02:44:55.358Z","level":"warn","event":"bfis-unit-decode-unknown-datum-index","datumIndex":191,"unitId":16777985,"recovery":"searching-for-end-of-data-marker"}
{"ts":"2025-11-19T02:44:55.358Z","level":"warn","event":"bfis-unit-decode-unknown-datum-index","datumIndex":191,"unitId":16778241,"recovery":"searching-for-end-of-data-marker"}
{"ts":"2025-11-19T02:44:55.368Z","level":"warn","event":"bfis-snapshot-empty-data","endpoint":"logs","message":"Empty logs array received"}
{"ts":"2025-11-19T02:44:55.410Z","level":"info","event":"bfis-snapshot-read-ok","snapshotId":"c7f5e475-9035-41b1-b675-171c25d8e696","sessionHash":"wXwFIkMvUoWzlJ4m","unitCount":55,"newUnitsInPoll":5,"cachedUnitsTotal":55,"unitsBufferSize":243,"weaponsBufferSize":8}
{"ts":"2025-11-19T02:44:56.346Z","level":"info","event":"bfis-binary-fetch","endpoint":"units","mode":"incremental","bytes":243,"lastTime":1763520295512}
{"ts":"2025-11-19T02:44:56.354Z","level":"warn","event":"bfis-snapshot-empty-data","endpoint":"weapons","bufferSize":8,"message":"Empty or minimal weapons data received"}
{"ts":"2025-11-19T02:44:56.354Z","level":"info","event":"bfis-binary-fetch","endpoint":"weapons","mode":"incremental","bytes":8,"lastTime":1763520295522}
{"ts":"2025-11-19T02:44:56.355Z","level":"warn","event":"bfis-unit-decode-unknown-datum-index","datumIndex":191,"unitId":16778241,"recovery":"searching-for-end-of-data-marker"}
{"ts":"2025-11-19T02:44:56.354Z","level":"warn","event":"bfis-unit-decode-unknown-datum-index","datumIndex":191,"unitId":16777473,"recovery":"searching-for-end-of-data-marker"}
{"ts":"2025-11-19T02:44:56.355Z","level":"warn","event":"bfis-unit-decode-unknown-datum-index","datumIndex":191,"unitId":16777985,"recovery":"searching-for-end-of-data-marker"}
{"ts":"2025-11-19T02:44:56.364Z","level":"warn","event":"bfis-snapshot-empty-data","endpoint":"logs","message":"Empty logs array received"}
{"ts":"2025-11-19T02:44:56.405Z","level":"info","event":"bfis-snapshot-read-ok","snapshotId":"6fdba4ed-cfa1-4432-b977-ae91935cc4a0","sessionHash":"wXwFIkMvUoWzlJ4m","unitCount":56,"newUnitsInPoll":6,"cachedUnitsTotal":56,"unitsBufferSize":243,"weaponsBufferSize":8}
{"ts":"2025-11-19T02:44:57.344Z","level":"info","event":"bfis-binary-fetch","endpoint":"units","mode":"incremental","bytes":243,"lastTime":1763520296510}
{"ts":"2025-11-19T02:44:57.353Z","level":"warn","event":"bfis-snapshot-empty-data","endpoint":"weapons","bufferSize":8,"message":"Empty or minimal weapons data received"}
{"ts":"2025-11-19T02:44:57.353Z","level":"info","event":"bfis-binary-fetch","endpoint":"weapons","mode":"incremental","bytes":8,"lastTime":1763520296519}
{"ts":"2025-11-19T02:44:57.353Z","level":"warn","event":"bfis-unit-decode-unknown-datum-index","datumIndex":191,"unitId":16777473,"recovery":"searching-for-end-of-data-marker"}
{"ts":"2025-11-19T02:44:57.354Z","level":"warn","event":"bfis-unit-decode-unknown-datum-index","datumIndex":191,"unitId":16777985,"recovery":"searching-for-end-of-data-marker"}
{"ts":"2025-11-19T02:44:57.354Z","level":"warn","event":"bfis-unit-decode-unknown-datum-index","datumIndex":191,"unitId":16778241,"recovery":"searching-for-end-of-data-marker"}
{"ts":"2025-11-19T02:44:57.361Z","level":"warn","event":"bfis-snapshot-empty-data","endpoint":"logs","message":"Empty logs array received"}
{"ts":"2025-11-19T02:44:57.393Z","level":"info","event":"bfis-snapshot-read-ok","snapshotId":"2bcee0dd-83c4-4d1b-b350-a1a3e8e97ee0","sessionHash":"wXwFIkMvUoWzlJ4m","unitCount":56,"newUnitsInPoll":5,"cachedUnitsTotal":56,"unitsBufferSize":243,"weaponsBufferSize":8}
{"ts":"2025-11-19T02:44:58.350Z","level":"info","event":"bfis-binary-fetch","endpoint":"units","mode":"incremental","bytes":246,"lastTime":1763520297507}
{"ts":"2025-11-19T02:44:58.360Z","level":"warn","event":"bfis-snapshot-empty-data","endpoint":"weapons","bufferSize":8,"message":"Empty or minimal weapons data received"}
{"ts":"2025-11-19T02:44:58.360Z","level":"info","event":"bfis-binary-fetch","endpoint":"weapons","mode":"incremental","bytes":8,"lastTime":1763520297518}
{"ts":"2025-11-19T02:44:58.360Z","level":"warn","event":"bfis-unit-decode-unknown-datum-index","datumIndex":191,"unitId":16777473,"recovery":"searching-for-end-of-data-marker"}
{"ts":"2025-11-19T02:44:58.360Z","level":"warn","event":"bfis-unit-decode-unknown-datum-index","datumIndex":191,"unitId":16777985,"recovery":"searching-for-end-of-data-marker"}
{"ts":"2025-11-19T02:44:58.360Z","level":"warn","event":"bfis-unit-decode-unknown-datum-index","datumIndex":191,"unitId":16778241,"recovery":"searching-for-end-of-data-marker"}
{"ts":"2025-11-19T02:44:58.370Z","level":"warn","event":"bfis-snapshot-empty-data","endpoint":"logs","message":"Empty logs array received"}
{"ts":"2025-11-19T02:44:58.405Z","level":"info","event":"bfis-snapshot-read-ok","snapshotId":"a95b5cd0-2fe6-4880-8ba9-0bbe399a22a4","sessionHash":"wXwFIkMvUoWzlJ4m","unitCount":56,"newUnitsInPoll":5,"cachedUnitsTotal":56,"unitsBufferSize":246,"weaponsBufferSize":8}
{"ts":"2025-11-19T02:44:59.355Z","level":"info","event":"bfis-binary-fetch","endpoint":"units","mode":"incremental","bytes":243,"lastTime":1763520298514}
{"ts":"2025-11-19T02:44:59.365Z","level":"warn","event":"bfis-snapshot-empty-data","endpoint":"weapons","bufferSize":8,"message":"Empty or minimal weapons data received"}
{"ts":"2025-11-19T02:44:59.365Z","level":"info","event":"bfis-binary-fetch","endpoint":"weapons","mode":"incremental","bytes":8,"lastTime":1763520298524}
{"ts":"2025-11-19T02:44:59.365Z","level":"warn","event":"bfis-unit-decode-unknown-datum-index","datumIndex":191,"unitId":16777473,"recovery":"searching-for-end-of-data-marker"}
{"ts":"2025-11-19T02:44:59.365Z","level":"warn","event":"bfis-unit-decode-unknown-datum-index","datumIndex":191,"unitId":16777985,"recovery":"searching-for-end-of-data-marker"}
{"ts":"2025-11-19T02:44:59.365Z","level":"warn","event":"bfis-unit-decode-unknown-datum-index","datumIndex":191,"unitId":16778241,"recovery":"searching-for-end-of-data-marker"}
{"ts":"2025-11-19T02:44:59.376Z","level":"warn","event":"bfis-snapshot-empty-data","endpoint":"logs","message":"Empty logs array received"}
{"ts":"2025-11-19T02:44:59.411Z","level":"info","event":"bfis-snapshot-read-ok","snapshotId":"59d70eb9-f109-4de2-99ac-de9927f4a09e","sessionHash":"wXwFIkMvUoWzlJ4m","unitCount":56,"newUnitsInPoll":5,"cachedUnitsTotal":56,"unitsBufferSize":243,"weaponsBufferSize":8}
{"ts":"2025-11-19T02:45:00.352Z","level":"info","event":"bfis-binary-fetch","endpoint":"units","mode":"incremental","bytes":243,"lastTime":1763520299517}
{"ts":"2025-11-19T02:45:00.373Z","level":"warn","event":"bfis-snapshot-empty-data","endpoint":"weapons","bufferSize":8,"message":"Empty or minimal weapons data received"}
{"ts":"2025-11-19T02:45:00.374Z","level":"info","event":"bfis-binary-fetch","endpoint":"weapons","mode":"incremental","bytes":8,"lastTime":1763520299529}
{"ts":"2025-11-19T02:45:00.374Z","level":"warn","event":"bfis-unit-decode-unknown-datum-index","datumIndex":191,"unitId":16777473,"recovery":"searching-for-end-of-data-marker"}
{"ts":"2025-11-19T02:45:00.374Z","level":"warn","event":"bfis-unit-decode-unknown-datum-index","datumIndex":191,"unitId":16777985,"recovery":"searching-for-end-of-data-marker"}
{"ts":"2025-11-19T02:45:00.374Z","level":"warn","event":"bfis-unit-decode-unknown-datum-index","datumIndex":191,"unitId":16778241,"recovery":"searching-for-end-of-data-marker"}
{"ts":"2025-11-19T02:45:00.385Z","level":"warn","event":"bfis-snapshot-empty-data","endpoint":"logs","message":"Empty logs array received"}
{"ts":"2025-11-19T02:45:00.440Z","level":"info","event":"bfis-snapshot-read-ok","snapshotId":"d4995343-fcc5-4bb4-927a-8dc34a50f98d","sessionHash":"wXwFIkMvUoWzlJ4m","unitCount":56,"newUnitsInPoll":5,"cachedUnitsTotal":56,"unitsBufferSize":243,"weaponsBufferSize":8}
{"ts":"2025-11-19T02:45:01.350Z","level":"info","event":"bfis-binary-fetch","endpoint":"units","mode":"incremental","bytes":243,"lastTime":1763520300516}
{"ts":"2025-11-19T02:45:01.360Z","level":"warn","event":"bfis-snapshot-empty-data","endpoint":"weapons","bufferSize":8,"message":"Empty or minimal weapons data received"}
{"ts":"2025-11-19T02:45:01.360Z","level":"info","event":"bfis-binary-fetch","endpoint":"weapons","mode":"incremental","bytes":8,"lastTime":1763520300530}
{"ts":"2025-11-19T02:45:01.360Z","level":"warn","event":"bfis-unit-decode-unknown-datum-index","datumIndex":191,"unitId":16778241,"recovery":"searching-for-end-of-data-marker"}
{"ts":"2025-11-19T02:45:01.360Z","level":"warn","event":"bfis-unit-decode-unknown-datum-index","datumIndex":191,"unitId":16777473,"recovery":"searching-for-end-of-data-marker"}
{"ts":"2025-11-19T02:45:01.360Z","level":"warn","event":"bfis-unit-decode-unknown-datum-index","datumIndex":191,"unitId":16777985,"recovery":"searching-for-end-of-data-marker"}
{"ts":"2025-11-19T02:45:01.368Z","level":"warn","event":"bfis-snapshot-empty-data","endpoint":"logs","message":"Empty logs array received"}
{"ts":"2025-11-19T02:45:01.415Z","level":"info","event":"bfis-snapshot-read-ok","snapshotId":"d3eb8ede-ac3b-4c03-bdf4-d11d03968fe9","sessionHash":"wXwFIkMvUoWzlJ4m","unitCount":56,"newUnitsInPoll":5,"cachedUnitsTotal":56,"unitsBufferSize":243,"weaponsBufferSize":8}
{"ts":"2025-11-19T02:45:02.352Z","level":"info","event":"bfis-binary-fetch","endpoint":"units","mode":"incremental","bytes":243,"lastTime":1763520301514}
{"ts":"2025-11-19T02:45:02.363Z","level":"warn","event":"bfis-snapshot-empty-data","endpoint":"weapons","bufferSize":8,"message":"Empty or minimal weapons data received"}
{"ts":"2025-11-19T02:45:02.363Z","level":"info","event":"bfis-binary-fetch","endpoint":"weapons","mode":"incremental","bytes":8,"lastTime":1763520301524}
{"ts":"2025-11-19T02:45:02.363Z","level":"warn","event":"bfis-unit-decode-unknown-datum-index","datumIndex":191,"unitId":16777473,"recovery":"searching-for-end-of-data-marker"}
{"ts":"2025-11-19T02:45:02.363Z","level":"warn","event":"bfis-unit-decode-unknown-datum-index","datumIndex":191,"unitId":16777985,"recovery":"searching-for-end-of-data-marker"}
{"ts":"2025-11-19T02:45:02.364Z","level":"warn","event":"bfis-unit-decode-unknown-datum-index","datumIndex":192,"unitId":16778241,"recovery":"searching-for-end-of-data-marker"}
{"ts":"2025-11-19T02:45:02.371Z","level":"warn","event":"bfis-snapshot-empty-data","endpoint":"logs","message":"Empty logs array received"}
{"ts":"2025-11-19T02:45:02.406Z","level":"info","event":"bfis-snapshot-read-ok","snapshotId":"3ab56d21-d3b6-4f65-9cd2-3577812014fa","sessionHash":"wXwFIkMvUoWzlJ4m","unitCount":56,"newUnitsInPoll":5,"cachedUnitsTotal":56,"unitsBufferSize":243,"weaponsBufferSize":8}
{"ts":"2025-11-19T02:45:03.356Z","level":"info","event":"bfis-binary-fetch","endpoint":"units","mode":"incremental","bytes":243,"lastTime":1763520302514}
{"ts":"2025-11-19T02:45:03.366Z","level":"warn","event":"bfis-snapshot-empty-data","endpoint":"weapons","bufferSize":8,"message":"Empty or minimal weapons data received"}
{"ts":"2025-11-19T02:45:03.366Z","level":"info","event":"bfis-binary-fetch","endpoint":"weapons","mode":"incremental","bytes":8,"lastTime":1763520302525}
{"ts":"2025-11-19T02:45:03.367Z","level":"warn","event":"bfis-unit-decode-unknown-datum-index","datumIndex":191,"unitId":16777473,"recovery":"searching-for-end-of-data-marker"}
{"ts":"2025-11-19T02:45:03.367Z","level":"warn","event":"bfis-unit-decode-unknown-datum-index","datumIndex":191,"unitId":16777985,"recovery":"searching-for-end-of-data-marker"}
{"ts":"2025-11-19T02:45:03.367Z","level":"warn","event":"bfis-unit-decode-unknown-datum-index","datumIndex":191,"unitId":4136732675,"recovery":"searching-for-end-of-data-marker"}
{"ts":"2025-11-19T02:45:03.367Z","level":"warn","event":"bfis-unit-decode-unknown-datum-index","datumIndex":192,"unitId":16778241,"recovery":"searching-for-end-of-data-marker"}
{"ts":"2025-11-19T02:45:03.377Z","level":"warn","event":"bfis-snapshot-empty-data","endpoint":"logs","message":"Empty logs array received"}
{"ts":"2025-11-19T02:45:03.424Z","level":"info","event":"bfis-snapshot-read-ok","snapshotId":"592629f3-dd9d-4c9a-8577-e353c3ec7d1a","sessionHash":"wXwFIkMvUoWzlJ4m","unitCount":57,"newUnitsInPoll":6,"cachedUnitsTotal":57,"unitsBufferSize":243,"weaponsBufferSize":8}
{"ts":"2025-11-19T02:45:04.354Z","level":"info","event":"bfis-binary-fetch","endpoint":"units","mode":"incremental","bytes":243,"lastTime":1763520303518}
{"ts":"2025-11-19T02:45:04.366Z","level":"warn","event":"bfis-snapshot-empty-data","endpoint":"weapons","bufferSize":8,"message":"Empty or minimal weapons data received"}
{"ts":"2025-11-19T02:45:04.366Z","level":"info","event":"bfis-binary-fetch","endpoint":"weapons","mode":"incremental","bytes":8,"lastTime":1763520303530}
{"ts":"2025-11-19T02:45:04.366Z","level":"warn","event":"bfis-unit-decode-unknown-datum-index","datumIndex":191,"unitId":16777473,"recovery":"searching-for-end-of-data-marker"}
{"ts":"2025-11-19T02:45:04.366Z","level":"warn","event":"bfis-unit-decode-unknown-datum-index","datumIndex":191,"unitId":16777985,"recovery":"searching-for-end-of-data-marker"}
{"ts":"2025-11-19T02:45:04.367Z","level":"warn","event":"bfis-unit-decode-unknown-datum-index","datumIndex":192,"unitId":16778241,"recovery":"searching-for-end-of-data-marker"}
{"ts":"2025-11-19T02:45:04.377Z","level":"warn","event":"bfis-snapshot-empty-data","endpoint":"logs","message":"Empty logs array received"}
{"ts":"2025-11-19T02:45:04.415Z","level":"info","event":"bfis-snapshot-read-ok","snapshotId":"7cb18c46-300a-4b85-984e-7dd41f13769d","sessionHash":"wXwFIkMvUoWzlJ4m","unitCount":57,"newUnitsInPoll":5,"cachedUnitsTotal":57,"unitsBufferSize":243,"weaponsBufferSize":8}
{"ts":"2025-11-19T02:45:05.353Z","level":"info","event":"bfis-binary-fetch","endpoint":"units","mode":"incremental","bytes":243,"lastTime":1763520304518}
{"ts":"2025-11-19T02:45:05.362Z","level":"info","event":"bfis-binary-fetch","endpoint":"weapons","mode":"incremental","bytes":8,"lastTime":1763520304527}
{"ts":"2025-11-19T02:45:05.362Z","level":"warn","event":"bfis-snapshot-empty-data","endpoint":"weapons","bufferSize":8,"message":"Empty or minimal weapons data received"}
{"ts":"2025-11-19T02:45:05.362Z","level":"warn","event":"bfis-unit-decode-unknown-datum-index","datumIndex":191,"unitId":16777473,"recovery":"searching-for-end-of-data-marker"}
{"ts":"2025-11-19T02:45:05.362Z","level":"warn","event":"bfis-unit-decode-unknown-datum-index","datumIndex":191,"unitId":16777985,"recovery":"searching-for-end-of-data-marker"}
{"ts":"2025-11-19T02:45:05.363Z","level":"warn","event":"bfis-unit-decode-unknown-datum-index","datumIndex":192,"unitId":16778241,"recovery":"searching-for-end-of-data-marker"}
{"ts":"2025-11-19T02:45:05.372Z","level":"warn","event":"bfis-snapshot-empty-data","endpoint":"logs","message":"Empty logs array received"}
{"ts":"2025-11-19T02:45:05.412Z","level":"info","event":"bfis-snapshot-read-ok","snapshotId":"8140bd65-d432-497a-8188-d8c38c333782","sessionHash":"wXwFIkMvUoWzlJ4m","unitCount":57,"newUnitsInPoll":5,"cachedUnitsTotal":57,"unitsBufferSize":243,"weaponsBufferSize":8}
{"ts":"2025-11-19T02:45:06.353Z","level":"info","event":"bfis-binary-fetch","endpoint":"units","mode":"incremental","bytes":243,"lastTime":1763520305517}
{"ts":"2025-11-19T02:45:06.364Z","level":"warn","event":"bfis-snapshot-empty-data","endpoint":"weapons","bufferSize":8,"message":"Empty or minimal weapons data received"}
{"ts":"2025-11-19T02:45:06.364Z","level":"warn","event":"bfis-unit-decode-unknown-datum-index","datumIndex":192,"unitId":16778241,"recovery":"searching-for-end-of-data-marker"}
{"ts":"2025-11-19T02:45:06.364Z","level":"info","event":"bfis-binary-fetch","endpoint":"weapons","mode":"incremental","bytes":8,"lastTime":1763520305526}
{"ts":"2025-11-19T02:45:06.364Z","level":"warn","event":"bfis-unit-decode-unknown-datum-index","datumIndex":191,"unitId":16777473,"recovery":"searching-for-end-of-data-marker"}
{"ts":"2025-11-19T02:45:06.364Z","level":"warn","event":"bfis-unit-decode-unknown-datum-index","datumIndex":191,"unitId":16777985,"recovery":"searching-for-end-of-data-marker"}
{"ts":"2025-11-19T02:45:06.373Z","level":"warn","event":"bfis-snapshot-empty-data","endpoint":"logs","message":"Empty logs array received"}
{"ts":"2025-11-19T02:45:06.450Z","level":"info","event":"bfis-snapshot-read-ok","snapshotId":"f8c84fb5-e77d-40e3-a9b1-5571b2dd9668","sessionHash":"wXwFIkMvUoWzlJ4m","unitCount":57,"newUnitsInPoll":5,"cachedUnitsTotal":57,"unitsBufferSize":243,"weaponsBufferSize":8}
{"ts":"2025-11-19T02:45:07.352Z","level":"info","event":"bfis-binary-fetch","endpoint":"units","mode":"incremental","bytes":243,"lastTime":1763520306517}
{"ts":"2025-11-19T02:45:07.362Z","level":"info","event":"bfis-binary-fetch","endpoint":"weapons","mode":"incremental","bytes":8,"lastTime":1763520306527}
{"ts":"2025-11-19T02:45:07.362Z","level":"warn","event":"bfis-snapshot-empty-data","endpoint":"weapons","bufferSize":8,"message":"Empty or minimal weapons data received"}
{"ts":"2025-11-19T02:45:07.362Z","level":"warn","event":"bfis-unit-decode-unknown-datum-index","datumIndex":191,"unitId":16777473,"recovery":"searching-for-end-of-data-marker"}
{"ts":"2025-11-19T02:45:07.363Z","level":"warn","event":"bfis-unit-decode-unknown-datum-index","datumIndex":191,"unitId":16777985,"recovery":"searching-for-end-of-data-marker"}
{"ts":"2025-11-19T02:45:07.363Z","level":"warn","event":"bfis-unit-decode-unknown-datum-index","datumIndex":192,"unitId":16778241,"recovery":"searching-for-end-of-data-marker"}
{"ts":"2025-11-19T02:45:07.371Z","level":"warn","event":"bfis-snapshot-empty-data","endpoint":"logs","message":"Empty logs array received"}
{"ts":"2025-11-19T02:45:07.403Z","level":"info","event":"bfis-snapshot-read-ok","snapshotId":"3c13756c-8015-4f1c-a3b4-5d64153dde8a","sessionHash":"wXwFIkMvUoWzlJ4m","unitCount":57,"newUnitsInPoll":5,"cachedUnitsTotal":57,"unitsBufferSize":243,"weaponsBufferSize":8}
{"ts":"2025-11-19T02:45:08.367Z","level":"info","event":"bfis-binary-fetch","endpoint":"units","mode":"incremental","bytes":243,"lastTime":1763520307515}
{"ts":"2025-11-19T02:45:08.381Z","level":"info","event":"bfis-binary-fetch","endpoint":"weapons","mode":"incremental","bytes":8,"lastTime":1763520307525}
{"ts":"2025-11-19T02:45:08.381Z","level":"warn","event":"bfis-snapshot-empty-data","endpoint":"weapons","bufferSize":8,"message":"Empty or minimal weapons data received"}
{"ts":"2025-11-19T02:45:08.381Z","level":"warn","event":"bfis-unit-decode-unknown-datum-index","datumIndex":191,"unitId":16777473,"recovery":"searching-for-end-of-data-marker"}
{"ts":"2025-11-19T02:45:08.381Z","level":"warn","event":"bfis-unit-decode-unknown-datum-index","datumIndex":191,"unitId":16777985,"recovery":"searching-for-end-of-data-marker"}
{"ts":"2025-11-19T02:45:08.381Z","level":"warn","event":"bfis-unit-decode-unknown-datum-index","datumIndex":192,"unitId":16778241,"recovery":"searching-for-end-of-data-marker"}
{"ts":"2025-11-19T02:45:08.393Z","level":"warn","event":"bfis-snapshot-empty-data","endpoint":"logs","message":"Empty logs array received"}
{"ts":"2025-11-19T02:45:08.433Z","level":"info","event":"bfis-snapshot-read-ok","snapshotId":"cb03024a-1f18-4d34-8635-473a67c8bcef","sessionHash":"wXwFIkMvUoWzlJ4m","unitCount":57,"newUnitsInPoll":5,"cachedUnitsTotal":57,"unitsBufferSize":243,"weaponsBufferSize":8}
{"ts":"2025-11-19T02:45:09.355Z","level":"info","event":"bfis-binary-fetch","endpoint":"units","mode":"incremental","bytes":246,"lastTime":1763520308527}
{"ts":"2025-11-19T02:45:09.364Z","level":"warn","event":"bfis-snapshot-empty-data","endpoint":"weapons","bufferSize":8,"message":"Empty or minimal weapons data received"}
{"ts":"2025-11-19T02:45:09.364Z","level":"info","event":"bfis-binary-fetch","endpoint":"weapons","mode":"incremental","bytes":8,"lastTime":1763520308545}
{"ts":"2025-11-19T02:45:09.365Z","level":"warn","event":"bfis-unit-decode-unknown-datum-index","datumIndex":191,"unitId":16777985,"recovery":"searching-for-end-of-data-marker"}
{"ts":"2025-11-19T02:45:09.365Z","level":"warn","event":"bfis-unit-decode-unknown-datum-index","datumIndex":192,"unitId":16778241,"recovery":"searching-for-end-of-data-marker"}
{"ts":"2025-11-19T02:45:09.376Z","level":"warn","event":"bfis-snapshot-empty-data","endpoint":"logs","message":"Empty logs array received"}
{"ts":"2025-11-19T02:45:09.428Z","level":"info","event":"bfis-snapshot-read-ok","snapshotId":"c145c7e3-f96a-4bab-b66e-04ed0502bf27","sessionHash":"wXwFIkMvUoWzlJ4m","unitCount":57,"newUnitsInPoll":4,"cachedUnitsTotal":57,"unitsBufferSize":246,"weaponsBufferSize":8}
{"ts":"2025-11-19T02:45:10.364Z","level":"info","event":"bfis-binary-fetch","endpoint":"units","mode":"incremental","bytes":243,"lastTime":1763520309518}
{"ts":"2025-11-19T02:45:10.378Z","level":"warn","event":"bfis-snapshot-empty-data","endpoint":"weapons","bufferSize":8,"message":"Empty or minimal weapons data received"}
{"ts":"2025-11-19T02:45:10.378Z","level":"info","event":"bfis-binary-fetch","endpoint":"weapons","mode":"incremental","bytes":8,"lastTime":1763520309528}
{"ts":"2025-11-19T02:45:10.388Z","level":"warn","event":"bfis-snapshot-empty-data","endpoint":"logs","message":"Empty logs array received"}
{"ts":"2025-11-19T02:45:10.479Z","level":"info","event":"bfis-snapshot-read-ok","snapshotId":"f726d6b1-a87c-4b35-9b85-514a1fcb79d0","sessionHash":"wXwFIkMvUoWzlJ4m","unitCount":57,"newUnitsInPoll":1,"cachedUnitsTotal":57,"unitsBufferSize":243,"weaponsBufferSize":8}
{"ts":"2025-11-19T02:45:11.356Z","level":"info","event":"bfis-binary-fetch","endpoint":"units","mode":"incremental","bytes":243,"lastTime":1763520310527}
{"ts":"2025-11-19T02:45:11.365Z","level":"warn","event":"bfis-snapshot-empty-data","endpoint":"weapons","bufferSize":8,"message":"Empty or minimal weapons data received"}
{"ts":"2025-11-19T02:45:11.365Z","level":"info","event":"bfis-binary-fetch","endpoint":"weapons","mode":"incremental","bytes":8,"lastTime":1763520310540}
{"ts":"2025-11-19T02:45:11.375Z","level":"warn","event":"bfis-snapshot-empty-data","endpoint":"logs","message":"Empty logs array received"}
{"ts":"2025-11-19T02:45:11.435Z","level":"info","event":"bfis-snapshot-read-ok","snapshotId":"b247fa28-c653-4d5a-8f7c-acce3052bd76","sessionHash":"wXwFIkMvUoWzlJ4m","unitCount":57,"newUnitsInPoll":1,"cachedUnitsTotal":57,"unitsBufferSize":243,"weaponsBufferSize":8}
{"ts":"2025-11-19T02:45:12.371Z","level":"info","event":"bfis-binary-fetch","endpoint":"units","mode":"incremental","bytes":243,"lastTime":1763520311520}
{"ts":"2025-11-19T02:45:12.380Z","level":"info","event":"bfis-binary-fetch","endpoint":"weapons","mode":"incremental","bytes":8,"lastTime":1763520311529}
{"ts":"2025-11-19T02:45:12.380Z","level":"warn","event":"bfis-snapshot-empty-data","endpoint":"weapons","bufferSize":8,"message":"Empty or minimal weapons data received"}
{"ts":"2025-11-19T02:45:12.391Z","level":"warn","event":"bfis-snapshot-empty-data","endpoint":"logs","message":"Empty logs array received"}
{"ts":"2025-11-19T02:45:12.446Z","level":"info","event":"bfis-snapshot-read-ok","snapshotId":"b9fde5e9-f73c-4081-a343-6644a49a23c4","sessionHash":"wXwFIkMvUoWzlJ4m","unitCount":57,"newUnitsInPoll":1,"cachedUnitsTotal":57,"unitsBufferSize":243,"weaponsBufferSize":8}
{"ts":"2025-11-19T02:45:13.363Z","level":"info","event":"bfis-binary-fetch","endpoint":"units","mode":"incremental","bytes":243,"lastTime":1763520312534}
{"ts":"2025-11-19T02:45:13.375Z","level":"warn","event":"bfis-snapshot-empty-data","endpoint":"weapons","bufferSize":8,"message":"Empty or minimal weapons data received"}
{"ts":"2025-11-19T02:45:13.376Z","level":"info","event":"bfis-binary-fetch","endpoint":"weapons","mode":"incremental","bytes":8,"lastTime":1763520312545}
{"ts":"2025-11-19T02:45:13.385Z","level":"warn","event":"bfis-snapshot-empty-data","endpoint":"logs","message":"Empty logs array received"}
{"ts":"2025-11-19T02:45:13.447Z","level":"info","event":"bfis-snapshot-read-ok","snapshotId":"1f3c6cc5-c8ef-4df0-9a9c-14acb8e5a7b7","sessionHash":"wXwFIkMvUoWzlJ4m","unitCount":57,"newUnitsInPoll":1,"cachedUnitsTotal":57,"unitsBufferSize":243,"weaponsBufferSize":8}
{"ts":"2025-11-19T02:45:14.360Z","level":"info","event":"bfis-binary-fetch","endpoint":"units","mode":"incremental","bytes":243,"lastTime":1763520313524}
{"ts":"2025-11-19T02:45:14.370Z","level":"warn","event":"bfis-snapshot-empty-data","endpoint":"weapons","bufferSize":8,"message":"Empty or minimal weapons data received"}
{"ts":"2025-11-19T02:45:14.370Z","level":"info","event":"bfis-binary-fetch","endpoint":"weapons","mode":"incremental","bytes":8,"lastTime":1763520313537}
{"ts":"2025-11-19T02:45:14.379Z","level":"warn","event":"bfis-snapshot-empty-data","endpoint":"logs","message":"Empty logs array received"}
{"ts":"2025-11-19T02:45:14.432Z","level":"info","event":"bfis-snapshot-read-ok","snapshotId":"2b611c8d-ca20-4620-b7ee-accce170b201","sessionHash":"wXwFIkMvUoWzlJ4m","unitCount":57,"newUnitsInPoll":1,"cachedUnitsTotal":57,"unitsBufferSize":243,"weaponsBufferSize":8}
{"ts":"2025-11-19T02:45:15.361Z","level":"info","event":"bfis-binary-fetch","endpoint":"units","mode":"incremental","bytes":251,"lastTime":1763520314524}
{"ts":"2025-11-19T02:45:15.373Z","level":"warn","event":"bfis-snapshot-empty-data","endpoint":"weapons","bufferSize":8,"message":"Empty or minimal weapons data received"}
{"ts":"2025-11-19T02:45:15.373Z","level":"info","event":"bfis-binary-fetch","endpoint":"weapons","mode":"incremental","bytes":8,"lastTime":1763520314533}
{"ts":"2025-11-19T02:45:15.383Z","level":"warn","event":"bfis-snapshot-empty-data","endpoint":"logs","message":"Empty logs array received"}
{"ts":"2025-11-19T02:45:15.432Z","level":"info","event":"bfis-snapshot-read-ok","snapshotId":"8eb38f91-0875-48f3-9d39-c09f5401658a","sessionHash":"wXwFIkMvUoWzlJ4m","unitCount":57,"newUnitsInPoll":1,"cachedUnitsTotal":57,"unitsBufferSize":251,"weaponsBufferSize":8}
{"ts":"2025-11-19T02:45:16.365Z","level":"info","event":"bfis-binary-fetch","endpoint":"units","mode":"incremental","bytes":243,"lastTime":1763520315525}
{"ts":"2025-11-19T02:45:16.377Z","level":"warn","event":"bfis-snapshot-empty-data","endpoint":"weapons","bufferSize":8,"message":"Empty or minimal weapons data received"}
{"ts":"2025-11-19T02:45:16.377Z","level":"info","event":"bfis-binary-fetch","endpoint":"weapons","mode":"incremental","bytes":8,"lastTime":1763520315537}
{"ts":"2025-11-19T02:45:16.391Z","level":"warn","event":"bfis-snapshot-empty-data","endpoint":"logs","message":"Empty logs array received"}
{"ts":"2025-11-19T02:45:16.427Z","level":"info","event":"bfis-snapshot-read-ok","snapshotId":"261f67bf-36db-4632-919a-0577e8d904dc","sessionHash":"wXwFIkMvUoWzlJ4m","unitCount":57,"newUnitsInPoll":1,"cachedUnitsTotal":57,"unitsBufferSize":243,"weaponsBufferSize":8}
{"ts":"2025-11-19T02:45:17.363Z","level":"info","event":"bfis-binary-fetch","endpoint":"units","mode":"incremental","bytes":243,"lastTime":1763520316528}
{"ts":"2025-11-19T02:45:17.377Z","level":"warn","event":"bfis-snapshot-empty-data","endpoint":"weapons","bufferSize":8,"message":"Empty or minimal weapons data received"}
{"ts":"2025-11-19T02:45:17.377Z","level":"info","event":"bfis-binary-fetch","endpoint":"weapons","mode":"incremental","bytes":8,"lastTime":1763520316540}
{"ts":"2025-11-19T02:45:17.388Z","level":"warn","event":"bfis-snapshot-empty-data","endpoint":"logs","message":"Empty logs array received"}
{"ts":"2025-11-19T02:45:17.428Z","level":"info","event":"bfis-snapshot-read-ok","snapshotId":"f158fe53-874a-4cc6-bb7f-28094743f2db","sessionHash":"wXwFIkMvUoWzlJ4m","unitCount":57,"newUnitsInPoll":1,"cachedUnitsTotal":57,"unitsBufferSize":243,"weaponsBufferSize":8}
{"ts":"2025-11-19T02:45:18.365Z","level":"info","event":"bfis-binary-fetch","endpoint":"units","mode":"incremental","bytes":243,"lastTime":1763520317527}
{"ts":"2025-11-19T02:45:18.374Z","level":"info","event":"bfis-binary-fetch","endpoint":"weapons","mode":"incremental","bytes":8,"lastTime":1763520317540}
{"ts":"2025-11-19T02:45:18.374Z","level":"warn","event":"bfis-snapshot-empty-data","endpoint":"weapons","bufferSize":8,"message":"Empty or minimal weapons data received"}
{"ts":"2025-11-19T02:45:18.388Z","level":"warn","event":"bfis-snapshot-empty-data","endpoint":"logs","message":"Empty logs array received"}
{"ts":"2025-11-19T02:45:18.434Z","level":"info","event":"bfis-snapshot-read-ok","snapshotId":"479e6a02-d9d3-4e21-886a-021306dc9f75","sessionHash":"wXwFIkMvUoWzlJ4m","unitCount":57,"newUnitsInPoll":1,"cachedUnitsTotal":57,"unitsBufferSize":243,"weaponsBufferSize":8}
{"ts":"2025-11-19T02:45:19.368Z","level":"info","event":"bfis-binary-fetch","endpoint":"units","mode":"incremental","bytes":243,"lastTime":1763520318529}
{"ts":"2025-11-19T02:45:19.380Z","level":"warn","event":"bfis-snapshot-empty-data","endpoint":"weapons","bufferSize":8,"message":"Empty or minimal weapons data received"}
{"ts":"2025-11-19T02:45:19.380Z","level":"info","event":"bfis-binary-fetch","endpoint":"weapons","mode":"incremental","bytes":8,"lastTime":1763520318539}
{"ts":"2025-11-19T02:45:19.390Z","level":"warn","event":"bfis-snapshot-empty-data","endpoint":"logs","message":"Empty logs array received"}
{"ts":"2025-11-19T02:45:19.437Z","level":"info","event":"bfis-snapshot-read-ok","snapshotId":"77309d37-2439-495d-8727-7036879eabcc","sessionHash":"wXwFIkMvUoWzlJ4m","unitCount":57,"newUnitsInPoll":1,"cachedUnitsTotal":57,"unitsBufferSize":243,"weaponsBufferSize":8}
{"ts":"2025-11-19T02:45:20.368Z","level":"info","event":"bfis-binary-fetch","endpoint":"units","mode":"incremental","bytes":243,"lastTime":1763520319530}
{"ts":"2025-11-19T02:45:20.378Z","level":"warn","event":"bfis-snapshot-empty-data","endpoint":"weapons","bufferSize":8,"message":"Empty or minimal weapons data received"}
{"ts":"2025-11-19T02:45:20.378Z","level":"info","event":"bfis-binary-fetch","endpoint":"weapons","mode":"incremental","bytes":8,"lastTime":1763520319542}
{"ts":"2025-11-19T02:45:20.389Z","level":"warn","event":"bfis-snapshot-empty-data","endpoint":"logs","message":"Empty logs array received"}
{"ts":"2025-11-19T02:45:20.434Z","level":"info","event":"bfis-snapshot-read-ok","snapshotId":"1a44ae34-d702-4813-9972-e37659587ad8","sessionHash":"wXwFIkMvUoWzlJ4m","unitCount":57,"newUnitsInPoll":1,"cachedUnitsTotal":57,"unitsBufferSize":243,"weaponsBufferSize":8}
{"ts":"2025-11-19T02:45:21.370Z","level":"info","event":"bfis-binary-fetch","endpoint":"units","mode":"incremental","bytes":243,"lastTime":1763520320531}
{"ts":"2025-11-19T02:45:21.379Z","level":"warn","event":"bfis-snapshot-empty-data","endpoint":"weapons","bufferSize":8,"message":"Empty or minimal weapons data received"}
{"ts":"2025-11-19T02:45:21.379Z","level":"info","event":"bfis-binary-fetch","endpoint":"weapons","mode":"incremental","bytes":8,"lastTime":1763520320543}
{"ts":"2025-11-19T02:45:21.389Z","level":"warn","event":"bfis-snapshot-empty-data","endpoint":"logs","message":"Empty logs array received"}
{"ts":"2025-11-19T02:45:21.423Z","level":"info","event":"bfis-snapshot-read-ok","snapshotId":"76637979-ef3f-4d49-b3df-308da7633682","sessionHash":"wXwFIkMvUoWzlJ4m","unitCount":57,"newUnitsInPoll":1,"cachedUnitsTotal":57,"unitsBufferSize":243,"weaponsBufferSize":8}
{"ts":"2025-11-19T02:45:22.366Z","level":"info","event":"bfis-binary-fetch","endpoint":"units","mode":"incremental","bytes":246,"lastTime":1763520321533}
{"ts":"2025-11-19T02:45:22.376Z","level":"info","event":"bfis-binary-fetch","endpoint":"weapons","mode":"incremental","bytes":8,"lastTime":1763520321544}
{"ts":"2025-11-19T02:45:22.376Z","level":"warn","event":"bfis-snapshot-empty-data","endpoint":"weapons","bufferSize":8,"message":"Empty or minimal weapons data received"}
{"ts":"2025-11-19T02:45:22.376Z","level":"warn","event":"bfis-unit-decode-unknown-datum-index","datumIndex":191,"unitId":16777473,"recovery":"searching-for-end-of-data-marker"}
{"ts":"2025-11-19T02:45:22.376Z","level":"warn","event":"bfis-unit-decode-unknown-datum-index","datumIndex":192,"unitId":16777985,"recovery":"searching-for-end-of-data-marker"}
{"ts":"2025-11-19T02:45:22.387Z","level":"warn","event":"bfis-snapshot-empty-data","endpoint":"logs","message":"Empty logs array received"}
{"ts":"2025-11-19T02:45:22.439Z","level":"info","event":"bfis-snapshot-read-ok","snapshotId":"bcc0ec47-e1a5-4ed0-ba1c-712e543c3e2c","sessionHash":"wXwFIkMvUoWzlJ4m","unitCount":57,"newUnitsInPoll":4,"cachedUnitsTotal":57,"unitsBufferSize":246,"weaponsBufferSize":8}
{"ts":"2025-11-19T02:45:23.391Z","level":"info","event":"bfis-binary-fetch","endpoint":"units","mode":"incremental","bytes":243,"lastTime":1763520322530}
{"ts":"2025-11-19T02:45:23.405Z","level":"warn","event":"bfis-snapshot-empty-data","endpoint":"weapons","bufferSize":8,"message":"Empty or minimal weapons data received"}
{"ts":"2025-11-19T02:45:23.405Z","level":"info","event":"bfis-binary-fetch","endpoint":"weapons","mode":"incremental","bytes":8,"lastTime":1763520322541}
{"ts":"2025-11-19T02:45:23.405Z","level":"warn","event":"bfis-unit-decode-unknown-datum-index","datumIndex":192,"unitId":16777985,"recovery":"searching-for-end-of-data-marker"}
{"ts":"2025-11-19T02:45:23.405Z","level":"warn","event":"bfis-unit-decode-unknown-datum-index","datumIndex":191,"unitId":16777473,"recovery":"searching-for-end-of-data-marker"}
{"ts":"2025-11-19T02:45:23.406Z","level":"warn","event":"bfis-unit-decode-field-error","datumIndex":63,"unitId":16778241,"error":"Offset is outside the bounds of the DataView","errorType":"RangeError"}
{"ts":"2025-11-19T02:45:23.420Z","level":"warn","event":"bfis-snapshot-empty-data","endpoint":"logs","message":"Empty logs array received"}
{"ts":"2025-11-19T02:45:23.459Z","level":"info","event":"bfis-snapshot-read-ok","snapshotId":"1b94652f-986f-4336-a08b-cced618c4152","sessionHash":"wXwFIkMvUoWzlJ4m","unitCount":57,"newUnitsInPoll":5,"cachedUnitsTotal":57,"unitsBufferSize":243,"weaponsBufferSize":8}
{"ts":"2025-11-19T02:45:24.380Z","level":"info","event":"bfis-binary-fetch","endpoint":"units","mode":"incremental","bytes":243,"lastTime":1763520323554}
{"ts":"2025-11-19T02:45:24.391Z","level":"info","event":"bfis-binary-fetch","endpoint":"weapons","mode":"incremental","bytes":8,"lastTime":1763520323568}
{"ts":"2025-11-19T02:45:24.391Z","level":"warn","event":"bfis-snapshot-empty-data","endpoint":"weapons","bufferSize":8,"message":"Empty or minimal weapons data received"}
{"ts":"2025-11-19T02:45:24.391Z","level":"warn","event":"bfis-unit-decode-unknown-datum-index","datumIndex":191,"unitId":16777473,"recovery":"searching-for-end-of-data-marker"}
{"ts":"2025-11-19T02:45:24.391Z","level":"warn","event":"bfis-unit-decode-unknown-datum-index","datumIndex":192,"unitId":16777985,"recovery":"searching-for-end-of-data-marker"}
{"ts":"2025-11-19T02:45:24.391Z","level":"warn","event":"bfis-unit-decode-field-error","datumIndex":63,"unitId":16778241,"error":"Offset is outside the bounds of the DataView","errorType":"RangeError"}
{"ts":"2025-11-19T02:45:24.402Z","level":"warn","event":"bfis-snapshot-empty-data","endpoint":"logs","message":"Empty logs array received"}
{"ts":"2025-11-19T02:45:24.444Z","level":"info","event":"bfis-snapshot-read-ok","snapshotId":"5bc9aa64-612e-48c3-8acd-d237a88ea58c","sessionHash":"wXwFIkMvUoWzlJ4m","unitCount":57,"newUnitsInPoll":5,"cachedUnitsTotal":57,"unitsBufferSize":243,"weaponsBufferSize":8}
{"ts":"2025-11-19T02:45:25.367Z","level":"info","event":"bfis-binary-fetch","endpoint":"units","mode":"incremental","bytes":243,"lastTime":1763520324542}
{"ts":"2025-11-19T02:45:25.377Z","level":"warn","event":"bfis-snapshot-empty-data","endpoint":"weapons","bufferSize":8,"message":"Empty or minimal weapons data received"}
{"ts":"2025-11-19T02:45:25.378Z","level":"info","event":"bfis-binary-fetch","endpoint":"weapons","mode":"incremental","bytes":8,"lastTime":1763520324555}
{"ts":"2025-11-19T02:45:25.378Z","level":"warn","event":"bfis-unit-decode-unknown-datum-index","datumIndex":191,"unitId":16777473,"recovery":"searching-for-end-of-data-marker"}
{"ts":"2025-11-19T02:45:25.378Z","level":"warn","event":"bfis-unit-decode-unknown-datum-index","datumIndex":192,"unitId":16777985,"recovery":"searching-for-end-of-data-marker"}
{"ts":"2025-11-19T02:45:25.378Z","level":"warn","event":"bfis-unit-decode-field-error","datumIndex":63,"unitId":16778241,"error":"Offset is outside the bounds of the DataView","errorType":"RangeError"}
{"ts":"2025-11-19T02:45:25.387Z","level":"warn","event":"bfis-snapshot-empty-data","endpoint":"logs","message":"Empty logs array received"}
{"ts":"2025-11-19T02:45:25.436Z","level":"info","event":"bfis-snapshot-read-ok","snapshotId":"ea80e2d2-8b88-493b-95c0-31aea5c11533","sessionHash":"wXwFIkMvUoWzlJ4m","unitCount":57,"newUnitsInPoll":5,"cachedUnitsTotal":57,"unitsBufferSize":243,"weaponsBufferSize":8}
{"ts":"2025-11-19T02:45:26.366Z","level":"info","event":"bfis-binary-fetch","endpoint":"units","mode":"incremental","bytes":243,"lastTime":1763520325531}
{"ts":"2025-11-19T02:45:26.376Z","level":"warn","event":"bfis-snapshot-empty-data","endpoint":"weapons","bufferSize":8,"message":"Empty or minimal weapons data received"}
{"ts":"2025-11-19T02:45:26.376Z","level":"info","event":"bfis-binary-fetch","endpoint":"weapons","mode":"incremental","bytes":8,"lastTime":1763520325542}
{"ts":"2025-11-19T02:45:26.376Z","level":"warn","event":"bfis-unit-decode-unknown-datum-index","datumIndex":192,"unitId":16777985,"recovery":"searching-for-end-of-data-marker"}
{"ts":"2025-11-19T02:45:26.376Z","level":"warn","event":"bfis-unit-decode-unknown-datum-index","datumIndex":191,"unitId":16777473,"recovery":"searching-for-end-of-data-marker"}
{"ts":"2025-11-19T02:45:26.376Z","level":"warn","event":"bfis-unit-decode-field-error","datumIndex":63,"unitId":16778241,"error":"Offset is outside the bounds of the DataView","errorType":"RangeError"}
{"ts":"2025-11-19T02:45:26.391Z","level":"warn","event":"bfis-snapshot-empty-data","endpoint":"logs","message":"Empty logs array received"}
{"ts":"2025-11-19T02:45:26.437Z","level":"info","event":"bfis-snapshot-read-ok","snapshotId":"3e7214cc-c914-4f59-a2b9-2a9484bcd3b2","sessionHash":"wXwFIkMvUoWzlJ4m","unitCount":57,"newUnitsInPoll":5,"cachedUnitsTotal":57,"unitsBufferSize":243,"weaponsBufferSize":8}
{"ts":"2025-11-19T02:45:27.369Z","level":"info","event":"bfis-binary-fetch","endpoint":"units","mode":"incremental","bytes":243,"lastTime":1763520326530}
{"ts":"2025-11-19T02:45:27.382Z","level":"warn","event":"bfis-snapshot-empty-data","endpoint":"weapons","bufferSize":8,"message":"Empty or minimal weapons data received"}
{"ts":"2025-11-19T02:45:27.382Z","level":"info","event":"bfis-binary-fetch","endpoint":"weapons","mode":"incremental","bytes":8,"lastTime":1763520326539}
{"ts":"2025-11-19T02:45:27.382Z","level":"warn","event":"bfis-unit-decode-unknown-datum-index","datumIndex":191,"unitId":16777473,"recovery":"searching-for-end-of-data-marker"}
{"ts":"2025-11-19T02:45:27.382Z","level":"warn","event":"bfis-unit-decode-unknown-datum-index","datumIndex":192,"unitId":16777985,"recovery":"searching-for-end-of-data-marker"}
{"ts":"2025-11-19T02:45:27.382Z","level":"warn","event":"bfis-unit-decode-field-error","datumIndex":63,"unitId":16778241,"error":"Offset is outside the bounds of the DataView","errorType":"RangeError"}
{"ts":"2025-11-19T02:45:27.396Z","level":"warn","event":"bfis-snapshot-empty-data","endpoint":"logs","message":"Empty logs array received"}
{"ts":"2025-11-19T02:45:27.448Z","level":"info","event":"bfis-snapshot-read-ok","snapshotId":"669e0114-7268-491a-a7da-874520a5816f","sessionHash":"wXwFIkMvUoWzlJ4m","unitCount":57,"newUnitsInPoll":5,"cachedUnitsTotal":57,"unitsBufferSize":243,"weaponsBufferSize":8}
{"ts":"2025-11-19T02:45:28.373Z","level":"info","event":"bfis-binary-fetch","endpoint":"units","mode":"incremental","bytes":243,"lastTime":1763520327532}
{"ts":"2025-11-19T02:45:28.392Z","level":"info","event":"bfis-binary-fetch","endpoint":"weapons","mode":"incremental","bytes":8,"lastTime":1763520327545}
{"ts":"2025-11-19T02:45:28.392Z","level":"warn","event":"bfis-snapshot-empty-data","endpoint":"weapons","bufferSize":8,"message":"Empty or minimal weapons data received"}
{"ts":"2025-11-19T02:45:28.392Z","level":"warn","event":"bfis-unit-decode-unknown-datum-index","datumIndex":191,"unitId":16777473,"recovery":"searching-for-end-of-data-marker"}
{"ts":"2025-11-19T02:45:28.393Z","level":"warn","event":"bfis-unit-decode-unknown-datum-index","datumIndex":192,"unitId":16777985,"recovery":"searching-for-end-of-data-marker"}
{"ts":"2025-11-19T02:45:28.393Z","level":"warn","event":"bfis-unit-decode-field-error","datumIndex":63,"unitId":16778241,"error":"Offset is outside the bounds of the DataView","errorType":"RangeError"}
{"ts":"2025-11-19T02:45:28.404Z","level":"warn","event":"bfis-snapshot-empty-data","endpoint":"logs","message":"Empty logs array received"}
{"ts":"2025-11-19T02:45:28.452Z","level":"info","event":"bfis-snapshot-read-ok","snapshotId":"e64cb3de-a39e-4c58-bf1a-d9402d858821","sessionHash":"wXwFIkMvUoWzlJ4m","unitCount":57,"newUnitsInPoll":5,"cachedUnitsTotal":57,"unitsBufferSize":243,"weaponsBufferSize":8}
{"ts":"2025-11-19T02:45:29.370Z","level":"info","event":"bfis-binary-fetch","endpoint":"units","mode":"incremental","bytes":243,"lastTime":1763520328538}
{"ts":"2025-11-19T02:45:29.380Z","level":"warn","event":"bfis-snapshot-empty-data","endpoint":"weapons","bufferSize":8,"message":"Empty or minimal weapons data received"}
{"ts":"2025-11-19T02:45:29.380Z","level":"info","event":"bfis-binary-fetch","endpoint":"weapons","mode":"incremental","bytes":8,"lastTime":1763520328555}
{"ts":"2025-11-19T02:45:29.380Z","level":"warn","event":"bfis-unit-decode-unknown-datum-index","datumIndex":191,"unitId":16777473,"recovery":"searching-for-end-of-data-marker"}
{"ts":"2025-11-19T02:45:29.381Z","level":"warn","event":"bfis-unit-decode-unknown-datum-index","datumIndex":191,"unitId":16778241,"recovery":"searching-for-end-of-data-marker"}
{"ts":"2025-11-19T02:45:29.381Z","level":"warn","event":"bfis-unit-decode-unknown-datum-index","datumIndex":192,"unitId":16777985,"recovery":"searching-for-end-of-data-marker"}
{"ts":"2025-11-19T02:45:29.392Z","level":"warn","event":"bfis-snapshot-empty-data","endpoint":"logs","message":"Empty logs array received"}
{"ts":"2025-11-19T02:45:29.444Z","level":"info","event":"bfis-snapshot-read-ok","snapshotId":"8dc08969-2182-4179-a046-bc26ed6b1f51","sessionHash":"wXwFIkMvUoWzlJ4m","unitCount":57,"newUnitsInPoll":5,"cachedUnitsTotal":57,"unitsBufferSize":243,"weaponsBufferSize":8}
{"ts":"2025-11-19T02:45:30.375Z","level":"info","event":"bfis-binary-fetch","endpoint":"units","mode":"incremental","bytes":243,"lastTime":1763520329534}
{"ts":"2025-11-19T02:45:30.389Z","level":"warn","event":"bfis-snapshot-empty-data","endpoint":"weapons","bufferSize":8,"message":"Empty or minimal weapons data received"}
{"ts":"2025-11-19T02:45:30.389Z","level":"info","event":"bfis-binary-fetch","endpoint":"weapons","mode":"incremental","bytes":8,"lastTime":1763520329544}
{"ts":"2025-11-19T02:45:30.389Z","level":"warn","event":"bfis-unit-decode-unknown-datum-index","datumIndex":191,"unitId":16777473,"recovery":"searching-for-end-of-data-marker"}
{"ts":"2025-11-19T02:45:30.389Z","level":"warn","event":"bfis-unit-decode-unknown-datum-index","datumIndex":192,"unitId":16777985,"recovery":"searching-for-end-of-data-marker"}
{"ts":"2025-11-19T02:45:30.389Z","level":"warn","event":"bfis-unit-decode-unknown-datum-index","datumIndex":191,"unitId":16778241,"recovery":"searching-for-end-of-data-marker"}
{"ts":"2025-11-19T02:45:30.399Z","level":"warn","event":"bfis-snapshot-empty-data","endpoint":"logs","message":"Empty logs array received"}
{"ts":"2025-11-19T02:45:30.440Z","level":"info","event":"bfis-snapshot-read-ok","snapshotId":"8c1fd259-4efd-45fa-b462-a3efcf1eb59c","sessionHash":"wXwFIkMvUoWzlJ4m","unitCount":57,"newUnitsInPoll":5,"cachedUnitsTotal":57,"unitsBufferSize":243,"weaponsBufferSize":8}
{"ts":"2025-11-19T02:45:31.373Z","level":"info","event":"bfis-binary-fetch","endpoint":"units","mode":"incremental","bytes":243,"lastTime":1763520330539}
{"ts":"2025-11-19T02:45:31.385Z","level":"warn","event":"bfis-snapshot-empty-data","endpoint":"weapons","bufferSize":8,"message":"Empty or minimal weapons data received"}
{"ts":"2025-11-19T02:45:31.385Z","level":"info","event":"bfis-binary-fetch","endpoint":"weapons","mode":"incremental","bytes":8,"lastTime":1763520330553}
{"ts":"2025-11-19T02:45:31.385Z","level":"warn","event":"bfis-unit-decode-unknown-datum-index","datumIndex":191,"unitId":16777473,"recovery":"searching-for-end-of-data-marker"}
{"ts":"2025-11-19T02:45:31.385Z","level":"warn","event":"bfis-unit-decode-unknown-datum-index","datumIndex":190,"unitId":16777985,"recovery":"searching-for-end-of-data-marker"}
{"ts":"2025-11-19T02:45:31.385Z","level":"warn","event":"bfis-unit-decode-unknown-datum-index","datumIndex":191,"unitId":16778241,"recovery":"searching-for-end-of-data-marker"}
{"ts":"2025-11-19T02:45:31.399Z","level":"warn","event":"bfis-snapshot-empty-data","endpoint":"logs","message":"Empty logs array received"}
{"ts":"2025-11-19T02:45:31.445Z","level":"info","event":"bfis-snapshot-read-ok","snapshotId":"3cd26bee-04dc-42df-85f2-18cf60809872","sessionHash":"wXwFIkMvUoWzlJ4m","unitCount":57,"newUnitsInPoll":5,"cachedUnitsTotal":57,"unitsBufferSize":243,"weaponsBufferSize":8}
{"ts":"2025-11-19T02:45:32.377Z","level":"info","event":"bfis-binary-fetch","endpoint":"units","mode":"incremental","bytes":243,"lastTime":1763520331537}
{"ts":"2025-11-19T02:45:32.395Z","level":"warn","event":"bfis-snapshot-empty-data","endpoint":"weapons","bufferSize":8,"message":"Empty or minimal weapons data received"}
{"ts":"2025-11-19T02:45:32.395Z","level":"info","event":"bfis-binary-fetch","endpoint":"weapons","mode":"incremental","bytes":8,"lastTime":1763520331548}
{"ts":"2025-11-19T02:45:32.395Z","level":"warn","event":"bfis-unit-decode-unknown-datum-index","datumIndex":191,"unitId":16777473,"recovery":"searching-for-end-of-data-marker"}
{"ts":"2025-11-19T02:45:32.395Z","level":"warn","event":"bfis-unit-decode-unknown-datum-index","datumIndex":191,"unitId":16777985,"recovery":"searching-for-end-of-data-marker"}
{"ts":"2025-11-19T02:45:32.395Z","level":"warn","event":"bfis-unit-decode-unknown-datum-index","datumIndex":191,"unitId":16778241,"recovery":"searching-for-end-of-data-marker"}
{"ts":"2025-11-19T02:45:32.403Z","level":"warn","event":"bfis-snapshot-empty-data","endpoint":"logs","message":"Empty logs array received"}
{"ts":"2025-11-19T02:45:32.445Z","level":"info","event":"bfis-snapshot-read-ok","snapshotId":"ec8cd52b-ead2-4a74-8d75-fe5cf5ebd848","sessionHash":"wXwFIkMvUoWzlJ4m","unitCount":57,"newUnitsInPoll":5,"cachedUnitsTotal":57,"unitsBufferSize":243,"weaponsBufferSize":8}
{"ts":"2025-11-19T02:45:33.375Z","level":"info","event":"bfis-binary-fetch","endpoint":"units","mode":"incremental","bytes":243,"lastTime":1763520332540}
{"ts":"2025-11-19T02:45:33.385Z","level":"warn","event":"bfis-snapshot-empty-data","endpoint":"weapons","bufferSize":8,"message":"Empty or minimal weapons data received"}
{"ts":"2025-11-19T02:45:33.385Z","level":"info","event":"bfis-binary-fetch","endpoint":"weapons","mode":"incremental","bytes":8,"lastTime":1763520332558}
{"ts":"2025-11-19T02:45:33.385Z","level":"warn","event":"bfis-unit-decode-unknown-datum-index","datumIndex":191,"unitId":16777473,"recovery":"searching-for-end-of-data-marker"}
{"ts":"2025-11-19T02:45:33.385Z","level":"warn","event":"bfis-unit-decode-unknown-datum-index","datumIndex":191,"unitId":16777985,"recovery":"searching-for-end-of-data-marker"}
{"ts":"2025-11-19T02:45:33.386Z","level":"warn","event":"bfis-unit-decode-unknown-datum-index","datumIndex":191,"unitId":16778241,"recovery":"searching-for-end-of-data-marker"}
{"ts":"2025-11-19T02:45:33.396Z","level":"warn","event":"bfis-snapshot-empty-data","endpoint":"logs","message":"Empty logs array received"}
{"ts":"2025-11-19T02:45:33.439Z","level":"info","event":"bfis-snapshot-read-ok","snapshotId":"7871a45f-555c-4a83-9ad0-110957b418d4","sessionHash":"wXwFIkMvUoWzlJ4m","unitCount":57,"newUnitsInPoll":5,"cachedUnitsTotal":57,"unitsBufferSize":243,"weaponsBufferSize":8}
{"ts":"2025-11-19T02:45:34.376Z","level":"info","event":"bfis-binary-fetch","endpoint":"units","mode":"incremental","bytes":243,"lastTime":1763520333539}
{"ts":"2025-11-19T02:45:34.384Z","level":"warn","event":"bfis-snapshot-empty-data","endpoint":"weapons","bufferSize":8,"message":"Empty or minimal weapons data received"}
{"ts":"2025-11-19T02:45:34.384Z","level":"info","event":"bfis-binary-fetch","endpoint":"weapons","mode":"incremental","bytes":8,"lastTime":1763520333549}
{"ts":"2025-11-19T02:45:34.384Z","level":"warn","event":"bfis-unit-decode-unknown-datum-index","datumIndex":191,"unitId":16777473,"recovery":"searching-for-end-of-data-marker"}
{"ts":"2025-11-19T02:45:34.384Z","level":"warn","event":"bfis-unit-decode-unknown-datum-index","datumIndex":191,"unitId":16777985,"recovery":"searching-for-end-of-data-marker"}
{"ts":"2025-11-19T02:45:34.384Z","level":"warn","event":"bfis-unit-decode-unknown-datum-index","datumIndex":191,"unitId":16778241,"recovery":"searching-for-end-of-data-marker"}
{"ts":"2025-11-19T02:45:34.392Z","level":"warn","event":"bfis-snapshot-empty-data","endpoint":"logs","message":"Empty logs array received"}
{"ts":"2025-11-19T02:45:34.426Z","level":"info","event":"bfis-snapshot-read-ok","snapshotId":"ce7cb196-b6a4-4d3e-95cb-7f9ef4fe949a","sessionHash":"wXwFIkMvUoWzlJ4m","unitCount":57,"newUnitsInPoll":5,"cachedUnitsTotal":57,"unitsBufferSize":243,"weaponsBufferSize":8}
{"ts":"2025-11-19T02:45:35.377Z","level":"info","event":"bfis-binary-fetch","endpoint":"units","mode":"incremental","bytes":246,"lastTime":1763520334539}
{"ts":"2025-11-19T02:45:35.387Z","level":"warn","event":"bfis-snapshot-empty-data","endpoint":"weapons","bufferSize":8,"message":"Empty or minimal weapons data received"}
{"ts":"2025-11-19T02:45:35.387Z","level":"info","event":"bfis-binary-fetch","endpoint":"weapons","mode":"incremental","bytes":8,"lastTime":1763520334549}
{"ts":"2025-11-19T02:45:35.387Z","level":"warn","event":"bfis-unit-decode-unknown-datum-index","datumIndex":191,"unitId":16777473,"recovery":"searching-for-end-of-data-marker"}
{"ts":"2025-11-19T02:45:35.387Z","level":"warn","event":"bfis-unit-decode-unknown-datum-index","datumIndex":191,"unitId":16777985,"recovery":"searching-for-end-of-data-marker"}
{"ts":"2025-11-19T02:45:35.387Z","level":"warn","event":"bfis-unit-decode-unknown-datum-index","datumIndex":191,"unitId":16778241,"recovery":"searching-for-end-of-data-marker"}
{"ts":"2025-11-19T02:45:35.399Z","level":"warn","event":"bfis-snapshot-empty-data","endpoint":"logs","message":"Empty logs array received"}
{"ts":"2025-11-19T02:45:35.439Z","level":"info","event":"bfis-snapshot-read-ok","snapshotId":"0f840b3e-eb17-4455-b88b-2221ed9d0772","sessionHash":"wXwFIkMvUoWzlJ4m","unitCount":57,"newUnitsInPoll":5,"cachedUnitsTotal":57,"unitsBufferSize":246,"weaponsBufferSize":8}
{"ts":"2025-11-19T02:45:36.377Z","level":"info","event":"bfis-binary-fetch","endpoint":"units","mode":"incremental","bytes":243,"lastTime":1763520335539}
{"ts":"2025-11-19T02:45:36.385Z","level":"warn","event":"bfis-snapshot-empty-data","endpoint":"weapons","bufferSize":8,"message":"Empty or minimal weapons data received"}
{"ts":"2025-11-19T02:45:36.385Z","level":"info","event":"bfis-binary-fetch","endpoint":"weapons","mode":"incremental","bytes":8,"lastTime":1763520335551}
{"ts":"2025-11-19T02:45:36.385Z","level":"warn","event":"bfis-unit-decode-unknown-datum-index","datumIndex":191,"unitId":16777473,"recovery":"searching-for-end-of-data-marker"}
{"ts":"2025-11-19T02:45:36.385Z","level":"warn","event":"bfis-unit-decode-unknown-datum-index","datumIndex":191,"unitId":16777985,"recovery":"searching-for-end-of-data-marker"}
{"ts":"2025-11-19T02:45:36.385Z","level":"warn","event":"bfis-unit-decode-unknown-datum-index","datumIndex":191,"unitId":16778241,"recovery":"searching-for-end-of-data-marker"}
{"ts":"2025-11-19T02:45:36.396Z","level":"warn","event":"bfis-snapshot-empty-data","endpoint":"logs","message":"Empty logs array received"}
{"ts":"2025-11-19T02:45:36.447Z","level":"info","event":"bfis-snapshot-read-ok","snapshotId":"d35c41f8-957d-4fdf-a02e-8ea6cf2e87e3","sessionHash":"wXwFIkMvUoWzlJ4m","unitCount":57,"newUnitsInPoll":5,"cachedUnitsTotal":57,"unitsBufferSize":243,"weaponsBufferSize":8}
{"ts":"2025-11-19T02:45:37.375Z","level":"info","event":"bfis-binary-fetch","endpoint":"units","mode":"incremental","bytes":243,"lastTime":1763520336541}
{"ts":"2025-11-19T02:45:37.384Z","level":"warn","event":"bfis-snapshot-empty-data","endpoint":"weapons","bufferSize":8,"message":"Empty or minimal weapons data received"}
{"ts":"2025-11-19T02:45:37.385Z","level":"info","event":"bfis-binary-fetch","endpoint":"weapons","mode":"incremental","bytes":8,"lastTime":1763520336551}
{"ts":"2025-11-19T02:45:37.385Z","level":"warn","event":"bfis-unit-decode-unknown-datum-index","datumIndex":191,"unitId":16777473,"recovery":"searching-for-end-of-data-marker"}
{"ts":"2025-11-19T02:45:37.385Z","level":"warn","event":"bfis-unit-decode-unknown-datum-index","datumIndex":192,"unitId":16777985,"recovery":"searching-for-end-of-data-marker"}
{"ts":"2025-11-19T02:45:37.385Z","level":"warn","event":"bfis-unit-decode-unknown-datum-index","datumIndex":191,"unitId":16778241,"recovery":"searching-for-end-of-data-marker"}
{"ts":"2025-11-19T02:45:37.394Z","level":"warn","event":"bfis-snapshot-empty-data","endpoint":"logs","message":"Empty logs array received"}
{"ts":"2025-11-19T02:45:37.432Z","level":"info","event":"bfis-snapshot-read-ok","snapshotId":"338ae657-95ad-417c-8f8d-3c5d3c2072c2","sessionHash":"wXwFIkMvUoWzlJ4m","unitCount":57,"newUnitsInPoll":5,"cachedUnitsTotal":57,"unitsBufferSize":243,"weaponsBufferSize":8}
{"ts":"2025-11-19T02:45:38.388Z","level":"info","event":"bfis-binary-fetch","endpoint":"units","mode":"incremental","bytes":243,"lastTime":1763520337539}
{"ts":"2025-11-19T02:45:38.409Z","level":"info","event":"bfis-binary-fetch","endpoint":"weapons","mode":"incremental","bytes":8,"lastTime":1763520337550}
{"ts":"2025-11-19T02:45:38.408Z","level":"warn","event":"bfis-snapshot-empty-data","endpoint":"weapons","bufferSize":8,"message":"Empty or minimal weapons data received"}
{"ts":"2025-11-19T02:45:38.409Z","level":"warn","event":"bfis-unit-decode-unknown-datum-index","datumIndex":191,"unitId":16777473,"recovery":"searching-for-end-of-data-marker"}
{"ts":"2025-11-19T02:45:38.409Z","level":"warn","event":"bfis-unit-decode-unknown-datum-index","datumIndex":191,"unitId":16777985,"recovery":"searching-for-end-of-data-marker"}
{"ts":"2025-11-19T02:45:38.409Z","level":"warn","event":"bfis-unit-decode-unknown-datum-index","datumIndex":191,"unitId":16778241,"recovery":"searching-for-end-of-data-marker"}
{"ts":"2025-11-19T02:45:38.409Z","level":"warn","event":"bfis-unit-decode-unknown-datum-index","datumIndex":213,"unitId":3008302744,"recovery":"searching-for-end-of-data-marker"}
{"ts":"2025-11-19T02:45:38.417Z","level":"warn","event":"bfis-snapshot-empty-data","endpoint":"logs","message":"Empty logs array received"}
{"ts":"2025-11-19T02:45:38.456Z","level":"info","event":"bfis-snapshot-read-ok","snapshotId":"2b0be19c-06be-4c7a-99cd-41b7c5ec0487","sessionHash":"wXwFIkMvUoWzlJ4m","unitCount":58,"newUnitsInPoll":6,"cachedUnitsTotal":58,"unitsBufferSize":243,"weaponsBufferSize":8}
{"ts":"2025-11-19T02:45:39.378Z","level":"info","event":"bfis-binary-fetch","endpoint":"units","mode":"incremental","bytes":243,"lastTime":1763520338552}
{"ts":"2025-11-19T02:45:39.389Z","level":"warn","event":"bfis-snapshot-empty-data","endpoint":"weapons","bufferSize":8,"message":"Empty or minimal weapons data received"}
{"ts":"2025-11-19T02:45:39.389Z","level":"info","event":"bfis-binary-fetch","endpoint":"weapons","mode":"incremental","bytes":8,"lastTime":1763520338573}
{"ts":"2025-11-19T02:45:39.389Z","level":"warn","event":"bfis-unit-decode-unknown-datum-index","datumIndex":191,"unitId":16777985,"recovery":"searching-for-end-of-data-marker"}
{"ts":"2025-11-19T02:45:39.389Z","level":"warn","event":"bfis-unit-decode-unknown-datum-index","datumIndex":191,"unitId":16777473,"recovery":"searching-for-end-of-data-marker"}
{"ts":"2025-11-19T02:45:39.389Z","level":"warn","event":"bfis-unit-decode-field-error","datumIndex":63,"unitId":16778241,"error":"Offset is outside the bounds of the DataView","errorType":"RangeError"}
{"ts":"2025-11-19T02:45:39.400Z","level":"warn","event":"bfis-snapshot-empty-data","endpoint":"logs","message":"Empty logs array received"}
{"ts":"2025-11-19T02:45:39.449Z","level":"info","event":"bfis-snapshot-read-ok","snapshotId":"748d26f8-79ce-4ddf-97cc-ad7c33bf3a54","sessionHash":"wXwFIkMvUoWzlJ4m","unitCount":58,"newUnitsInPoll":5,"cachedUnitsTotal":58,"unitsBufferSize":243,"weaponsBufferSize":8}
{"ts":"2025-11-19T02:45:40.383Z","level":"info","event":"bfis-binary-fetch","endpoint":"units","mode":"incremental","bytes":243,"lastTime":1763520339542}
{"ts":"2025-11-19T02:45:40.394Z","level":"warn","event":"bfis-snapshot-empty-data","endpoint":"weapons","bufferSize":8,"message":"Empty or minimal weapons data received"}
{"ts":"2025-11-19T02:45:40.394Z","level":"info","event":"bfis-binary-fetch","endpoint":"weapons","mode":"incremental","bytes":8,"lastTime":1763520339554}
{"ts":"2025-11-19T02:45:40.395Z","level":"warn","event":"bfis-unit-decode-unknown-datum-index","datumIndex":191,"unitId":16777473,"recovery":"searching-for-end-of-data-marker"}
{"ts":"2025-11-19T02:45:40.395Z","level":"warn","event":"bfis-unit-decode-unknown-datum-index","datumIndex":191,"unitId":16777985,"recovery":"searching-for-end-of-data-marker"}
{"ts":"2025-11-19T02:45:40.404Z","level":"warn","event":"bfis-snapshot-empty-data","endpoint":"logs","message":"Empty logs array received"}
{"ts":"2025-11-19T02:45:40.446Z","level":"info","event":"bfis-snapshot-read-ok","snapshotId":"a11dad7f-ddfb-47e5-b979-357b84e3aae0","sessionHash":"wXwFIkMvUoWzlJ4m","unitCount":59,"newUnitsInPoll":4,"cachedUnitsTotal":59,"unitsBufferSize":243,"weaponsBufferSize":8}
{"ts":"2025-11-19T02:45:41.377Z","level":"info","event":"bfis-binary-fetch","endpoint":"units","mode":"incremental","bytes":243,"lastTime":1763520340548}
{"ts":"2025-11-19T02:45:41.385Z","level":"warn","event":"bfis-snapshot-empty-data","endpoint":"weapons","bufferSize":8,"message":"Empty or minimal weapons data received"}
{"ts":"2025-11-19T02:45:41.385Z","level":"info","event":"bfis-binary-fetch","endpoint":"weapons","mode":"incremental","bytes":8,"lastTime":1763520340558}
{"ts":"2025-11-19T02:45:41.385Z","level":"warn","event":"bfis-unit-decode-unknown-datum-index","datumIndex":191,"unitId":16777473,"recovery":"searching-for-end-of-data-marker"}
{"ts":"2025-11-19T02:45:41.385Z","level":"warn","event":"bfis-unit-decode-unknown-datum-index","datumIndex":191,"unitId":16777985,"recovery":"searching-for-end-of-data-marker"}
{"ts":"2025-11-19T02:45:41.385Z","level":"warn","event":"bfis-unit-decode-field-error","datumIndex":63,"unitId":16778241,"error":"Offset is outside the bounds of the DataView","errorType":"RangeError"}
{"ts":"2025-11-19T02:45:41.393Z","level":"warn","event":"bfis-snapshot-empty-data","endpoint":"logs","message":"Empty logs array received"}
{"ts":"2025-11-19T02:45:41.434Z","level":"info","event":"bfis-snapshot-read-ok","snapshotId":"abfbd866-b2e8-4218-af07-56172becbbc1","sessionHash":"wXwFIkMvUoWzlJ4m","unitCount":59,"newUnitsInPoll":5,"cachedUnitsTotal":59,"unitsBufferSize":243,"weaponsBufferSize":8}
{"ts":"2025-11-19T02:45:42.377Z","level":"info","event":"bfis-binary-fetch","endpoint":"units","mode":"incremental","bytes":243,"lastTime":1763520341541}
{"ts":"2025-11-19T02:45:42.385Z","level":"warn","event":"bfis-snapshot-empty-data","endpoint":"weapons","bufferSize":8,"message":"Empty or minimal weapons data received"}
{"ts":"2025-11-19T02:45:42.385Z","level":"info","event":"bfis-binary-fetch","endpoint":"weapons","mode":"incremental","bytes":8,"lastTime":1763520341550}
{"ts":"2025-11-19T02:45:42.385Z","level":"warn","event":"bfis-unit-decode-unknown-datum-index","datumIndex":191,"unitId":16777473,"recovery":"searching-for-end-of-data-marker"}
{"ts":"2025-11-19T02:45:42.385Z","level":"warn","event":"bfis-unit-decode-unknown-datum-index","datumIndex":191,"unitId":16777985,"recovery":"searching-for-end-of-data-marker"}
{"ts":"2025-11-19T02:45:42.385Z","level":"warn","event":"bfis-unit-decode-field-error","datumIndex":63,"unitId":16778241,"error":"Offset is outside the bounds of the DataView","errorType":"RangeError"}
{"ts":"2025-11-19T02:45:42.395Z","level":"warn","event":"bfis-snapshot-empty-data","endpoint":"logs","message":"Empty logs array received"}
{"ts":"2025-11-19T02:45:42.430Z","level":"info","event":"bfis-snapshot-read-ok","snapshotId":"6b1af448-25f0-4212-905b-c9447da534b4","sessionHash":"wXwFIkMvUoWzlJ4m","unitCount":59,"newUnitsInPoll":5,"cachedUnitsTotal":59,"unitsBufferSize":243,"weaponsBufferSize":8}
{"ts":"2025-11-19T02:45:43.382Z","level":"info","event":"bfis-binary-fetch","endpoint":"units","mode":"incremental","bytes":243,"lastTime":1763520342541}
{"ts":"2025-11-19T02:45:43.394Z","level":"warn","event":"bfis-snapshot-empty-data","endpoint":"weapons","bufferSize":8,"message":"Empty or minimal weapons data received"}
{"ts":"2025-11-19T02:45:43.394Z","level":"info","event":"bfis-binary-fetch","endpoint":"weapons","mode":"incremental","bytes":8,"lastTime":1763520342551}
{"ts":"2025-11-19T02:45:43.394Z","level":"warn","event":"bfis-unit-decode-unknown-datum-index","datumIndex":191,"unitId":16777473,"recovery":"searching-for-end-of-data-marker"}
{"ts":"2025-11-19T02:45:43.394Z","level":"warn","event":"bfis-unit-decode-unknown-datum-index","datumIndex":191,"unitId":16777985,"recovery":"searching-for-end-of-data-marker"}
{"ts":"2025-11-19T02:45:43.394Z","level":"warn","event":"bfis-unit-decode-field-error","datumIndex":63,"unitId":16778241,"error":"Offset is outside the bounds of the DataView","errorType":"RangeError"}
{"ts":"2025-11-19T02:45:43.404Z","level":"warn","event":"bfis-snapshot-empty-data","endpoint":"logs","message":"Empty logs array received"}
{"ts":"2025-11-19T02:45:43.441Z","level":"info","event":"bfis-snapshot-read-ok","snapshotId":"b5dcc38b-8cf3-4c5f-98f3-6c5fea84843f","sessionHash":"wXwFIkMvUoWzlJ4m","unitCount":59,"newUnitsInPoll":5,"cachedUnitsTotal":59,"unitsBufferSize":243,"weaponsBufferSize":8}
{"ts":"2025-11-19T02:45:44.384Z","level":"info","event":"bfis-binary-fetch","endpoint":"units","mode":"incremental","bytes":243,"lastTime":1763520343548}
{"ts":"2025-11-19T02:45:44.393Z","level":"warn","event":"bfis-snapshot-empty-data","endpoint":"weapons","bufferSize":8,"message":"Empty or minimal weapons data received"}
{"ts":"2025-11-19T02:45:44.393Z","level":"info","event":"bfis-binary-fetch","endpoint":"weapons","mode":"incremental","bytes":8,"lastTime":1763520343559}
{"ts":"2025-11-19T02:45:44.393Z","level":"warn","event":"bfis-unit-decode-unknown-datum-index","datumIndex":192,"unitId":16777985,"recovery":"searching-for-end-of-data-marker"}
{"ts":"2025-11-19T02:45:44.393Z","level":"warn","event":"bfis-unit-decode-unknown-datum-index","datumIndex":191,"unitId":16777473,"recovery":"searching-for-end-of-data-marker"}
{"ts":"2025-11-19T02:45:44.393Z","level":"warn","event":"bfis-unit-decode-unknown-datum-index","datumIndex":191,"unitId":16778241,"recovery":"searching-for-end-of-data-marker"}
{"ts":"2025-11-19T02:45:44.403Z","level":"warn","event":"bfis-snapshot-empty-data","endpoint":"logs","message":"Empty logs array received"}
{"ts":"2025-11-19T02:45:44.447Z","level":"info","event":"bfis-snapshot-read-ok","snapshotId":"77018e9e-04eb-4c8a-9450-5e1db64ffff7","sessionHash":"wXwFIkMvUoWzlJ4m","unitCount":59,"newUnitsInPoll":5,"cachedUnitsTotal":59,"unitsBufferSize":243,"weaponsBufferSize":8}
{"ts":"2025-11-19T02:45:45.387Z","level":"info","event":"bfis-binary-fetch","endpoint":"units","mode":"incremental","bytes":243,"lastTime":1763520344549}
{"ts":"2025-11-19T02:45:45.398Z","level":"warn","event":"bfis-snapshot-empty-data","endpoint":"weapons","bufferSize":8,"message":"Empty or minimal weapons data received"}
{"ts":"2025-11-19T02:45:45.398Z","level":"info","event":"bfis-binary-fetch","endpoint":"weapons","mode":"incremental","bytes":8,"lastTime":1763520344559}
{"ts":"2025-11-19T02:45:45.398Z","level":"warn","event":"bfis-unit-decode-unknown-datum-index","datumIndex":191,"unitId":16777473,"recovery":"searching-for-end-of-data-marker"}
{"ts":"2025-11-19T02:45:45.398Z","level":"warn","event":"bfis-unit-decode-unknown-datum-index","datumIndex":192,"unitId":16777985,"recovery":"searching-for-end-of-data-marker"}
{"ts":"2025-11-19T02:45:45.398Z","level":"warn","event":"bfis-unit-decode-unknown-datum-index","datumIndex":191,"unitId":16778241,"recovery":"searching-for-end-of-data-marker"}
{"ts":"2025-11-19T02:45:45.408Z","level":"warn","event":"bfis-snapshot-empty-data","endpoint":"logs","message":"Empty logs array received"}
{"ts":"2025-11-19T02:45:45.460Z","level":"info","event":"bfis-snapshot-read-ok","snapshotId":"3b11cc32-6d05-48df-b803-27b916a0d2fb","sessionHash":"wXwFIkMvUoWzlJ4m","unitCount":59,"newUnitsInPoll":5,"cachedUnitsTotal":59,"unitsBufferSize":243,"weaponsBufferSize":8}
{"ts":"2025-11-19T02:45:46.382Z","level":"info","event":"bfis-binary-fetch","endpoint":"units","mode":"incremental","bytes":243,"lastTime":1763520345550}
{"ts":"2025-11-19T02:45:46.394Z","level":"warn","event":"bfis-snapshot-empty-data","endpoint":"weapons","bufferSize":8,"message":"Empty or minimal weapons data received"}
{"ts":"2025-11-19T02:45:46.394Z","level":"info","event":"bfis-binary-fetch","endpoint":"weapons","mode":"incremental","bytes":8,"lastTime":1763520345563}
{"ts":"2025-11-19T02:45:46.394Z","level":"warn","event":"bfis-unit-decode-unknown-datum-index","datumIndex":191,"unitId":16777473,"recovery":"searching-for-end-of-data-marker"}
{"ts":"2025-11-19T02:45:46.394Z","level":"warn","event":"bfis-unit-decode-unknown-datum-index","datumIndex":192,"unitId":16777985,"recovery":"searching-for-end-of-data-marker"}
{"ts":"2025-11-19T02:45:46.395Z","level":"warn","event":"bfis-unit-decode-unknown-datum-index","datumIndex":191,"unitId":16778241,"recovery":"searching-for-end-of-data-marker"}
{"ts":"2025-11-19T02:45:46.404Z","level":"warn","event":"bfis-snapshot-empty-data","endpoint":"logs","message":"Empty logs array received"}
{"ts":"2025-11-19T02:45:46.447Z","level":"info","event":"bfis-snapshot-read-ok","snapshotId":"f0e333f1-802d-4cf6-9300-4d59639b56f0","sessionHash":"wXwFIkMvUoWzlJ4m","unitCount":59,"newUnitsInPoll":5,"cachedUnitsTotal":59,"unitsBufferSize":243,"weaponsBufferSize":8}
{"ts":"2025-11-19T02:45:47.387Z","level":"info","event":"bfis-binary-fetch","endpoint":"units","mode":"incremental","bytes":243,"lastTime":1763520346546}
{"ts":"2025-11-19T02:45:47.396Z","level":"info","event":"bfis-binary-fetch","endpoint":"weapons","mode":"incremental","bytes":8,"lastTime":1763520346560}
{"ts":"2025-11-19T02:45:47.396Z","level":"warn","event":"bfis-snapshot-empty-data","endpoint":"weapons","bufferSize":8,"message":"Empty or minimal weapons data received"}
{"ts":"2025-11-19T02:45:47.396Z","level":"warn","event":"bfis-unit-decode-unknown-datum-index","datumIndex":191,"unitId":16777473,"recovery":"searching-for-end-of-data-marker"}
{"ts":"2025-11-19T02:45:47.396Z","level":"warn","event":"bfis-unit-decode-unknown-datum-index","datumIndex":192,"unitId":16777985,"recovery":"searching-for-end-of-data-marker"}
{"ts":"2025-11-19T02:45:47.396Z","level":"warn","event":"bfis-unit-decode-unknown-datum-index","datumIndex":191,"unitId":16778241,"recovery":"searching-for-end-of-data-marker"}
{"ts":"2025-11-19T02:45:47.396Z","level":"warn","event":"bfis-unit-decode-unknown-datum-index","datumIndex":228,"unitId":1396027517,"recovery":"searching-for-end-of-data-marker"}
{"ts":"2025-11-19T02:45:47.406Z","level":"warn","event":"bfis-snapshot-empty-data","endpoint":"logs","message":"Empty logs array received"}
{"ts":"2025-11-19T02:45:47.443Z","level":"info","event":"bfis-snapshot-read-ok","snapshotId":"a45d66b3-2cd7-4cea-baf0-d2f5e2873854","sessionHash":"wXwFIkMvUoWzlJ4m","unitCount":60,"newUnitsInPoll":6,"cachedUnitsTotal":60,"unitsBufferSize":243,"weaponsBufferSize":8}
{"ts":"2025-11-19T02:45:48.383Z","level":"info","event":"bfis-binary-fetch","endpoint":"units","mode":"incremental","bytes":243,"lastTime":1763520347551}
{"ts":"2025-11-19T02:45:48.396Z","level":"warn","event":"bfis-snapshot-empty-data","endpoint":"weapons","bufferSize":8,"message":"Empty or minimal weapons data received"}
{"ts":"2025-11-19T02:45:48.396Z","level":"info","event":"bfis-binary-fetch","endpoint":"weapons","mode":"incremental","bytes":8,"lastTime":1763520347561}
{"ts":"2025-11-19T02:45:48.396Z","level":"warn","event":"bfis-unit-decode-unknown-datum-index","datumIndex":191,"unitId":16777473,"recovery":"searching-for-end-of-data-marker"}
{"ts":"2025-11-19T02:45:48.396Z","level":"warn","event":"bfis-unit-decode-unknown-datum-index","datumIndex":192,"unitId":16777985,"recovery":"searching-for-end-of-data-marker"}
{"ts":"2025-11-19T02:45:48.397Z","level":"warn","event":"bfis-unit-decode-unknown-datum-index","datumIndex":191,"unitId":16778241,"recovery":"searching-for-end-of-data-marker"}
{"ts":"2025-11-19T02:45:48.408Z","level":"warn","event":"bfis-snapshot-empty-data","endpoint":"logs","message":"Empty logs array received"}
{"ts":"2025-11-19T02:45:48.443Z","level":"info","event":"bfis-snapshot-read-ok","snapshotId":"9bfdc8d6-5b95-4fd9-bf03-f2c7522cb447","sessionHash":"wXwFIkMvUoWzlJ4m","unitCount":60,"newUnitsInPoll":5,"cachedUnitsTotal":60,"unitsBufferSize":243,"weaponsBufferSize":8}
{"ts":"2025-11-19T02:45:49.381Z","level":"info","event":"bfis-binary-fetch","endpoint":"units","mode":"incremental","bytes":243,"lastTime":1763520348546}
{"ts":"2025-11-19T02:45:49.390Z","level":"warn","event":"bfis-snapshot-empty-data","endpoint":"weapons","bufferSize":8,"message":"Empty or minimal weapons data received"}
{"ts":"2025-11-19T02:45:49.390Z","level":"info","event":"bfis-binary-fetch","endpoint":"weapons","mode":"incremental","bytes":8,"lastTime":1763520348558}
{"ts":"2025-11-19T02:45:49.390Z","level":"warn","event":"bfis-unit-decode-unknown-datum-index","datumIndex":191,"unitId":16777473,"recovery":"searching-for-end-of-data-marker"}
{"ts":"2025-11-19T02:45:49.390Z","level":"warn","event":"bfis-unit-decode-unknown-datum-index","datumIndex":192,"unitId":16777985,"recovery":"searching-for-end-of-data-marker"}
{"ts":"2025-11-19T02:45:49.390Z","level":"warn","event":"bfis-unit-decode-unknown-datum-index","datumIndex":191,"unitId":16778241,"recovery":"searching-for-end-of-data-marker"}
{"ts":"2025-11-19T02:45:49.398Z","level":"warn","event":"bfis-snapshot-empty-data","endpoint":"logs","message":"Empty logs array received"}
{"ts":"2025-11-19T02:45:49.439Z","level":"info","event":"bfis-snapshot-read-ok","snapshotId":"85149ce3-4a30-4c88-8241-bf6f3ee5998c","sessionHash":"wXwFIkMvUoWzlJ4m","unitCount":60,"newUnitsInPoll":5,"cachedUnitsTotal":60,"unitsBufferSize":243,"weaponsBufferSize":8}
{"ts":"2025-11-19T02:45:50.385Z","level":"info","event":"bfis-binary-fetch","endpoint":"units","mode":"incremental","bytes":243,"lastTime":1763520349546}
{"ts":"2025-11-19T02:45:50.394Z","level":"warn","event":"bfis-snapshot-empty-data","endpoint":"weapons","bufferSize":8,"message":"Empty or minimal weapons data received"}
{"ts":"2025-11-19T02:45:50.394Z","level":"info","event":"bfis-binary-fetch","endpoint":"weapons","mode":"incremental","bytes":8,"lastTime":1763520349555}
{"ts":"2025-11-19T02:45:50.394Z","level":"warn","event":"bfis-unit-decode-unknown-datum-index","datumIndex":191,"unitId":16777473,"recovery":"searching-for-end-of-data-marker"}
{"ts":"2025-11-19T02:45:50.394Z","level":"warn","event":"bfis-unit-decode-unknown-datum-index","datumIndex":192,"unitId":16777985,"recovery":"searching-for-end-of-data-marker"}
{"ts":"2025-11-19T02:45:50.394Z","level":"warn","event":"bfis-unit-decode-unknown-datum-index","datumIndex":191,"unitId":16778241,"recovery":"searching-for-end-of-data-marker"}
{"ts":"2025-11-19T02:45:50.402Z","level":"warn","event":"bfis-snapshot-empty-data","endpoint":"logs","message":"Empty logs array received"}
{"ts":"2025-11-19T02:45:50.439Z","level":"info","event":"bfis-snapshot-read-ok","snapshotId":"349c44a3-6437-4122-b875-59551fd810f7","sessionHash":"wXwFIkMvUoWzlJ4m","unitCount":60,"newUnitsInPoll":5,"cachedUnitsTotal":60,"unitsBufferSize":243,"weaponsBufferSize":8}
{"ts":"2025-11-19T02:45:51.387Z","level":"info","event":"bfis-binary-fetch","endpoint":"units","mode":"incremental","bytes":243,"lastTime":1763520350548}
{"ts":"2025-11-19T02:45:51.397Z","level":"warn","event":"bfis-snapshot-empty-data","endpoint":"weapons","bufferSize":8,"message":"Empty or minimal weapons data received"}
{"ts":"2025-11-19T02:45:51.397Z","level":"info","event":"bfis-binary-fetch","endpoint":"weapons","mode":"incremental","bytes":8,"lastTime":1763520350559}
{"ts":"2025-11-19T02:45:51.397Z","level":"warn","event":"bfis-unit-decode-unknown-datum-index","datumIndex":191,"unitId":16777473,"recovery":"searching-for-end-of-data-marker"}
{"ts":"2025-11-19T02:45:51.397Z","level":"warn","event":"bfis-unit-decode-unknown-datum-index","datumIndex":192,"unitId":16777985,"recovery":"searching-for-end-of-data-marker"}
{"ts":"2025-11-19T02:45:51.397Z","level":"warn","event":"bfis-unit-decode-unknown-datum-index","datumIndex":191,"unitId":16778241,"recovery":"searching-for-end-of-data-marker"}
{"ts":"2025-11-19T02:45:51.408Z","level":"warn","event":"bfis-snapshot-empty-data","endpoint":"logs","message":"Empty logs array received"}
{"ts":"2025-11-19T02:45:51.451Z","level":"info","event":"bfis-snapshot-read-ok","snapshotId":"13bdf562-a480-4a7b-b5c3-5f5b56dadc4e","sessionHash":"wXwFIkMvUoWzlJ4m","unitCount":60,"newUnitsInPoll":5,"cachedUnitsTotal":60,"unitsBufferSize":243,"weaponsBufferSize":8}
{"ts":"2025-11-19T02:45:52.391Z","level":"info","event":"bfis-binary-fetch","endpoint":"units","mode":"incremental","bytes":243,"lastTime":1763520351552}
{"ts":"2025-11-19T02:45:52.409Z","level":"warn","event":"bfis-snapshot-empty-data","endpoint":"weapons","bufferSize":8,"message":"Empty or minimal weapons data received"}
{"ts":"2025-11-19T02:45:52.409Z","level":"warn","event":"bfis-unit-decode-unknown-datum-index","datumIndex":191,"unitId":16777473,"recovery":"searching-for-end-of-data-marker"}
{"ts":"2025-11-19T02:45:52.409Z","level":"info","event":"bfis-binary-fetch","endpoint":"weapons","mode":"incremental","bytes":8,"lastTime":1763520351561}
{"ts":"2025-11-19T02:45:52.409Z","level":"warn","event":"bfis-unit-decode-unknown-datum-index","datumIndex":192,"unitId":16777985,"recovery":"searching-for-end-of-data-marker"}
{"ts":"2025-11-19T02:45:52.409Z","level":"warn","event":"bfis-unit-decode-unknown-datum-index","datumIndex":191,"unitId":16778241,"recovery":"searching-for-end-of-data-marker"}
{"ts":"2025-11-19T02:45:52.421Z","level":"warn","event":"bfis-snapshot-empty-data","endpoint":"logs","message":"Empty logs array received"}
{"ts":"2025-11-19T02:45:53.385Z","level":"info","event":"bfis-binary-fetch","endpoint":"units","mode":"incremental","bytes":243,"lastTime":1763520352556}
{"ts":"2025-11-19T02:45:53.392Z","level":"warn","event":"bfis-snapshot-empty-data","endpoint":"weapons","bufferSize":8,"message":"Empty or minimal weapons data received"}
{"ts":"2025-11-19T02:45:53.393Z","level":"info","event":"bfis-binary-fetch","endpoint":"weapons","mode":"incremental","bytes":8,"lastTime":1763520352572}
{"ts":"2025-11-19T02:45:53.393Z","level":"warn","event":"bfis-unit-decode-unknown-datum-index","datumIndex":191,"unitId":16777473,"recovery":"searching-for-end-of-data-marker"}
{"ts":"2025-11-19T02:45:53.393Z","level":"warn","event":"bfis-unit-decode-unknown-datum-index","datumIndex":192,"unitId":16777985,"recovery":"searching-for-end-of-data-marker"}
{"ts":"2025-11-19T02:45:53.393Z","level":"warn","event":"bfis-unit-decode-field-error","datumIndex":63,"unitId":16778241,"error":"Offset is outside the bounds of the DataView","errorType":"RangeError"}
{"ts":"2025-11-19T02:45:53.401Z","level":"info","event":"bfis-snapshot-read-ok","snapshotId":"e9b5877f-2f53-4777-8057-78e09bf8f536","sessionHash":"wXwFIkMvUoWzlJ4m","unitCount":60,"newUnitsInPoll":5,"cachedUnitsTotal":60,"unitsBufferSize":243,"weaponsBufferSize":8}
{"ts":"2025-11-19T02:45:53.402Z","level":"warn","event":"bfis-snapshot-empty-data","endpoint":"logs","message":"Empty logs array received"}
{"ts":"2025-11-19T02:45:53.440Z","level":"info","event":"bfis-snapshot-read-ok","snapshotId":"a802bb79-2f8d-4d77-ad83-90990577baa8","sessionHash":"wXwFIkMvUoWzlJ4m","unitCount":60,"newUnitsInPoll":5,"cachedUnitsTotal":60,"unitsBufferSize":243,"weaponsBufferSize":8}
{"ts":"2025-11-19T02:45:54.388Z","level":"info","event":"bfis-binary-fetch","endpoint":"units","mode":"incremental","bytes":243,"lastTime":1763520353550}
{"ts":"2025-11-19T02:45:54.397Z","level":"warn","event":"bfis-snapshot-empty-data","endpoint":"weapons","bufferSize":8,"message":"Empty or minimal weapons data received"}
{"ts":"2025-11-19T02:45:54.397Z","level":"info","event":"bfis-binary-fetch","endpoint":"weapons","mode":"incremental","bytes":8,"lastTime":1763520353558}
{"ts":"2025-11-19T02:45:54.397Z","level":"warn","event":"bfis-unit-decode-unknown-datum-index","datumIndex":191,"unitId":16777473,"recovery":"searching-for-end-of-data-marker"}
{"ts":"2025-11-19T02:45:54.398Z","level":"warn","event":"bfis-unit-decode-unknown-datum-index","datumIndex":192,"unitId":16777985,"recovery":"searching-for-end-of-data-marker"}
{"ts":"2025-11-19T02:45:54.398Z","level":"warn","event":"bfis-unit-decode-field-error","datumIndex":63,"unitId":16778241,"error":"Offset is outside the bounds of the DataView","errorType":"RangeError"}
{"ts":"2025-11-19T02:45:54.407Z","level":"warn","event":"bfis-snapshot-empty-data","endpoint":"logs","message":"Empty logs array received"}
{"ts":"2025-11-19T02:45:54.459Z","level":"info","event":"bfis-snapshot-read-ok","snapshotId":"f4f7fc2c-7e37-4436-a2ad-5ce70eb08372","sessionHash":"wXwFIkMvUoWzlJ4m","unitCount":60,"newUnitsInPoll":5,"cachedUnitsTotal":60,"unitsBufferSize":243,"weaponsBufferSize":8}
{"ts":"2025-11-19T02:45:55.390Z","level":"info","event":"bfis-binary-fetch","endpoint":"units","mode":"incremental","bytes":243,"lastTime":1763520354552}
{"ts":"2025-11-19T02:45:55.403Z","level":"warn","event":"bfis-snapshot-empty-data","endpoint":"weapons","bufferSize":8,"message":"Empty or minimal weapons data received"}
{"ts":"2025-11-19T02:45:55.403Z","level":"info","event":"bfis-binary-fetch","endpoint":"weapons","mode":"incremental","bytes":8,"lastTime":1763520354562}
{"ts":"2025-11-19T02:45:55.403Z","level":"warn","event":"bfis-unit-decode-unknown-datum-index","datumIndex":191,"unitId":16777473,"recovery":"searching-for-end-of-data-marker"}
{"ts":"2025-11-19T02:45:55.404Z","level":"warn","event":"bfis-unit-decode-unknown-datum-index","datumIndex":192,"unitId":16777985,"recovery":"searching-for-end-of-data-marker"}
{"ts":"2025-11-19T02:45:55.404Z","level":"warn","event":"bfis-unit-decode-field-error","datumIndex":63,"unitId":16778241,"error":"Offset is outside the bounds of the DataView","errorType":"RangeError"}
{"ts":"2025-11-19T02:45:55.417Z","level":"warn","event":"bfis-snapshot-empty-data","endpoint":"logs","message":"Empty logs array received"}
{"ts":"2025-11-19T02:45:55.470Z","level":"info","event":"bfis-snapshot-read-ok","snapshotId":"608cf887-27a3-4637-a708-ecfbc998045d","sessionHash":"wXwFIkMvUoWzlJ4m","unitCount":60,"newUnitsInPoll":5,"cachedUnitsTotal":60,"unitsBufferSize":243,"weaponsBufferSize":8}
{"ts":"2025-11-19T02:45:56.392Z","level":"info","event":"bfis-binary-fetch","endpoint":"units","mode":"incremental","bytes":243,"lastTime":1763520355554}
{"ts":"2025-11-19T02:45:56.402Z","level":"warn","event":"bfis-snapshot-empty-data","endpoint":"weapons","bufferSize":8,"message":"Empty or minimal weapons data received"}
{"ts":"2025-11-19T02:45:56.402Z","level":"info","event":"bfis-binary-fetch","endpoint":"weapons","mode":"incremental","bytes":8,"lastTime":1763520355568}
{"ts":"2025-11-19T02:45:56.402Z","level":"warn","event":"bfis-unit-decode-unknown-datum-index","datumIndex":192,"unitId":16777985,"recovery":"searching-for-end-of-data-marker"}
{"ts":"2025-11-19T02:45:56.402Z","level":"warn","event":"bfis-unit-decode-unknown-datum-index","datumIndex":191,"unitId":16777473,"recovery":"searching-for-end-of-data-marker"}
{"ts":"2025-11-19T02:45:56.403Z","level":"warn","event":"bfis-unit-decode-field-error","datumIndex":63,"unitId":16778241,"error":"Offset is outside the bounds of the DataView","errorType":"RangeError"}
{"ts":"2025-11-19T02:45:56.413Z","level":"warn","event":"bfis-snapshot-empty-data","endpoint":"logs","message":"Empty logs array received"}
{"ts":"2025-11-19T02:45:56.451Z","level":"info","event":"bfis-snapshot-read-ok","snapshotId":"1ce31d37-cdd5-436c-b87d-bfff7fed22a9","sessionHash":"wXwFIkMvUoWzlJ4m","unitCount":60,"newUnitsInPoll":5,"cachedUnitsTotal":60,"unitsBufferSize":243,"weaponsBufferSize":8}
{"ts":"2025-11-19T02:45:57.386Z","level":"info","event":"bfis-binary-fetch","endpoint":"units","mode":"incremental","bytes":243,"lastTime":1763520356557}
{"ts":"2025-11-19T02:45:57.396Z","level":"warn","event":"bfis-snapshot-empty-data","endpoint":"weapons","bufferSize":8,"message":"Empty or minimal weapons data received"}
{"ts":"2025-11-19T02:45:57.396Z","level":"info","event":"bfis-binary-fetch","endpoint":"weapons","mode":"incremental","bytes":8,"lastTime":1763520356568}
{"ts":"2025-11-19T02:45:57.396Z","level":"warn","event":"bfis-unit-decode-unknown-datum-index","datumIndex":191,"unitId":16777473,"recovery":"searching-for-end-of-data-marker"}
{"ts":"2025-11-19T02:45:57.396Z","level":"warn","event":"bfis-unit-decode-unknown-datum-index","datumIndex":192,"unitId":16777985,"recovery":"searching-for-end-of-data-marker"}
{"ts":"2025-11-19T02:45:57.397Z","level":"warn","event":"bfis-unit-decode-field-error","datumIndex":63,"unitId":16778241,"error":"Offset is outside the bounds of the DataView","errorType":"RangeError"}
{"ts":"2025-11-19T02:45:57.408Z","level":"warn","event":"bfis-snapshot-empty-data","endpoint":"logs","message":"Empty logs array received"}
{"ts":"2025-11-19T02:45:57.457Z","level":"info","event":"bfis-snapshot-read-ok","snapshotId":"d4843b12-8d67-4434-9b9b-fa70cb339809","sessionHash":"wXwFIkMvUoWzlJ4m","unitCount":60,"newUnitsInPoll":5,"cachedUnitsTotal":60,"unitsBufferSize":243,"weaponsBufferSize":8}
{"ts":"2025-11-19T02:45:58.388Z","level":"info","event":"bfis-binary-fetch","endpoint":"units","mode":"incremental","bytes":243,"lastTime":1763520357551}
{"ts":"2025-11-19T02:45:58.398Z","level":"warn","event":"bfis-snapshot-empty-data","endpoint":"weapons","bufferSize":8,"message":"Empty or minimal weapons data received"}
{"ts":"2025-11-19T02:45:58.398Z","level":"info","event":"bfis-binary-fetch","endpoint":"weapons","mode":"incremental","bytes":8,"lastTime":1763520357560}
{"ts":"2025-11-19T02:45:58.398Z","level":"warn","event":"bfis-unit-decode-unknown-datum-index","datumIndex":191,"unitId":16777473,"recovery":"searching-for-end-of-data-marker"}
{"ts":"2025-11-19T02:45:58.398Z","level":"warn","event":"bfis-unit-decode-unknown-datum-index","datumIndex":191,"unitId":16778241,"recovery":"searching-for-end-of-data-marker"}
{"ts":"2025-11-19T02:45:58.398Z","level":"warn","event":"bfis-unit-decode-unknown-datum-index","datumIndex":192,"unitId":16777985,"recovery":"searching-for-end-of-data-marker"}
{"ts":"2025-11-19T02:45:58.406Z","level":"warn","event":"bfis-snapshot-empty-data","endpoint":"logs","message":"Empty logs array received"}
{"ts":"2025-11-19T02:45:58.452Z","level":"info","event":"bfis-snapshot-read-ok","snapshotId":"8f773dcd-db8b-456e-9dd6-c6d3d30bb89d","sessionHash":"wXwFIkMvUoWzlJ4m","unitCount":60,"newUnitsInPoll":5,"cachedUnitsTotal":60,"unitsBufferSize":243,"weaponsBufferSize":8}
{"ts":"2025-11-19T02:45:59.392Z","level":"info","event":"bfis-binary-fetch","endpoint":"units","mode":"incremental","bytes":243,"lastTime":1763520358553}
{"ts":"2025-11-19T02:45:59.403Z","level":"warn","event":"bfis-snapshot-empty-data","endpoint":"weapons","bufferSize":8,"message":"Empty or minimal weapons data received"}
{"ts":"2025-11-19T02:45:59.403Z","level":"info","event":"bfis-binary-fetch","endpoint":"weapons","mode":"incremental","bytes":8,"lastTime":1763520358562}
{"ts":"2025-11-19T02:45:59.403Z","level":"warn","event":"bfis-unit-decode-unknown-datum-index","datumIndex":192,"unitId":16777985,"recovery":"searching-for-end-of-data-marker"}
{"ts":"2025-11-19T02:45:59.403Z","level":"warn","event":"bfis-unit-decode-unknown-datum-index","datumIndex":191,"unitId":16777473,"recovery":"searching-for-end-of-data-marker"}
{"ts":"2025-11-19T02:45:59.403Z","level":"warn","event":"bfis-unit-decode-unknown-datum-index","datumIndex":191,"unitId":16778241,"recovery":"searching-for-end-of-data-marker"}
{"ts":"2025-11-19T02:45:59.413Z","level":"warn","event":"bfis-snapshot-empty-data","endpoint":"logs","message":"Empty logs array received"}
{"ts":"2025-11-19T02:45:59.457Z","level":"info","event":"bfis-snapshot-read-ok","snapshotId":"3563d609-de62-4482-9b23-f09490c55b2e","sessionHash":"wXwFIkMvUoWzlJ4m","unitCount":60,"newUnitsInPoll":5,"cachedUnitsTotal":60,"unitsBufferSize":243,"weaponsBufferSize":8}
{"ts":"2025-11-19T02:46:00.391Z","level":"info","event":"bfis-binary-fetch","endpoint":"units","mode":"incremental","bytes":243,"lastTime":1763520359556}
{"ts":"2025-11-19T02:46:00.402Z","level":"warn","event":"bfis-snapshot-empty-data","endpoint":"weapons","bufferSize":8,"message":"Empty or minimal weapons data received"}
{"ts":"2025-11-19T02:46:00.402Z","level":"info","event":"bfis-binary-fetch","endpoint":"weapons","mode":"incremental","bytes":8,"lastTime":1763520359567}
{"ts":"2025-11-19T02:46:00.402Z","level":"warn","event":"bfis-unit-decode-unknown-datum-index","datumIndex":191,"unitId":16777473,"recovery":"searching-for-end-of-data-marker"}
{"ts":"2025-11-19T02:46:00.402Z","level":"warn","event":"bfis-unit-decode-unknown-datum-index","datumIndex":192,"unitId":16777985,"recovery":"searching-for-end-of-data-marker"}
{"ts":"2025-11-19T02:46:00.402Z","level":"warn","event":"bfis-unit-decode-unknown-datum-index","datumIndex":191,"unitId":16778241,"recovery":"searching-for-end-of-data-marker"}
{"ts":"2025-11-19T02:46:00.412Z","level":"warn","event":"bfis-snapshot-empty-data","endpoint":"logs","message":"Empty logs array received"}
{"ts":"2025-11-19T02:46:00.458Z","level":"info","event":"bfis-snapshot-read-ok","snapshotId":"98fe2222-79ae-46fa-8373-39b4b70778cf","sessionHash":"wXwFIkMvUoWzlJ4m","unitCount":60,"newUnitsInPoll":5,"cachedUnitsTotal":60,"unitsBufferSize":243,"weaponsBufferSize":8}
{"ts":"2025-11-19T02:46:01.389Z","level":"info","event":"bfis-binary-fetch","endpoint":"units","mode":"incremental","bytes":243,"lastTime":1763520360555}
{"ts":"2025-11-19T02:46:01.403Z","level":"warn","event":"bfis-snapshot-empty-data","endpoint":"weapons","bufferSize":8,"message":"Empty or minimal weapons data received"}
{"ts":"2025-11-19T02:46:01.404Z","level":"info","event":"bfis-binary-fetch","endpoint":"weapons","mode":"incremental","bytes":8,"lastTime":1763520360567}
{"ts":"2025-11-19T02:46:01.404Z","level":"warn","event":"bfis-unit-decode-unknown-datum-index","datumIndex":191,"unitId":16777473,"recovery":"searching-for-end-of-data-marker"}
{"ts":"2025-11-19T02:46:01.404Z","level":"warn","event":"bfis-unit-decode-unknown-datum-index","datumIndex":192,"unitId":16777985,"recovery":"searching-for-end-of-data-marker"}
{"ts":"2025-11-19T02:46:01.404Z","level":"warn","event":"bfis-unit-decode-unknown-datum-index","datumIndex":191,"unitId":16778241,"recovery":"searching-for-end-of-data-marker"}
{"ts":"2025-11-19T02:46:01.415Z","level":"warn","event":"bfis-snapshot-empty-data","endpoint":"logs","message":"Empty logs array received"}
{"ts":"2025-11-19T02:46:01.458Z","level":"info","event":"bfis-snapshot-read-ok","snapshotId":"5dd85b02-395d-4d21-8ff8-a162256b5f4e","sessionHash":"wXwFIkMvUoWzlJ4m","unitCount":60,"newUnitsInPoll":5,"cachedUnitsTotal":60,"unitsBufferSize":243,"weaponsBufferSize":8}
{"ts":"2025-11-19T02:46:02.389Z","level":"info","event":"bfis-binary-fetch","endpoint":"units","mode":"incremental","bytes":243,"lastTime":1763520361553}
{"ts":"2025-11-19T02:46:02.399Z","level":"info","event":"bfis-binary-fetch","endpoint":"weapons","mode":"incremental","bytes":8,"lastTime":1763520361566}
{"ts":"2025-11-19T02:46:02.399Z","level":"warn","event":"bfis-snapshot-empty-data","endpoint":"weapons","bufferSize":8,"message":"Empty or minimal weapons data received"}
{"ts":"2025-11-19T02:46:02.399Z","level":"warn","event":"bfis-unit-decode-unknown-datum-index","datumIndex":191,"unitId":16777473,"recovery":"searching-for-end-of-data-marker"}
{"ts":"2025-11-19T02:46:02.400Z","level":"warn","event":"bfis-unit-decode-unknown-datum-index","datumIndex":120,"unitId":16777985,"recovery":"searching-for-end-of-data-marker"}
{"ts":"2025-11-19T02:46:02.408Z","level":"warn","event":"bfis-snapshot-empty-data","endpoint":"logs","message":"Empty logs array received"}
{"ts":"2025-11-19T02:46:02.453Z","level":"info","event":"bfis-snapshot-read-ok","snapshotId":"4277cf54-b309-44e4-a763-cf88207ae9e1","sessionHash":"wXwFIkMvUoWzlJ4m","unitCount":60,"newUnitsInPoll":4,"cachedUnitsTotal":60,"unitsBufferSize":243,"weaponsBufferSize":8}
{"ts":"2025-11-19T02:46:03.407Z","level":"info","event":"bfis-binary-fetch","endpoint":"units","mode":"incremental","bytes":243,"lastTime":1763520362554}
{"ts":"2025-11-19T02:46:03.417Z","level":"warn","event":"bfis-snapshot-empty-data","endpoint":"weapons","bufferSize":8,"message":"Empty or minimal weapons data received"}
{"ts":"2025-11-19T02:46:03.417Z","level":"info","event":"bfis-binary-fetch","endpoint":"weapons","mode":"incremental","bytes":8,"lastTime":1763520362563}
{"ts":"2025-11-19T02:46:03.417Z","level":"warn","event":"bfis-unit-decode-unknown-datum-index","datumIndex":191,"unitId":16777473,"recovery":"searching-for-end-of-data-marker"}
{"ts":"2025-11-19T02:46:03.417Z","level":"warn","event":"bfis-unit-decode-unknown-datum-index","datumIndex":187,"unitId":16777985,"recovery":"searching-for-end-of-data-marker"}
{"ts":"2025-11-19T02:46:03.430Z","level":"warn","event":"bfis-snapshot-empty-data","endpoint":"logs","message":"Empty logs array received"}
{"ts":"2025-11-19T02:46:03.476Z","level":"info","event":"bfis-snapshot-read-ok","snapshotId":"59896798-05c1-4158-ac92-d3f21c03c364","sessionHash":"wXwFIkMvUoWzlJ4m","unitCount":60,"newUnitsInPoll":4,"cachedUnitsTotal":60,"unitsBufferSize":243,"weaponsBufferSize":8}
{"ts":"2025-11-19T02:46:04.398Z","level":"info","event":"bfis-binary-fetch","endpoint":"units","mode":"incremental","bytes":243,"lastTime":1763520363570}
{"ts":"2025-11-19T02:46:04.407Z","level":"warn","event":"bfis-snapshot-empty-data","endpoint":"weapons","bufferSize":8,"message":"Empty or minimal weapons data received"}
{"ts":"2025-11-19T02:46:04.408Z","level":"info","event":"bfis-binary-fetch","endpoint":"weapons","mode":"incremental","bytes":8,"lastTime":1763520363582}
{"ts":"2025-11-19T02:46:04.408Z","level":"warn","event":"bfis-unit-decode-unknown-datum-index","datumIndex":145,"unitId":16777985,"recovery":"searching-for-end-of-data-marker"}
{"ts":"2025-11-19T02:46:04.408Z","level":"warn","event":"bfis-unit-decode-unknown-datum-index","datumIndex":191,"unitId":16777473,"recovery":"searching-for-end-of-data-marker"}
{"ts":"2025-11-19T02:46:04.418Z","level":"warn","event":"bfis-snapshot-empty-data","endpoint":"logs","message":"Empty logs array received"}
{"ts":"2025-11-19T02:46:04.455Z","level":"info","event":"bfis-snapshot-read-ok","snapshotId":"b0c909bc-0ed6-4acc-93df-91fb3b4cc839","sessionHash":"wXwFIkMvUoWzlJ4m","unitCount":60,"newUnitsInPoll":4,"cachedUnitsTotal":60,"unitsBufferSize":243,"weaponsBufferSize":8}
{"ts":"2025-11-19T02:46:05.397Z","level":"info","event":"bfis-binary-fetch","endpoint":"units","mode":"incremental","bytes":243,"lastTime":1763520364562}
{"ts":"2025-11-19T02:46:05.409Z","level":"warn","event":"bfis-snapshot-empty-data","endpoint":"weapons","bufferSize":8,"message":"Empty or minimal weapons data received"}
{"ts":"2025-11-19T02:46:05.409Z","level":"info","event":"bfis-binary-fetch","endpoint":"weapons","mode":"incremental","bytes":8,"lastTime":1763520364572}
{"ts":"2025-11-19T02:46:05.409Z","level":"warn","event":"bfis-unit-decode-unknown-datum-index","datumIndex":208,"unitId":16777985,"recovery":"searching-for-end-of-data-marker"}
{"ts":"2025-11-19T02:46:05.409Z","level":"warn","event":"bfis-unit-decode-unknown-datum-index","datumIndex":191,"unitId":16777473,"recovery":"searching-for-end-of-data-marker"}
{"ts":"2025-11-19T02:46:05.419Z","level":"warn","event":"bfis-snapshot-empty-data","endpoint":"logs","message":"Empty logs array received"}
{"ts":"2025-11-19T02:46:05.459Z","level":"info","event":"bfis-snapshot-read-ok","snapshotId":"cb403eaf-c461-40ff-b2c0-8513229416d5","sessionHash":"wXwFIkMvUoWzlJ4m","unitCount":60,"newUnitsInPoll":4,"cachedUnitsTotal":60,"unitsBufferSize":243,"weaponsBufferSize":8}
{"ts":"2025-11-19T02:46:06.393Z","level":"info","event":"bfis-binary-fetch","endpoint":"units","mode":"incremental","bytes":243,"lastTime":1763520365561}
{"ts":"2025-11-19T02:46:06.402Z","level":"warn","event":"bfis-snapshot-empty-data","endpoint":"weapons","bufferSize":8,"message":"Empty or minimal weapons data received"}
{"ts":"2025-11-19T02:46:06.402Z","level":"warn","event":"bfis-unit-decode-unknown-datum-index","datumIndex":191,"unitId":16777473,"recovery":"searching-for-end-of-data-marker"}
{"ts":"2025-11-19T02:46:06.402Z","level":"info","event":"bfis-binary-fetch","endpoint":"weapons","mode":"incremental","bytes":8,"lastTime":1763520365574}
{"ts":"2025-11-19T02:46:06.403Z","level":"warn","event":"bfis-unit-decode-field-error","datumIndex":67,"unitId":16777985,"error":"Offset is outside the bounds of the DataView","errorType":"RangeError"}
{"ts":"2025-11-19T02:46:06.435Z","level":"warn","event":"bfis-snapshot-empty-data","endpoint":"logs","message":"Empty logs array received"}
{"ts":"2025-11-19T02:46:06.475Z","level":"info","event":"bfis-snapshot-read-ok","snapshotId":"2dda32c0-fb15-4f23-9cd7-447da649274a","sessionHash":"wXwFIkMvUoWzlJ4m","unitCount":60,"newUnitsInPoll":3,"cachedUnitsTotal":60,"unitsBufferSize":243,"weaponsBufferSize":8}
{"ts":"2025-11-19T02:46:07.393Z","level":"info","event":"bfis-binary-fetch","endpoint":"units","mode":"incremental","bytes":246,"lastTime":1763520366558}
{"ts":"2025-11-19T02:46:07.401Z","level":"warn","event":"bfis-snapshot-empty-data","endpoint":"weapons","bufferSize":8,"message":"Empty or minimal weapons data received"}
{"ts":"2025-11-19T02:46:07.402Z","level":"warn","event":"bfis-unit-decode-unknown-datum-index","datumIndex":191,"unitId":16777473,"recovery":"searching-for-end-of-data-marker"}
{"ts":"2025-11-19T02:46:07.401Z","level":"info","event":"bfis-binary-fetch","endpoint":"weapons","mode":"incremental","bytes":8,"lastTime":1763520366567}
{"ts":"2025-11-19T02:46:07.402Z","level":"warn","event":"bfis-unit-decode-unknown-datum-index","datumIndex":233,"unitId":16777985,"recovery":"searching-for-end-of-data-marker"}
{"ts":"2025-11-19T02:46:07.410Z","level":"warn","event":"bfis-snapshot-empty-data","endpoint":"logs","message":"Empty logs array received"}
{"ts":"2025-11-19T02:46:07.452Z","level":"info","event":"bfis-snapshot-read-ok","snapshotId":"a0778bff-9dc5-478f-8330-7b2fe3ba5375","sessionHash":"wXwFIkMvUoWzlJ4m","unitCount":60,"newUnitsInPoll":4,"cachedUnitsTotal":60,"unitsBufferSize":246,"weaponsBufferSize":8}
{"ts":"2025-11-19T02:46:08.396Z","level":"info","event":"bfis-binary-fetch","endpoint":"units","mode":"incremental","bytes":243,"lastTime":1763520367559}
{"ts":"2025-11-19T02:46:08.405Z","level":"warn","event":"bfis-snapshot-empty-data","endpoint":"weapons","bufferSize":8,"message":"Empty or minimal weapons data received"}
{"ts":"2025-11-19T02:46:08.405Z","level":"info","event":"bfis-binary-fetch","endpoint":"weapons","mode":"incremental","bytes":8,"lastTime":1763520367567}
{"ts":"2025-11-19T02:46:08.405Z","level":"warn","event":"bfis-unit-decode-unknown-datum-index","datumIndex":191,"unitId":16777473,"recovery":"searching-for-end-of-data-marker"}
{"ts":"2025-11-19T02:46:08.406Z","level":"warn","event":"bfis-unit-decode-unknown-datum-index","datumIndex":165,"unitId":16777985,"recovery":"searching-for-end-of-data-marker"}
{"ts":"2025-11-19T02:46:08.416Z","level":"warn","event":"bfis-snapshot-empty-data","endpoint":"logs","message":"Empty logs array received"}
{"ts":"2025-11-19T02:46:08.452Z","level":"info","event":"bfis-snapshot-read-ok","snapshotId":"8d2d9ecd-baa0-4bac-a630-ab6126eebd27","sessionHash":"wXwFIkMvUoWzlJ4m","unitCount":60,"newUnitsInPoll":4,"cachedUnitsTotal":60,"unitsBufferSize":243,"weaponsBufferSize":8}
{"ts":"2025-11-19T02:46:09.400Z","level":"info","event":"bfis-binary-fetch","endpoint":"units","mode":"incremental","bytes":243,"lastTime":1763520368561}
{"ts":"2025-11-19T02:46:09.410Z","level":"warn","event":"bfis-snapshot-empty-data","endpoint":"weapons","bufferSize":8,"message":"Empty or minimal weapons data received"}
{"ts":"2025-11-19T02:46:09.410Z","level":"info","event":"bfis-binary-fetch","endpoint":"weapons","mode":"incremental","bytes":8,"lastTime":1763520368570}
{"ts":"2025-11-19T02:46:09.410Z","level":"warn","event":"bfis-unit-decode-unknown-datum-index","datumIndex":191,"unitId":16777473,"recovery":"searching-for-end-of-data-marker"}
{"ts":"2025-11-19T02:46:09.410Z","level":"warn","event":"bfis-unit-decode-unknown-datum-index","datumIndex":167,"unitId":16777985,"recovery":"searching-for-end-of-data-marker"}
{"ts":"2025-11-19T02:46:09.421Z","level":"warn","event":"bfis-snapshot-empty-data","endpoint":"logs","message":"Empty logs array received"}
{"ts":"2025-11-19T02:46:09.465Z","level":"info","event":"bfis-snapshot-read-ok","snapshotId":"816f68b3-802d-4f91-9648-20d795d124ba","sessionHash":"wXwFIkMvUoWzlJ4m","unitCount":60,"newUnitsInPoll":4,"cachedUnitsTotal":60,"unitsBufferSize":243,"weaponsBufferSize":8}
{"ts":"2025-11-19T02:46:10.400Z","level":"info","event":"bfis-binary-fetch","endpoint":"units","mode":"incremental","bytes":243,"lastTime":1763520369566}
{"ts":"2025-11-19T02:46:10.414Z","level":"warn","event":"bfis-snapshot-empty-data","endpoint":"weapons","bufferSize":8,"message":"Empty or minimal weapons data received"}
{"ts":"2025-11-19T02:46:10.415Z","level":"info","event":"bfis-binary-fetch","endpoint":"weapons","mode":"incremental","bytes":8,"lastTime":1763520369575}
{"ts":"2025-11-19T02:46:10.415Z","level":"warn","event":"bfis-unit-decode-unknown-datum-index","datumIndex":80,"unitId":16777985,"recovery":"searching-for-end-of-data-marker"}
{"ts":"2025-11-19T02:46:10.415Z","level":"warn","event":"bfis-unit-decode-unknown-datum-index","datumIndex":191,"unitId":16777473,"recovery":"searching-for-end-of-data-marker"}
{"ts":"2025-11-19T02:46:10.430Z","level":"warn","event":"bfis-snapshot-empty-data","endpoint":"logs","message":"Empty logs array received"}
{"ts":"2025-11-19T02:46:10.470Z","level":"info","event":"bfis-snapshot-read-ok","snapshotId":"b63a0c1f-7469-4717-a0bf-7e6cbcacc38c","sessionHash":"wXwFIkMvUoWzlJ4m","unitCount":60,"newUnitsInPoll":4,"cachedUnitsTotal":60,"unitsBufferSize":243,"weaponsBufferSize":8}
{"ts":"2025-11-19T02:46:11.396Z","level":"info","event":"bfis-binary-fetch","endpoint":"units","mode":"incremental","bytes":243,"lastTime":1763520370561}
{"ts":"2025-11-19T02:46:11.404Z","level":"warn","event":"bfis-snapshot-empty-data","endpoint":"weapons","bufferSize":8,"message":"Empty or minimal weapons data received"}
{"ts":"2025-11-19T02:46:11.404Z","level":"info","event":"bfis-binary-fetch","endpoint":"weapons","mode":"incremental","bytes":8,"lastTime":1763520370576}
{"ts":"2025-11-19T02:46:11.404Z","level":"warn","event":"bfis-unit-decode-unknown-datum-index","datumIndex":191,"unitId":16777473,"recovery":"searching-for-end-of-data-marker"}
{"ts":"2025-11-19T02:46:11.404Z","level":"warn","event":"bfis-unit-decode-unknown-datum-index","datumIndex":191,"unitId":16777985,"recovery":"searching-for-end-of-data-marker"}
{"ts":"2025-11-19T02:46:11.404Z","level":"warn","event":"bfis-unit-decode-unknown-datum-index","datumIndex":191,"unitId":16778241,"recovery":"searching-for-end-of-data-marker"}
{"ts":"2025-11-19T02:46:11.410Z","level":"warn","event":"bfis-snapshot-empty-data","endpoint":"logs","message":"Empty logs array received"}
{"ts":"2025-11-19T02:46:11.446Z","level":"info","event":"bfis-snapshot-read-ok","snapshotId":"9e203b93-4293-407f-831a-92a9198d076c","sessionHash":"wXwFIkMvUoWzlJ4m","unitCount":60,"newUnitsInPoll":5,"cachedUnitsTotal":60,"unitsBufferSize":243,"weaponsBufferSize":8}
{"ts":"2025-11-19T02:46:12.397Z","level":"info","event":"bfis-binary-fetch","endpoint":"units","mode":"incremental","bytes":243,"lastTime":1763520371561}
{"ts":"2025-11-19T02:46:12.411Z","level":"warn","event":"bfis-snapshot-empty-data","endpoint":"weapons","bufferSize":8,"message":"Empty or minimal weapons data received"}
{"ts":"2025-11-19T02:46:12.412Z","level":"info","event":"bfis-binary-fetch","endpoint":"weapons","mode":"incremental","bytes":8,"lastTime":1763520371570}
{"ts":"2025-11-19T02:46:12.412Z","level":"warn","event":"bfis-unit-decode-unknown-datum-index","datumIndex":191,"unitId":16777473,"recovery":"searching-for-end-of-data-marker"}
{"ts":"2025-11-19T02:46:12.412Z","level":"warn","event":"bfis-unit-decode-unknown-datum-index","datumIndex":191,"unitId":16777985,"recovery":"searching-for-end-of-data-marker"}
{"ts":"2025-11-19T02:46:12.412Z","level":"warn","event":"bfis-unit-decode-unknown-datum-index","datumIndex":191,"unitId":16778241,"recovery":"searching-for-end-of-data-marker"}
{"ts":"2025-11-19T02:46:12.423Z","level":"warn","event":"bfis-snapshot-empty-data","endpoint":"logs","message":"Empty logs array received"}
{"ts":"2025-11-19T02:46:12.471Z","level":"info","event":"bfis-snapshot-read-ok","snapshotId":"e90ba249-ea70-43de-b58e-045953d63f25","sessionHash":"wXwFIkMvUoWzlJ4m","unitCount":60,"newUnitsInPoll":5,"cachedUnitsTotal":60,"unitsBufferSize":243,"weaponsBufferSize":8}
{"ts":"2025-11-19T02:46:13.398Z","level":"info","event":"bfis-binary-fetch","endpoint":"units","mode":"incremental","bytes":243,"lastTime":1763520372561}
{"ts":"2025-11-19T02:46:13.407Z","level":"warn","event":"bfis-snapshot-empty-data","endpoint":"weapons","bufferSize":8,"message":"Empty or minimal weapons data received"}
{"ts":"2025-11-19T02:46:13.407Z","level":"info","event":"bfis-binary-fetch","endpoint":"weapons","mode":"incremental","bytes":8,"lastTime":1763520372576}
{"ts":"2025-11-19T02:46:13.407Z","level":"warn","event":"bfis-unit-decode-unknown-datum-index","datumIndex":191,"unitId":16777473,"recovery":"searching-for-end-of-data-marker"}
{"ts":"2025-11-19T02:46:13.407Z","level":"warn","event":"bfis-unit-decode-unknown-datum-index","datumIndex":191,"unitId":16777985,"recovery":"searching-for-end-of-data-marker"}
{"ts":"2025-11-19T02:46:13.407Z","level":"warn","event":"bfis-unit-decode-unknown-datum-index","datumIndex":191,"unitId":16778241,"recovery":"searching-for-end-of-data-marker"}
{"ts":"2025-11-19T02:46:13.415Z","level":"warn","event":"bfis-snapshot-empty-data","endpoint":"logs","message":"Empty logs array received"}
{"ts":"2025-11-19T02:46:13.449Z","level":"info","event":"bfis-snapshot-read-ok","snapshotId":"d8cba265-99ef-4381-ad34-83e8a5a773a6","sessionHash":"wXwFIkMvUoWzlJ4m","unitCount":60,"newUnitsInPoll":5,"cachedUnitsTotal":60,"unitsBufferSize":243,"weaponsBufferSize":8}
{"ts":"2025-11-19T02:46:14.402Z","level":"info","event":"bfis-binary-fetch","endpoint":"units","mode":"incremental","bytes":243,"lastTime":1763520373564}
{"ts":"2025-11-19T02:46:14.414Z","level":"warn","event":"bfis-snapshot-empty-data","endpoint":"weapons","bufferSize":8,"message":"Empty or minimal weapons data received"}
{"ts":"2025-11-19T02:46:14.414Z","level":"info","event":"bfis-binary-fetch","endpoint":"weapons","mode":"incremental","bytes":8,"lastTime":1763520373572}
{"ts":"2025-11-19T02:46:14.414Z","level":"warn","event":"bfis-unit-decode-unknown-datum-index","datumIndex":191,"unitId":16777473,"recovery":"searching-for-end-of-data-marker"}
{"ts":"2025-11-19T02:46:14.414Z","level":"warn","event":"bfis-unit-decode-unknown-datum-index","datumIndex":191,"unitId":16777985,"recovery":"searching-for-end-of-data-marker"}
{"ts":"2025-11-19T02:46:14.414Z","level":"warn","event":"bfis-unit-decode-unknown-datum-index","datumIndex":191,"unitId":16778241,"recovery":"searching-for-end-of-data-marker"}
{"ts":"2025-11-19T02:46:14.424Z","level":"warn","event":"bfis-snapshot-empty-data","endpoint":"logs","message":"Empty logs array received"}
{"ts":"2025-11-19T02:46:14.462Z","level":"info","event":"bfis-snapshot-read-ok","snapshotId":"113db489-3e95-4bba-bef3-8f90878ce6a4","sessionHash":"wXwFIkMvUoWzlJ4m","unitCount":60,"newUnitsInPoll":5,"cachedUnitsTotal":60,"unitsBufferSize":243,"weaponsBufferSize":8}
{"ts":"2025-11-19T02:46:15.407Z","level":"info","event":"bfis-binary-fetch","endpoint":"units","mode":"incremental","bytes":243,"lastTime":1763520374568}
{"ts":"2025-11-19T02:46:15.420Z","level":"warn","event":"bfis-snapshot-empty-data","endpoint":"weapons","bufferSize":8,"message":"Empty or minimal weapons data received"}
{"ts":"2025-11-19T02:46:15.420Z","level":"info","event":"bfis-binary-fetch","endpoint":"weapons","mode":"incremental","bytes":8,"lastTime":1763520374578}
{"ts":"2025-11-19T02:46:15.421Z","level":"warn","event":"bfis-unit-decode-unknown-datum-index","datumIndex":191,"unitId":16777473,"recovery":"searching-for-end-of-data-marker"}
{"ts":"2025-11-19T02:46:15.421Z","level":"warn","event":"bfis-unit-decode-unknown-datum-index","datumIndex":191,"unitId":16777985,"recovery":"searching-for-end-of-data-marker"}
{"ts":"2025-11-19T02:46:15.421Z","level":"warn","event":"bfis-unit-decode-unknown-datum-index","datumIndex":191,"unitId":16778241,"recovery":"searching-for-end-of-data-marker"}
{"ts":"2025-11-19T02:46:15.432Z","level":"warn","event":"bfis-snapshot-empty-data","endpoint":"logs","message":"Empty logs array received"}
{"ts":"2025-11-19T02:46:15.488Z","level":"info","event":"bfis-snapshot-read-ok","snapshotId":"b544f133-155b-4cd2-8035-2d993ffe87d0","sessionHash":"wXwFIkMvUoWzlJ4m","unitCount":60,"newUnitsInPoll":5,"cachedUnitsTotal":60,"unitsBufferSize":243,"weaponsBufferSize":8}
{"ts":"2025-11-19T02:46:16.401Z","level":"info","event":"bfis-binary-fetch","endpoint":"units","mode":"incremental","bytes":243,"lastTime":1763520375571}
{"ts":"2025-11-19T02:46:16.409Z","level":"warn","event":"bfis-snapshot-empty-data","endpoint":"weapons","bufferSize":8,"message":"Empty or minimal weapons data received"}
{"ts":"2025-11-19T02:46:16.409Z","level":"info","event":"bfis-binary-fetch","endpoint":"weapons","mode":"incremental","bytes":8,"lastTime":1763520375582}
{"ts":"2025-11-19T02:46:16.410Z","level":"warn","event":"bfis-unit-decode-unknown-datum-index","datumIndex":191,"unitId":16777473,"recovery":"searching-for-end-of-data-marker"}
{"ts":"2025-11-19T02:46:16.410Z","level":"warn","event":"bfis-unit-decode-unknown-datum-index","datumIndex":191,"unitId":16777985,"recovery":"searching-for-end-of-data-marker"}
{"ts":"2025-11-19T02:46:16.410Z","level":"warn","event":"bfis-unit-decode-unknown-datum-index","datumIndex":191,"unitId":16778241,"recovery":"searching-for-end-of-data-marker"}
{"ts":"2025-11-19T02:46:16.420Z","level":"warn","event":"bfis-snapshot-empty-data","endpoint":"logs","message":"Empty logs array received"}
{"ts":"2025-11-19T02:46:16.463Z","level":"info","event":"bfis-snapshot-read-ok","snapshotId":"4ad5a8b4-5811-44aa-b349-fa9c330626ac","sessionHash":"wXwFIkMvUoWzlJ4m","unitCount":60,"newUnitsInPoll":5,"cachedUnitsTotal":60,"unitsBufferSize":243,"weaponsBufferSize":8}
{"ts":"2025-11-19T02:46:17.406Z","level":"info","event":"bfis-binary-fetch","endpoint":"units","mode":"incremental","bytes":246,"lastTime":1763520376565}
{"ts":"2025-11-19T02:46:17.414Z","level":"warn","event":"bfis-snapshot-empty-data","endpoint":"weapons","bufferSize":8,"message":"Empty or minimal weapons data received"}
{"ts":"2025-11-19T02:46:17.414Z","level":"info","event":"bfis-binary-fetch","endpoint":"weapons","mode":"incremental","bytes":8,"lastTime":1763520376575}
{"ts":"2025-11-19T02:46:17.414Z","level":"warn","event":"bfis-unit-decode-unknown-datum-index","datumIndex":191,"unitId":16777473,"recovery":"searching-for-end-of-data-marker"}
{"ts":"2025-11-19T02:46:17.414Z","level":"warn","event":"bfis-unit-decode-unknown-datum-index","datumIndex":191,"unitId":16777985,"recovery":"searching-for-end-of-data-marker"}
{"ts":"2025-11-19T02:46:17.414Z","level":"warn","event":"bfis-unit-decode-unknown-datum-index","datumIndex":191,"unitId":16778241,"recovery":"searching-for-end-of-data-marker"}
{"ts":"2025-11-19T02:46:17.423Z","level":"warn","event":"bfis-snapshot-empty-data","endpoint":"logs","message":"Empty logs array received"}
{"ts":"2025-11-19T02:46:17.461Z","level":"info","event":"bfis-snapshot-read-ok","snapshotId":"9997ba00-a28b-464b-a791-eca2fc67bc81","sessionHash":"wXwFIkMvUoWzlJ4m","unitCount":60,"newUnitsInPoll":5,"cachedUnitsTotal":60,"unitsBufferSize":246,"weaponsBufferSize":8}
{"ts":"2025-11-19T02:46:18.412Z","level":"info","event":"bfis-binary-fetch","endpoint":"units","mode":"incremental","bytes":243,"lastTime":1763520377571}
{"ts":"2025-11-19T02:46:18.422Z","level":"warn","event":"bfis-snapshot-empty-data","endpoint":"weapons","bufferSize":8,"message":"Empty or minimal weapons data received"}
{"ts":"2025-11-19T02:46:18.422Z","level":"info","event":"bfis-binary-fetch","endpoint":"weapons","mode":"incremental","bytes":8,"lastTime":1763520377580}
{"ts":"2025-11-19T02:46:18.422Z","level":"warn","event":"bfis-unit-decode-unknown-datum-index","datumIndex":191,"unitId":16777473,"recovery":"searching-for-end-of-data-marker"}
{"ts":"2025-11-19T02:46:18.422Z","level":"warn","event":"bfis-unit-decode-unknown-datum-index","datumIndex":191,"unitId":16777985,"recovery":"searching-for-end-of-data-marker"}
{"ts":"2025-11-19T02:46:18.422Z","level":"warn","event":"bfis-unit-decode-unknown-datum-index","datumIndex":191,"unitId":16778241,"recovery":"searching-for-end-of-data-marker"}
{"ts":"2025-11-19T02:46:18.432Z","level":"warn","event":"bfis-snapshot-empty-data","endpoint":"logs","message":"Empty logs array received"}
{"ts":"2025-11-19T02:46:18.472Z","level":"info","event":"bfis-snapshot-read-ok","snapshotId":"ed713bb6-cefe-4c91-9b79-e45b81190300","sessionHash":"wXwFIkMvUoWzlJ4m","unitCount":60,"newUnitsInPoll":5,"cachedUnitsTotal":60,"unitsBufferSize":243,"weaponsBufferSize":8}
{"ts":"2025-11-19T02:46:19.406Z","level":"info","event":"bfis-binary-fetch","endpoint":"units","mode":"incremental","bytes":243,"lastTime":1763520378577}
{"ts":"2025-11-19T02:46:19.418Z","level":"warn","event":"bfis-snapshot-empty-data","endpoint":"weapons","bufferSize":8,"message":"Empty or minimal weapons data received"}
{"ts":"2025-11-19T02:46:19.418Z","level":"info","event":"bfis-binary-fetch","endpoint":"weapons","mode":"incremental","bytes":8,"lastTime":1763520378587}
{"ts":"2025-11-19T02:46:19.418Z","level":"warn","event":"bfis-unit-decode-unknown-datum-index","datumIndex":191,"unitId":16777473,"recovery":"searching-for-end-of-data-marker"}
{"ts":"2025-11-19T02:46:19.419Z","level":"warn","event":"bfis-unit-decode-unknown-datum-index","datumIndex":191,"unitId":16778241,"recovery":"searching-for-end-of-data-marker"}
{"ts":"2025-11-19T02:46:19.418Z","level":"warn","event":"bfis-unit-decode-unknown-datum-index","datumIndex":191,"unitId":16777985,"recovery":"searching-for-end-of-data-marker"}
{"ts":"2025-11-19T02:46:19.429Z","level":"warn","event":"bfis-snapshot-empty-data","endpoint":"logs","message":"Empty logs array received"}
{"ts":"2025-11-19T02:46:19.464Z","level":"info","event":"bfis-snapshot-read-ok","snapshotId":"5e7ff14a-62f9-4b77-8f29-f05bca1359c8","sessionHash":"wXwFIkMvUoWzlJ4m","unitCount":60,"newUnitsInPoll":5,"cachedUnitsTotal":60,"unitsBufferSize":243,"weaponsBufferSize":8}
{"ts":"2025-11-19T02:46:20.404Z","level":"info","event":"bfis-binary-fetch","endpoint":"units","mode":"incremental","bytes":243,"lastTime":1763520379568}
{"ts":"2025-11-19T02:46:20.415Z","level":"warn","event":"bfis-snapshot-empty-data","endpoint":"weapons","bufferSize":8,"message":"Empty or minimal weapons data received"}
{"ts":"2025-11-19T02:46:20.415Z","level":"info","event":"bfis-binary-fetch","endpoint":"weapons","mode":"incremental","bytes":8,"lastTime":1763520379583}
{"ts":"2025-11-19T02:46:20.415Z","level":"warn","event":"bfis-unit-decode-unknown-datum-index","datumIndex":191,"unitId":16777473,"recovery":"searching-for-end-of-data-marker"}
{"ts":"2025-11-19T02:46:20.415Z","level":"warn","event":"bfis-unit-decode-field-error","datumIndex":45,"unitId":4290771192,"error":"Offset is outside the bounds of the DataView","errorType":"RangeError"}
{"ts":"2025-11-19T02:46:20.425Z","level":"warn","event":"bfis-snapshot-empty-data","endpoint":"logs","message":"Empty logs array received"}
{"ts":"2025-11-19T02:46:20.472Z","level":"info","event":"bfis-snapshot-read-ok","snapshotId":"c6f13d82-29aa-4297-b62a-c301b3374079","sessionHash":"wXwFIkMvUoWzlJ4m","unitCount":61,"newUnitsInPoll":2,"cachedUnitsTotal":61,"unitsBufferSize":243,"weaponsBufferSize":8}
{"ts":"2025-11-19T02:46:21.403Z","level":"info","event":"bfis-binary-fetch","endpoint":"units","mode":"incremental","bytes":243,"lastTime":1763520380569}
{"ts":"2025-11-19T02:46:21.411Z","level":"warn","event":"bfis-snapshot-empty-data","endpoint":"weapons","bufferSize":8,"message":"Empty or minimal weapons data received"}
{"ts":"2025-11-19T02:46:21.411Z","level":"info","event":"bfis-binary-fetch","endpoint":"weapons","mode":"incremental","bytes":8,"lastTime":1763520380579}
{"ts":"2025-11-19T02:46:21.411Z","level":"warn","event":"bfis-unit-decode-unknown-datum-index","datumIndex":191,"unitId":16777985,"recovery":"searching-for-end-of-data-marker"}
{"ts":"2025-11-19T02:46:21.411Z","level":"warn","event":"bfis-unit-decode-unknown-datum-index","datumIndex":191,"unitId":16777473,"recovery":"searching-for-end-of-data-marker"}
{"ts":"2025-11-19T02:46:21.412Z","level":"warn","event":"bfis-unit-decode-unknown-datum-index","datumIndex":191,"unitId":16778241,"recovery":"searching-for-end-of-data-marker"}
{"ts":"2025-11-19T02:46:21.420Z","level":"warn","event":"bfis-snapshot-empty-data","endpoint":"logs","message":"Empty logs array received"}
{"ts":"2025-11-19T02:46:21.452Z","level":"info","event":"bfis-snapshot-read-ok","snapshotId":"65355d9c-102b-45cc-ab40-a834655c7c4e","sessionHash":"wXwFIkMvUoWzlJ4m","unitCount":61,"newUnitsInPoll":5,"cachedUnitsTotal":61,"unitsBufferSize":243,"weaponsBufferSize":8}
{"ts":"2025-11-19T02:46:22.409Z","level":"info","event":"bfis-binary-fetch","endpoint":"units","mode":"incremental","bytes":243,"lastTime":1763520381568}
{"ts":"2025-11-19T02:46:22.418Z","level":"warn","event":"bfis-snapshot-empty-data","endpoint":"weapons","bufferSize":8,"message":"Empty or minimal weapons data received"}
{"ts":"2025-11-19T02:46:22.418Z","level":"info","event":"bfis-binary-fetch","endpoint":"weapons","mode":"incremental","bytes":8,"lastTime":1763520381576}
{"ts":"2025-11-19T02:46:22.418Z","level":"warn","event":"bfis-unit-decode-unknown-datum-index","datumIndex":191,"unitId":16777473,"recovery":"searching-for-end-of-data-marker"}
{"ts":"2025-11-19T02:46:22.418Z","level":"warn","event":"bfis-unit-decode-unknown-datum-index","datumIndex":191,"unitId":16777985,"recovery":"searching-for-end-of-data-marker"}
{"ts":"2025-11-19T02:46:22.418Z","level":"warn","event":"bfis-unit-decode-unknown-datum-index","datumIndex":216,"unitId":1084299071,"recovery":"searching-for-end-of-data-marker"}
{"ts":"2025-11-19T02:46:22.418Z","level":"warn","event":"bfis-unit-decode-unknown-datum-index","datumIndex":191,"unitId":16778241,"recovery":"searching-for-end-of-data-marker"}
{"ts":"2025-11-19T02:46:22.430Z","level":"warn","event":"bfis-snapshot-empty-data","endpoint":"logs","message":"Empty logs array received"}
{"ts":"2025-11-19T02:46:22.470Z","level":"info","event":"bfis-snapshot-read-ok","snapshotId":"24f8e6d1-b742-4282-b977-b65bb56676ba","sessionHash":"wXwFIkMvUoWzlJ4m","unitCount":62,"newUnitsInPoll":6,"cachedUnitsTotal":62,"unitsBufferSize":243,"weaponsBufferSize":8}
{"ts":"2025-11-19T02:46:23.411Z","level":"info","event":"bfis-binary-fetch","endpoint":"units","mode":"incremental","bytes":243,"lastTime":1763520382574}
{"ts":"2025-11-19T02:46:23.426Z","level":"warn","event":"bfis-snapshot-empty-data","endpoint":"weapons","bufferSize":8,"message":"Empty or minimal weapons data received"}
{"ts":"2025-11-19T02:46:23.426Z","level":"info","event":"bfis-binary-fetch","endpoint":"weapons","mode":"incremental","bytes":8,"lastTime":1763520382584}
{"ts":"2025-11-19T02:46:23.426Z","level":"warn","event":"bfis-unit-decode-unknown-datum-index","datumIndex":191,"unitId":16777473,"recovery":"searching-for-end-of-data-marker"}
{"ts":"2025-11-19T02:46:23.426Z","level":"warn","event":"bfis-unit-decode-unknown-datum-index","datumIndex":191,"unitId":16777985,"recovery":"searching-for-end-of-data-marker"}
{"ts":"2025-11-19T02:46:23.426Z","level":"warn","event":"bfis-unit-decode-unknown-datum-index","datumIndex":191,"unitId":16778241,"recovery":"searching-for-end-of-data-marker"}
{"ts":"2025-11-19T02:46:23.435Z","level":"warn","event":"bfis-snapshot-empty-data","endpoint":"logs","message":"Empty logs array received"}
{"ts":"2025-11-19T02:46:23.475Z","level":"info","event":"bfis-snapshot-read-ok","snapshotId":"63082802-06aa-4977-8128-105c40c7b6f0","sessionHash":"wXwFIkMvUoWzlJ4m","unitCount":62,"newUnitsInPoll":5,"cachedUnitsTotal":62,"unitsBufferSize":243,"weaponsBufferSize":8}
{"ts":"2025-11-19T02:46:24.410Z","level":"info","event":"bfis-binary-fetch","endpoint":"units","mode":"incremental","bytes":246,"lastTime":1763520383575}
{"ts":"2025-11-19T02:46:24.420Z","level":"warn","event":"bfis-snapshot-empty-data","endpoint":"weapons","bufferSize":8,"message":"Empty or minimal weapons data received"}
{"ts":"2025-11-19T02:46:24.420Z","level":"info","event":"bfis-binary-fetch","endpoint":"weapons","mode":"incremental","bytes":8,"lastTime":1763520383588}
{"ts":"2025-11-19T02:46:24.420Z","level":"warn","event":"bfis-unit-decode-unknown-datum-index","datumIndex":191,"unitId":16777985,"recovery":"searching-for-end-of-data-marker"}
{"ts":"2025-11-19T02:46:24.420Z","level":"warn","event":"bfis-unit-decode-unknown-datum-index","datumIndex":191,"unitId":16777473,"recovery":"searching-for-end-of-data-marker"}
{"ts":"2025-11-19T02:46:24.421Z","level":"warn","event":"bfis-unit-decode-unknown-datum-index","datumIndex":191,"unitId":16778241,"recovery":"searching-for-end-of-data-marker"}
{"ts":"2025-11-19T02:46:24.430Z","level":"warn","event":"bfis-snapshot-empty-data","endpoint":"logs","message":"Empty logs array received"}
{"ts":"2025-11-19T02:46:24.472Z","level":"info","event":"bfis-snapshot-read-ok","snapshotId":"62514ef5-b55a-4ea9-906c-1d453b5c4a3b","sessionHash":"wXwFIkMvUoWzlJ4m","unitCount":62,"newUnitsInPoll":5,"cachedUnitsTotal":62,"unitsBufferSize":246,"weaponsBufferSize":8}
{"ts":"2025-11-19T02:46:25.415Z","level":"info","event":"bfis-binary-fetch","endpoint":"units","mode":"incremental","bytes":243,"lastTime":1763520384573}
{"ts":"2025-11-19T02:46:25.425Z","level":"warn","event":"bfis-snapshot-empty-data","endpoint":"weapons","bufferSize":8,"message":"Empty or minimal weapons data received"}
{"ts":"2025-11-19T02:46:25.425Z","level":"info","event":"bfis-binary-fetch","endpoint":"weapons","mode":"incremental","bytes":8,"lastTime":1763520384584}
{"ts":"2025-11-19T02:46:25.425Z","level":"warn","event":"bfis-unit-decode-unknown-datum-index","datumIndex":191,"unitId":16777473,"recovery":"searching-for-end-of-data-marker"}
{"ts":"2025-11-19T02:46:25.425Z","level":"warn","event":"bfis-unit-decode-unknown-datum-index","datumIndex":191,"unitId":16777985,"recovery":"searching-for-end-of-data-marker"}
{"ts":"2025-11-19T02:46:25.436Z","level":"warn","event":"bfis-snapshot-empty-data","endpoint":"logs","message":"Empty logs array received"}
{"ts":"2025-11-19T02:46:25.508Z","level":"info","event":"bfis-snapshot-read-ok","snapshotId":"9fea9982-867d-4a2a-a284-79d425b72b4c","sessionHash":"wXwFIkMvUoWzlJ4m","unitCount":62,"newUnitsInPoll":4,"cachedUnitsTotal":62,"unitsBufferSize":243,"weaponsBufferSize":8}
{"ts":"2025-11-19T02:46:26.412Z","level":"info","event":"bfis-binary-fetch","endpoint":"units","mode":"incremental","bytes":246,"lastTime":1763520385581}
{"ts":"2025-11-19T02:46:26.423Z","level":"warn","event":"bfis-snapshot-empty-data","endpoint":"weapons","bufferSize":8,"message":"Empty or minimal weapons data received"}
{"ts":"2025-11-19T02:46:26.423Z","level":"info","event":"bfis-binary-fetch","endpoint":"weapons","mode":"incremental","bytes":8,"lastTime":1763520385590}
{"ts":"2025-11-19T02:46:26.423Z","level":"warn","event":"bfis-unit-decode-unknown-datum-index","datumIndex":191,"unitId":16777473,"recovery":"searching-for-end-of-data-marker"}
{"ts":"2025-11-19T02:46:26.423Z","level":"warn","event":"bfis-unit-decode-unknown-datum-index","datumIndex":129,"unitId":155129791,"recovery":"searching-for-end-of-data-marker"}
{"ts":"2025-11-19T02:46:26.423Z","level":"warn","event":"bfis-unit-decode-unknown-datum-index","datumIndex":191,"unitId":16777985,"recovery":"searching-for-end-of-data-marker"}
{"ts":"2025-11-19T02:46:26.435Z","level":"warn","event":"bfis-snapshot-empty-data","endpoint":"logs","message":"Empty logs array received"}
{"ts":"2025-11-19T02:46:26.472Z","level":"info","event":"bfis-snapshot-read-ok","snapshotId":"5aaafa89-dbab-4a90-b403-da10a037fe04","sessionHash":"wXwFIkMvUoWzlJ4m","unitCount":63,"newUnitsInPoll":5,"cachedUnitsTotal":63,"unitsBufferSize":246,"weaponsBufferSize":8}
{"ts":"2025-11-19T02:46:27.413Z","level":"info","event":"bfis-binary-fetch","endpoint":"units","mode":"incremental","bytes":243,"lastTime":1763520386577}
{"ts":"2025-11-19T02:46:27.430Z","level":"warn","event":"bfis-snapshot-empty-data","endpoint":"weapons","bufferSize":8,"message":"Empty or minimal weapons data received"}
{"ts":"2025-11-19T02:46:27.430Z","level":"info","event":"bfis-binary-fetch","endpoint":"weapons","mode":"incremental","bytes":8,"lastTime":1763520386587}
{"ts":"2025-11-19T02:46:27.430Z","level":"warn","event":"bfis-unit-decode-unknown-datum-index","datumIndex":191,"unitId":16777473,"recovery":"searching-for-end-of-data-marker"}
{"ts":"2025-11-19T02:46:27.442Z","level":"warn","event":"bfis-snapshot-empty-data","endpoint":"logs","message":"Empty logs array received"}
{"ts":"2025-11-19T02:46:27.487Z","level":"info","event":"bfis-snapshot-read-ok","snapshotId":"50c8fec4-0912-4ba1-87d9-b360a069a0b5","sessionHash":"wXwFIkMvUoWzlJ4m","unitCount":63,"newUnitsInPoll":2,"cachedUnitsTotal":63,"unitsBufferSize":243,"weaponsBufferSize":8}
{"ts":"2025-11-19T02:46:28.414Z","level":"info","event":"bfis-binary-fetch","endpoint":"units","mode":"incremental","bytes":243,"lastTime":1763520387578}
{"ts":"2025-11-19T02:46:28.424Z","level":"warn","event":"bfis-snapshot-empty-data","endpoint":"weapons","bufferSize":8,"message":"Empty or minimal weapons data received"}
{"ts":"2025-11-19T02:46:28.424Z","level":"info","event":"bfis-binary-fetch","endpoint":"weapons","mode":"incremental","bytes":8,"lastTime":1763520387594}
{"ts":"2025-11-19T02:46:28.424Z","level":"warn","event":"bfis-unit-decode-unknown-datum-index","datumIndex":191,"unitId":16777473,"recovery":"searching-for-end-of-data-marker"}
{"ts":"2025-11-19T02:46:28.424Z","level":"warn","event":"bfis-unit-decode-unknown-datum-index","datumIndex":191,"unitId":16777985,"recovery":"searching-for-end-of-data-marker"}
{"ts":"2025-11-19T02:46:28.424Z","level":"warn","event":"bfis-unit-decode-unknown-datum-index","datumIndex":191,"unitId":16778241,"recovery":"searching-for-end-of-data-marker"}
{"ts":"2025-11-19T02:46:28.436Z","level":"warn","event":"bfis-snapshot-empty-data","endpoint":"logs","message":"Empty logs array received"}
{"ts":"2025-11-19T02:46:28.475Z","level":"info","event":"bfis-snapshot-read-ok","snapshotId":"e91005d9-4490-4e39-b20b-6a669ae3d5f7","sessionHash":"wXwFIkMvUoWzlJ4m","unitCount":63,"newUnitsInPoll":5,"cachedUnitsTotal":63,"unitsBufferSize":243,"weaponsBufferSize":8}
{"ts":"2025-11-19T02:46:29.425Z","level":"info","event":"bfis-binary-fetch","endpoint":"units","mode":"incremental","bytes":243,"lastTime":1763520388579}
{"ts":"2025-11-19T02:46:29.441Z","level":"warn","event":"bfis-snapshot-empty-data","endpoint":"weapons","bufferSize":8,"message":"Empty or minimal weapons data received"}
{"ts":"2025-11-19T02:46:29.441Z","level":"info","event":"bfis-binary-fetch","endpoint":"weapons","mode":"incremental","bytes":8,"lastTime":1763520388589}
{"ts":"2025-11-19T02:46:29.442Z","level":"warn","event":"bfis-unit-decode-unknown-datum-index","datumIndex":191,"unitId":16777473,"recovery":"searching-for-end-of-data-marker"}
{"ts":"2025-11-19T02:46:29.442Z","level":"warn","event":"bfis-unit-decode-unknown-datum-index","datumIndex":191,"unitId":16777985,"recovery":"searching-for-end-of-data-marker"}
{"ts":"2025-11-19T02:46:29.442Z","level":"warn","event":"bfis-unit-decode-unknown-datum-index","datumIndex":198,"unitId":661964076,"recovery":"searching-for-end-of-data-marker"}
{"ts":"2025-11-19T02:46:29.442Z","level":"warn","event":"bfis-unit-decode-unknown-datum-index","datumIndex":191,"unitId":16778241,"recovery":"searching-for-end-of-data-marker"}
{"ts":"2025-11-19T02:46:29.460Z","level":"warn","event":"bfis-snapshot-empty-data","endpoint":"logs","message":"Empty logs array received"}
{"ts":"2025-11-19T02:46:29.501Z","level":"info","event":"bfis-snapshot-read-ok","snapshotId":"1f7fea72-bcc4-4d12-9f52-76453d0908d6","sessionHash":"wXwFIkMvUoWzlJ4m","unitCount":64,"newUnitsInPoll":6,"cachedUnitsTotal":64,"unitsBufferSize":243,"weaponsBufferSize":8}
{"ts":"2025-11-19T02:46:30.414Z","level":"info","event":"bfis-binary-fetch","endpoint":"units","mode":"incremental","bytes":243,"lastTime":1763520389588}
{"ts":"2025-11-19T02:46:30.424Z","level":"warn","event":"bfis-snapshot-empty-data","endpoint":"weapons","bufferSize":8,"message":"Empty or minimal weapons data received"}
{"ts":"2025-11-19T02:46:30.424Z","level":"info","event":"bfis-binary-fetch","endpoint":"weapons","mode":"incremental","bytes":8,"lastTime":1763520389606}
{"ts":"2025-11-19T02:46:30.424Z","level":"warn","event":"bfis-unit-decode-unknown-datum-index","datumIndex":191,"unitId":16777473,"recovery":"searching-for-end-of-data-marker"}
{"ts":"2025-11-19T02:46:30.424Z","level":"warn","event":"bfis-unit-decode-unknown-datum-index","datumIndex":191,"unitId":16777985,"recovery":"searching-for-end-of-data-marker"}
{"ts":"2025-11-19T02:46:30.424Z","level":"warn","event":"bfis-unit-decode-unknown-datum-index","datumIndex":191,"unitId":16778241,"recovery":"searching-for-end-of-data-marker"}
{"ts":"2025-11-19T02:46:30.434Z","level":"warn","event":"bfis-snapshot-empty-data","endpoint":"logs","message":"Empty logs array received"}
{"ts":"2025-11-19T02:46:30.473Z","level":"info","event":"bfis-snapshot-read-ok","snapshotId":"384543d1-39f8-4340-bcd5-9b4c73c6ccf7","sessionHash":"wXwFIkMvUoWzlJ4m","unitCount":64,"newUnitsInPoll":5,"cachedUnitsTotal":64,"unitsBufferSize":243,"weaponsBufferSize":8}
{"ts":"2025-11-19T02:46:31.420Z","level":"info","event":"bfis-binary-fetch","endpoint":"units","mode":"incremental","bytes":243,"lastTime":1763520390580}
{"ts":"2025-11-19T02:46:31.429Z","level":"warn","event":"bfis-snapshot-empty-data","endpoint":"weapons","bufferSize":8,"message":"Empty or minimal weapons data received"}
{"ts":"2025-11-19T02:46:31.430Z","level":"info","event":"bfis-binary-fetch","endpoint":"weapons","mode":"incremental","bytes":8,"lastTime":1763520390590}
{"ts":"2025-11-19T02:46:31.430Z","level":"warn","event":"bfis-unit-decode-unknown-datum-index","datumIndex":191,"unitId":16777473,"recovery":"searching-for-end-of-data-marker"}
{"ts":"2025-11-19T02:46:31.430Z","level":"warn","event":"bfis-unit-decode-unknown-datum-index","datumIndex":191,"unitId":16777985,"recovery":"searching-for-end-of-data-marker"}
{"ts":"2025-11-19T02:46:31.430Z","level":"warn","event":"bfis-unit-decode-unknown-datum-index","datumIndex":192,"unitId":16778241,"recovery":"searching-for-end-of-data-marker"}
{"ts":"2025-11-19T02:46:31.440Z","level":"warn","event":"bfis-snapshot-empty-data","endpoint":"logs","message":"Empty logs array received"}
{"ts":"2025-11-19T02:46:31.476Z","level":"info","event":"bfis-snapshot-read-ok","snapshotId":"ca651d46-7886-48da-9a2a-c86d4bb0d41b","sessionHash":"wXwFIkMvUoWzlJ4m","unitCount":64,"newUnitsInPoll":5,"cachedUnitsTotal":64,"unitsBufferSize":243,"weaponsBufferSize":8}
{"ts":"2025-11-19T02:46:32.418Z","level":"info","event":"bfis-binary-fetch","endpoint":"units","mode":"incremental","bytes":243,"lastTime":1763520391583}
{"ts":"2025-11-19T02:46:32.430Z","level":"warn","event":"bfis-snapshot-empty-data","endpoint":"weapons","bufferSize":8,"message":"Empty or minimal weapons data received"}
{"ts":"2025-11-19T02:46:32.430Z","level":"info","event":"bfis-binary-fetch","endpoint":"weapons","mode":"incremental","bytes":8,"lastTime":1763520391594}
{"ts":"2025-11-19T02:46:32.430Z","level":"warn","event":"bfis-unit-decode-unknown-datum-index","datumIndex":191,"unitId":16777473,"recovery":"searching-for-end-of-data-marker"}
{"ts":"2025-11-19T02:46:32.430Z","level":"warn","event":"bfis-unit-decode-unknown-datum-index","datumIndex":191,"unitId":16777985,"recovery":"searching-for-end-of-data-marker"}
{"ts":"2025-11-19T02:46:32.430Z","level":"warn","event":"bfis-unit-decode-unknown-datum-index","datumIndex":192,"unitId":16778241,"recovery":"searching-for-end-of-data-marker"}
{"ts":"2025-11-19T02:46:32.447Z","level":"warn","event":"bfis-snapshot-empty-data","endpoint":"logs","message":"Empty logs array received"}
{"ts":"2025-11-19T02:46:32.498Z","level":"info","event":"bfis-snapshot-read-ok","snapshotId":"c279c96e-a2ef-4f44-9b4b-4419ef4a27b6","sessionHash":"wXwFIkMvUoWzlJ4m","unitCount":65,"newUnitsInPoll":5,"cachedUnitsTotal":65,"unitsBufferSize":243,"weaponsBufferSize":8}
{"ts":"2025-11-19T02:46:33.420Z","level":"info","event":"bfis-binary-fetch","endpoint":"units","mode":"incremental","bytes":243,"lastTime":1763520392580}
{"ts":"2025-11-19T02:46:33.429Z","level":"warn","event":"bfis-snapshot-empty-data","endpoint":"weapons","bufferSize":8,"message":"Empty or minimal weapons data received"}
{"ts":"2025-11-19T02:46:33.430Z","level":"info","event":"bfis-binary-fetch","endpoint":"weapons","mode":"incremental","bytes":8,"lastTime":1763520392594}
{"ts":"2025-11-19T02:46:33.430Z","level":"warn","event":"bfis-unit-decode-unknown-datum-index","datumIndex":191,"unitId":16777473,"recovery":"searching-for-end-of-data-marker"}
{"ts":"2025-11-19T02:46:33.430Z","level":"warn","event":"bfis-unit-decode-unknown-datum-index","datumIndex":178,"unitId":16777985,"recovery":"searching-for-end-of-data-marker"}
{"ts":"2025-11-19T02:46:33.441Z","level":"warn","event":"bfis-snapshot-empty-data","endpoint":"logs","message":"Empty logs array received"}
{"ts":"2025-11-19T02:46:33.491Z","level":"error","event":"bfis-loop-error","message":"Invalid altitude for unit 16777985: -3.3054281310775487e+158","errorType":"Error","stack":"Error: Invalid altitude for unit 16777985: -3.3054281310775487e+158\n    at SnapshotReader.validateSnapshot (file:///app/bfis-service/build/bfis-service/src/snapshot/snapshot-reader.js:184:23)\n    at SnapshotReader.readOnce (file:///app/bfis-service/build/bfis-service/src/snapshot/snapshot-reader.js:925:14)\n    at process.processTicksAndRejections (node:internal/process/task_queues:95:5)\n    at async PollingLoop.pollOnce (file:///app/bfis-service/build/bfis-service/src/runtime/polling-loop.js:109:30)"}
{"ts":"2025-11-19T02:46:34.419Z","level":"info","event":"bfis-binary-fetch","endpoint":"units","mode":"incremental","bytes":243,"lastTime":1763520393584}
{"ts":"2025-11-19T02:46:34.428Z","level":"warn","event":"bfis-snapshot-empty-data","endpoint":"weapons","bufferSize":8,"message":"Empty or minimal weapons data received"}
{"ts":"2025-11-19T02:46:34.428Z","level":"warn","event":"bfis-unit-decode-unknown-datum-index","datumIndex":203,"unitId":16777985,"recovery":"searching-for-end-of-data-marker"}
{"ts":"2025-11-19T02:46:34.428Z","level":"info","event":"bfis-binary-fetch","endpoint":"weapons","mode":"incremental","bytes":8,"lastTime":1763520393595}
{"ts":"2025-11-19T02:46:34.428Z","level":"warn","event":"bfis-unit-decode-unknown-datum-index","datumIndex":192,"unitId":16777473,"recovery":"searching-for-end-of-data-marker"}
{"ts":"2025-11-19T02:46:34.438Z","level":"warn","event":"bfis-snapshot-empty-data","endpoint":"logs","message":"Empty logs array received"}
{"ts":"2025-11-19T02:46:34.477Z","level":"info","event":"bfis-snapshot-read-ok","snapshotId":"1593dc85-f276-4d30-8d9e-d2efd8b9b90c","sessionHash":"wXwFIkMvUoWzlJ4m","unitCount":65,"newUnitsInPoll":4,"cachedUnitsTotal":65,"unitsBufferSize":243,"weaponsBufferSize":8}
{"ts":"2025-11-19T02:46:35.417Z","level":"info","event":"bfis-binary-fetch","endpoint":"units","mode":"incremental","bytes":243,"lastTime":1763520394583}
{"ts":"2025-11-19T02:46:35.425Z","level":"warn","event":"bfis-snapshot-empty-data","endpoint":"weapons","bufferSize":8,"message":"Empty or minimal weapons data received"}
{"ts":"2025-11-19T02:46:35.425Z","level":"info","event":"bfis-binary-fetch","endpoint":"weapons","mode":"incremental","bytes":8,"lastTime":1763520394594}
{"ts":"2025-11-19T02:46:35.426Z","level":"warn","event":"bfis-unit-decode-unknown-datum-index","datumIndex":179,"unitId":16777985,"recovery":"searching-for-end-of-data-marker"}
{"ts":"2025-11-19T02:46:35.426Z","level":"warn","event":"bfis-unit-decode-unknown-datum-index","datumIndex":192,"unitId":16777473,"recovery":"searching-for-end-of-data-marker"}
{"ts":"2025-11-19T02:46:35.433Z","level":"warn","event":"bfis-snapshot-empty-data","endpoint":"logs","message":"Empty logs array received"}
{"ts":"2025-11-19T02:46:35.467Z","level":"info","event":"bfis-snapshot-read-ok","snapshotId":"91c47824-ccc9-412c-8867-022c35d4e482","sessionHash":"wXwFIkMvUoWzlJ4m","unitCount":65,"newUnitsInPoll":4,"cachedUnitsTotal":65,"unitsBufferSize":243,"weaponsBufferSize":8}
{"ts":"2025-11-19T02:46:36.424Z","level":"info","event":"bfis-binary-fetch","endpoint":"units","mode":"incremental","bytes":243,"lastTime":1763520395583}
{"ts":"2025-11-19T02:46:36.438Z","level":"info","event":"bfis-binary-fetch","endpoint":"weapons","mode":"incremental","bytes":8,"lastTime":1763520395591}
{"ts":"2025-11-19T02:46:36.438Z","level":"warn","event":"bfis-snapshot-empty-data","endpoint":"weapons","bufferSize":8,"message":"Empty or minimal weapons data received"}
{"ts":"2025-11-19T02:46:36.438Z","level":"warn","event":"bfis-unit-decode-unknown-datum-index","datumIndex":192,"unitId":16777473,"recovery":"searching-for-end-of-data-marker"}
{"ts":"2025-11-19T02:46:36.438Z","level":"warn","event":"bfis-unit-decode-unknown-datum-index","datumIndex":98,"unitId":16777985,"recovery":"searching-for-end-of-data-marker"}
{"ts":"2025-11-19T02:46:36.451Z","level":"warn","event":"bfis-snapshot-empty-data","endpoint":"logs","message":"Empty logs array received"}
{"ts":"2025-11-19T02:46:36.490Z","level":"info","event":"bfis-snapshot-read-ok","snapshotId":"ba15a454-37cb-4adb-a4b5-027c5974811e","sessionHash":"wXwFIkMvUoWzlJ4m","unitCount":65,"newUnitsInPoll":4,"cachedUnitsTotal":65,"unitsBufferSize":243,"weaponsBufferSize":8}
{"ts":"2025-11-19T02:46:37.418Z","level":"info","event":"bfis-binary-fetch","endpoint":"units","mode":"incremental","bytes":243,"lastTime":1763520396589}
{"ts":"2025-11-19T02:46:37.427Z","level":"warn","event":"bfis-snapshot-empty-data","endpoint":"weapons","bufferSize":8,"message":"Empty or minimal weapons data received"}
{"ts":"2025-11-19T02:46:37.427Z","level":"info","event":"bfis-binary-fetch","endpoint":"weapons","mode":"incremental","bytes":8,"lastTime":1763520396602}
{"ts":"2025-11-19T02:46:37.427Z","level":"warn","event":"bfis-unit-decode-unknown-datum-index","datumIndex":192,"unitId":16777473,"recovery":"searching-for-end-of-data-marker"}
{"ts":"2025-11-19T02:46:37.427Z","level":"warn","event":"bfis-unit-decode-unknown-datum-index","datumIndex":80,"unitId":16777985,"recovery":"searching-for-end-of-data-marker"}
{"ts":"2025-11-19T02:46:37.439Z","level":"warn","event":"bfis-snapshot-empty-data","endpoint":"logs","message":"Empty logs array received"}
{"ts":"2025-11-19T02:46:37.478Z","level":"info","event":"bfis-snapshot-read-ok","snapshotId":"01d0faf0-8923-4a8f-b629-e2678abf1dda","sessionHash":"wXwFIkMvUoWzlJ4m","unitCount":66,"newUnitsInPoll":4,"cachedUnitsTotal":66,"unitsBufferSize":243,"weaponsBufferSize":8}
{"ts":"2025-11-19T02:46:38.421Z","level":"info","event":"bfis-binary-fetch","endpoint":"units","mode":"incremental","bytes":243,"lastTime":1763520397584}
{"ts":"2025-11-19T02:46:38.431Z","level":"info","event":"bfis-binary-fetch","endpoint":"weapons","mode":"incremental","bytes":8,"lastTime":1763520397592}
{"ts":"2025-11-19T02:46:38.431Z","level":"warn","event":"bfis-snapshot-empty-data","endpoint":"weapons","bufferSize":8,"message":"Empty or minimal weapons data received"}
{"ts":"2025-11-19T02:46:38.431Z","level":"warn","event":"bfis-unit-decode-unknown-datum-index","datumIndex":192,"unitId":16777473,"recovery":"searching-for-end-of-data-marker"}
{"ts":"2025-11-19T02:46:38.432Z","level":"warn","event":"bfis-unit-decode-unknown-datum-index","datumIndex":252,"unitId":16777985,"recovery":"searching-for-end-of-data-marker"}
{"ts":"2025-11-19T02:46:38.442Z","level":"warn","event":"bfis-snapshot-empty-data","endpoint":"logs","message":"Empty logs array received"}
{"ts":"2025-11-19T02:46:38.480Z","level":"info","event":"bfis-snapshot-read-ok","snapshotId":"ba0df5a0-ec36-4f02-a088-dbd6af682c97","sessionHash":"wXwFIkMvUoWzlJ4m","unitCount":66,"newUnitsInPoll":4,"cachedUnitsTotal":66,"unitsBufferSize":243,"weaponsBufferSize":8}
{"ts":"2025-11-19T02:46:39.422Z","level":"info","event":"bfis-binary-fetch","endpoint":"units","mode":"incremental","bytes":243,"lastTime":1763520398586}
{"ts":"2025-11-19T02:46:39.433Z","level":"warn","event":"bfis-snapshot-empty-data","endpoint":"weapons","bufferSize":8,"message":"Empty or minimal weapons data received"}
{"ts":"2025-11-19T02:46:39.433Z","level":"info","event":"bfis-binary-fetch","endpoint":"weapons","mode":"incremental","bytes":8,"lastTime":1763520398596}
{"ts":"2025-11-19T02:46:39.433Z","level":"warn","event":"bfis-unit-decode-unknown-datum-index","datumIndex":192,"unitId":16777473,"recovery":"searching-for-end-of-data-marker"}
{"ts":"2025-11-19T02:46:39.433Z","level":"warn","event":"bfis-unit-decode-unknown-datum-index","datumIndex":238,"unitId":16777985,"recovery":"searching-for-end-of-data-marker"}
{"ts":"2025-11-19T02:46:39.447Z","level":"warn","event":"bfis-snapshot-empty-data","endpoint":"logs","message":"Empty logs array received"}
{"ts":"2025-11-19T02:46:39.529Z","level":"info","event":"bfis-snapshot-read-ok","snapshotId":"9a0a2681-486e-47cd-b0d6-48d39d337ae8","sessionHash":"wXwFIkMvUoWzlJ4m","unitCount":66,"newUnitsInPoll":4,"cachedUnitsTotal":66,"unitsBufferSize":243,"weaponsBufferSize":8}
{"ts":"2025-11-19T02:46:40.424Z","level":"info","event":"bfis-binary-fetch","endpoint":"units","mode":"incremental","bytes":243,"lastTime":1763520399588}
{"ts":"2025-11-19T02:46:40.434Z","level":"warn","event":"bfis-snapshot-empty-data","endpoint":"weapons","bufferSize":8,"message":"Empty or minimal weapons data received"}
{"ts":"2025-11-19T02:46:40.434Z","level":"info","event":"bfis-binary-fetch","endpoint":"weapons","mode":"incremental","bytes":8,"lastTime":1763520399598}
{"ts":"2025-11-19T02:46:40.435Z","level":"warn","event":"bfis-unit-decode-unknown-datum-index","datumIndex":192,"unitId":16777473,"recovery":"searching-for-end-of-data-marker"}
{"ts":"2025-11-19T02:46:40.435Z","level":"warn","event":"bfis-unit-decode-unknown-datum-index","datumIndex":132,"unitId":16777985,"recovery":"searching-for-end-of-data-marker"}
{"ts":"2025-11-19T02:46:40.444Z","level":"warn","event":"bfis-snapshot-empty-data","endpoint":"logs","message":"Empty logs array received"}
{"ts":"2025-11-19T02:46:40.482Z","level":"info","event":"bfis-snapshot-read-ok","snapshotId":"25aa6b60-edae-4bcd-a0c6-668000fe55bb","sessionHash":"wXwFIkMvUoWzlJ4m","unitCount":66,"newUnitsInPoll":4,"cachedUnitsTotal":66,"unitsBufferSize":243,"weaponsBufferSize":8}
{"ts":"2025-11-19T02:46:41.422Z","level":"info","event":"bfis-binary-fetch","endpoint":"units","mode":"incremental","bytes":243,"lastTime":1763520400588}
{"ts":"2025-11-19T02:46:41.435Z","level":"warn","event":"bfis-snapshot-empty-data","endpoint":"weapons","bufferSize":8,"message":"Empty or minimal weapons data received"}
{"ts":"2025-11-19T02:46:41.435Z","level":"info","event":"bfis-binary-fetch","endpoint":"weapons","mode":"incremental","bytes":8,"lastTime":1763520400598}
{"ts":"2025-11-19T02:46:41.435Z","level":"warn","event":"bfis-unit-decode-unknown-datum-index","datumIndex":98,"unitId":16777985,"recovery":"searching-for-end-of-data-marker"}
{"ts":"2025-11-19T02:46:41.435Z","level":"warn","event":"bfis-unit-decode-unknown-datum-index","datumIndex":192,"unitId":16777473,"recovery":"searching-for-end-of-data-marker"}
{"ts":"2025-11-19T02:46:41.450Z","level":"warn","event":"bfis-snapshot-empty-data","endpoint":"logs","message":"Empty logs array received"}
{"ts":"2025-11-19T02:46:41.555Z","level":"info","event":"bfis-snapshot-read-ok","snapshotId":"45372032-86ca-44de-a153-7f15e29f86f1","sessionHash":"wXwFIkMvUoWzlJ4m","unitCount":66,"newUnitsInPoll":4,"cachedUnitsTotal":66,"unitsBufferSize":243,"weaponsBufferSize":8}
{"ts":"2025-11-19T02:46:42.427Z","level":"info","event":"bfis-binary-fetch","endpoint":"units","mode":"incremental","bytes":243,"lastTime":1763520401587}
{"ts":"2025-11-19T02:46:42.440Z","level":"warn","event":"bfis-snapshot-empty-data","endpoint":"weapons","bufferSize":8,"message":"Empty or minimal weapons data received"}
{"ts":"2025-11-19T02:46:42.440Z","level":"info","event":"bfis-binary-fetch","endpoint":"weapons","mode":"incremental","bytes":8,"lastTime":1763520401600}
{"ts":"2025-11-19T02:46:42.440Z","level":"warn","event":"bfis-unit-decode-unknown-datum-index","datumIndex":192,"unitId":16777473,"recovery":"searching-for-end-of-data-marker"}
{"ts":"2025-11-19T02:46:42.440Z","level":"warn","event":"bfis-unit-decode-unknown-datum-index","datumIndex":199,"unitId":16777985,"recovery":"searching-for-end-of-data-marker"}
{"ts":"2025-11-19T02:46:42.457Z","level":"warn","event":"bfis-snapshot-empty-data","endpoint":"logs","message":"Empty logs array received"}
{"ts":"2025-11-19T02:46:42.519Z","level":"info","event":"bfis-snapshot-read-ok","snapshotId":"994a20a4-b051-4467-a3b8-8f40e605e60c","sessionHash":"wXwFIkMvUoWzlJ4m","unitCount":66,"newUnitsInPoll":4,"cachedUnitsTotal":66,"unitsBufferSize":243,"weaponsBufferSize":8}
{"ts":"2025-11-19T02:46:43.427Z","level":"info","event":"bfis-binary-fetch","endpoint":"units","mode":"incremental","bytes":243,"lastTime":1763520402590}
{"ts":"2025-11-19T02:46:43.439Z","level":"warn","event":"bfis-snapshot-empty-data","endpoint":"weapons","bufferSize":8,"message":"Empty or minimal weapons data received"}
{"ts":"2025-11-19T02:46:43.439Z","level":"info","event":"bfis-binary-fetch","endpoint":"weapons","mode":"incremental","bytes":8,"lastTime":1763520402605}
{"ts":"2025-11-19T02:46:43.439Z","level":"warn","event":"bfis-unit-decode-unknown-datum-index","datumIndex":192,"unitId":16777473,"recovery":"searching-for-end-of-data-marker"}
{"ts":"2025-11-19T02:46:43.440Z","level":"warn","event":"bfis-unit-decode-unknown-datum-index","datumIndex":201,"unitId":16777985,"recovery":"searching-for-end-of-data-marker"}
{"ts":"2025-11-19T02:46:43.453Z","level":"warn","event":"bfis-snapshot-empty-data","endpoint":"logs","message":"Empty logs array received"}
{"ts":"2025-11-19T02:46:43.502Z","level":"info","event":"bfis-snapshot-read-ok","snapshotId":"b7da7950-a72f-454d-b30d-246e38e3d689","sessionHash":"wXwFIkMvUoWzlJ4m","unitCount":66,"newUnitsInPoll":4,"cachedUnitsTotal":66,"unitsBufferSize":243,"weaponsBufferSize":8}
{"ts":"2025-11-19T02:46:44.431Z","level":"info","event":"bfis-binary-fetch","endpoint":"units","mode":"incremental","bytes":243,"lastTime":1763520403592}
{"ts":"2025-11-19T02:46:44.440Z","level":"warn","event":"bfis-snapshot-empty-data","endpoint":"weapons","bufferSize":8,"message":"Empty or minimal weapons data received"}
{"ts":"2025-11-19T02:46:44.440Z","level":"info","event":"bfis-binary-fetch","endpoint":"weapons","mode":"incremental","bytes":8,"lastTime":1763520403604}
{"ts":"2025-11-19T02:46:44.440Z","level":"warn","event":"bfis-unit-decode-unknown-datum-index","datumIndex":192,"unitId":16777473,"recovery":"searching-for-end-of-data-marker"}
{"ts":"2025-11-19T02:46:44.440Z","level":"warn","event":"bfis-unit-decode-unknown-datum-index","datumIndex":173,"unitId":16777985,"recovery":"searching-for-end-of-data-marker"}
{"ts":"2025-11-19T02:46:44.450Z","level":"warn","event":"bfis-snapshot-empty-data","endpoint":"logs","message":"Empty logs array received"}
{"ts":"2025-11-19T02:46:44.488Z","level":"info","event":"bfis-snapshot-read-ok","snapshotId":"7a8c1996-5c0b-4f05-a9d3-ea6c20191b91","sessionHash":"wXwFIkMvUoWzlJ4m","unitCount":66,"newUnitsInPoll":4,"cachedUnitsTotal":66,"unitsBufferSize":243,"weaponsBufferSize":8}
{"ts":"2025-11-19T02:46:45.435Z","level":"info","event":"bfis-binary-fetch","endpoint":"units","mode":"incremental","bytes":243,"lastTime":1763520404595}
{"ts":"2025-11-19T02:46:45.445Z","level":"warn","event":"bfis-snapshot-empty-data","endpoint":"weapons","bufferSize":8,"message":"Empty or minimal weapons data received"}
{"ts":"2025-11-19T02:46:45.445Z","level":"info","event":"bfis-binary-fetch","endpoint":"weapons","mode":"incremental","bytes":8,"lastTime":1763520404605}
{"ts":"2025-11-19T02:46:45.445Z","level":"warn","event":"bfis-unit-decode-unknown-datum-index","datumIndex":192,"unitId":16777473,"recovery":"searching-for-end-of-data-marker"}
{"ts":"2025-11-19T02:46:45.458Z","level":"warn","event":"bfis-snapshot-empty-data","endpoint":"logs","message":"Empty logs array received"}
{"ts":"2025-11-19T02:46:45.513Z","level":"info","event":"bfis-snapshot-read-ok","snapshotId":"4e4e6be3-8608-421c-9ba3-274c661d96a1","sessionHash":"wXwFIkMvUoWzlJ4m","unitCount":66,"newUnitsInPoll":3,"cachedUnitsTotal":66,"unitsBufferSize":243,"weaponsBufferSize":8}
{"ts":"2025-11-19T02:46:46.419Z","level":"info","event":"bfis-binary-fetch","endpoint":"units","mode":"incremental","bytes":243,"lastTime":1763520405599}
{"ts":"2025-11-19T02:46:46.427Z","level":"warn","event":"bfis-snapshot-empty-data","endpoint":"weapons","bufferSize":8,"message":"Empty or minimal weapons data received"}
{"ts":"2025-11-19T02:46:46.427Z","level":"info","event":"bfis-binary-fetch","endpoint":"weapons","mode":"incremental","bytes":8,"lastTime":1763520405611}
{"ts":"2025-11-19T02:46:46.427Z","level":"warn","event":"bfis-unit-decode-unknown-datum-index","datumIndex":192,"unitId":16777473,"recovery":"searching-for-end-of-data-marker"}
{"ts":"2025-11-19T02:46:46.427Z","level":"warn","event":"bfis-unit-decode-unknown-datum-index","datumIndex":123,"unitId":16777985,"recovery":"searching-for-end-of-data-marker"}
{"ts":"2025-11-19T02:46:46.435Z","level":"warn","event":"bfis-snapshot-empty-data","endpoint":"logs","message":"Empty logs array received"}
{"ts":"2025-11-19T02:46:46.479Z","level":"info","event":"bfis-snapshot-read-ok","snapshotId":"1be0d587-1117-446e-9148-71f7eca7e613","sessionHash":"wXwFIkMvUoWzlJ4m","unitCount":66,"newUnitsInPoll":4,"cachedUnitsTotal":66,"unitsBufferSize":243,"weaponsBufferSize":8}
{"ts":"2025-11-19T02:46:47.431Z","level":"info","event":"bfis-binary-fetch","endpoint":"units","mode":"incremental","bytes":243,"lastTime":1763520406586}
{"ts":"2025-11-19T02:46:47.442Z","level":"warn","event":"bfis-snapshot-empty-data","endpoint":"weapons","bufferSize":8,"message":"Empty or minimal weapons data received"}
{"ts":"2025-11-19T02:46:47.442Z","level":"info","event":"bfis-binary-fetch","endpoint":"weapons","mode":"incremental","bytes":8,"lastTime":1763520406593}
{"ts":"2025-11-19T02:46:47.442Z","level":"warn","event":"bfis-unit-decode-unknown-datum-index","datumIndex":192,"unitId":16777473,"recovery":"searching-for-end-of-data-marker"}
{"ts":"2025-11-19T02:46:47.442Z","level":"warn","event":"bfis-unit-decode-unknown-datum-index","datumIndex":123,"unitId":16777985,"recovery":"searching-for-end-of-data-marker"}
{"ts":"2025-11-19T02:46:47.451Z","level":"warn","event":"bfis-snapshot-empty-data","endpoint":"logs","message":"Empty logs array received"}
{"ts":"2025-11-19T02:46:47.498Z","level":"info","event":"bfis-snapshot-read-ok","snapshotId":"581e52ba-99f6-44f3-8e7c-32ece7e091be","sessionHash":"wXwFIkMvUoWzlJ4m","unitCount":66,"newUnitsInPoll":4,"cachedUnitsTotal":66,"unitsBufferSize":243,"weaponsBufferSize":8}
{"ts":"2025-11-19T02:46:48.427Z","level":"info","event":"bfis-binary-fetch","endpoint":"units","mode":"incremental","bytes":243,"lastTime":1763520407595}
{"ts":"2025-11-19T02:46:48.435Z","level":"warn","event":"bfis-snapshot-empty-data","endpoint":"weapons","bufferSize":8,"message":"Empty or minimal weapons data received"}
{"ts":"2025-11-19T02:46:48.436Z","level":"info","event":"bfis-binary-fetch","endpoint":"weapons","mode":"incremental","bytes":8,"lastTime":1763520407607}
{"ts":"2025-11-19T02:46:48.444Z","level":"warn","event":"bfis-snapshot-empty-data","endpoint":"logs","message":"Empty logs array received"}
{"ts":"2025-11-19T02:46:48.477Z","level":"info","event":"bfis-snapshot-read-ok","snapshotId":"5a25f6bb-bea4-4baf-b803-cda31433c478","sessionHash":"wXwFIkMvUoWzlJ4m","unitCount":66,"newUnitsInPoll":1,"cachedUnitsTotal":66,"unitsBufferSize":243,"weaponsBufferSize":8}
{"ts":"2025-11-19T02:46:49.431Z","level":"info","event":"bfis-binary-fetch","endpoint":"units","mode":"incremental","bytes":243,"lastTime":1763520408592}
{"ts":"2025-11-19T02:46:49.444Z","level":"warn","event":"bfis-snapshot-empty-data","endpoint":"weapons","bufferSize":8,"message":"Empty or minimal weapons data received"}
{"ts":"2025-11-19T02:46:49.444Z","level":"info","event":"bfis-binary-fetch","endpoint":"weapons","mode":"incremental","bytes":8,"lastTime":1763520408601}
{"ts":"2025-11-19T02:46:49.452Z","level":"warn","event":"bfis-snapshot-empty-data","endpoint":"logs","message":"Empty logs array received"}
{"ts":"2025-11-19T02:46:49.482Z","level":"info","event":"bfis-snapshot-read-ok","snapshotId":"d584399a-4dd8-43a2-9a31-73ed5d36af14","sessionHash":"wXwFIkMvUoWzlJ4m","unitCount":66,"newUnitsInPoll":1,"cachedUnitsTotal":66,"unitsBufferSize":243,"weaponsBufferSize":8}
{"ts":"2025-11-19T02:46:50.430Z","level":"info","event":"bfis-binary-fetch","endpoint":"units","mode":"incremental","bytes":243,"lastTime":1763520409596}
{"ts":"2025-11-19T02:46:50.441Z","level":"warn","event":"bfis-snapshot-empty-data","endpoint":"weapons","bufferSize":8,"message":"Empty or minimal weapons data received"}
{"ts":"2025-11-19T02:46:50.441Z","level":"info","event":"bfis-binary-fetch","endpoint":"weapons","mode":"incremental","bytes":8,"lastTime":1763520409609}
{"ts":"2025-11-19T02:46:50.452Z","level":"warn","event":"bfis-snapshot-empty-data","endpoint":"logs","message":"Empty logs array received"}
{"ts":"2025-11-19T02:46:50.490Z","level":"info","event":"bfis-snapshot-read-ok","snapshotId":"dc51b23e-3a1b-4d69-a4dc-cbc19d6b5f87","sessionHash":"wXwFIkMvUoWzlJ4m","unitCount":66,"newUnitsInPoll":1,"cachedUnitsTotal":66,"unitsBufferSize":243,"weaponsBufferSize":8}
{"ts":"2025-11-19T02:46:51.431Z","level":"info","event":"bfis-binary-fetch","endpoint":"units","mode":"incremental","bytes":243,"lastTime":1763520410596}
{"ts":"2025-11-19T02:46:51.440Z","level":"warn","event":"bfis-snapshot-empty-data","endpoint":"weapons","bufferSize":8,"message":"Empty or minimal weapons data received"}
{"ts":"2025-11-19T02:46:51.440Z","level":"info","event":"bfis-binary-fetch","endpoint":"weapons","mode":"incremental","bytes":8,"lastTime":1763520410605}
{"ts":"2025-11-19T02:46:51.449Z","level":"warn","event":"bfis-snapshot-empty-data","endpoint":"logs","message":"Empty logs array received"}
{"ts":"2025-11-19T02:46:51.494Z","level":"info","event":"bfis-snapshot-read-ok","snapshotId":"cc707f14-8ff0-40f7-905d-fbbcc53b8530","sessionHash":"wXwFIkMvUoWzlJ4m","unitCount":66,"newUnitsInPoll":1,"cachedUnitsTotal":66,"unitsBufferSize":243,"weaponsBufferSize":8}
{"ts":"2025-11-19T02:46:52.429Z","level":"info","event":"bfis-binary-fetch","endpoint":"units","mode":"incremental","bytes":243,"lastTime":1763520411596}
{"ts":"2025-11-19T02:46:52.438Z","level":"warn","event":"bfis-snapshot-empty-data","endpoint":"weapons","bufferSize":8,"message":"Empty or minimal weapons data received"}
{"ts":"2025-11-19T02:46:52.439Z","level":"info","event":"bfis-binary-fetch","endpoint":"weapons","mode":"incremental","bytes":8,"lastTime":1763520411605}
{"ts":"2025-11-19T02:46:52.450Z","level":"warn","event":"bfis-snapshot-empty-data","endpoint":"logs","message":"Empty logs array received"}
{"ts":"2025-11-19T02:46:52.489Z","level":"info","event":"bfis-snapshot-read-ok","snapshotId":"16c8cf84-7e08-4226-98cf-54d44053985a","sessionHash":"wXwFIkMvUoWzlJ4m","unitCount":66,"newUnitsInPoll":1,"cachedUnitsTotal":66,"unitsBufferSize":243,"weaponsBufferSize":8}
{"ts":"2025-11-19T02:46:53.437Z","level":"info","event":"bfis-binary-fetch","endpoint":"units","mode":"incremental","bytes":243,"lastTime":1763520412595}
{"ts":"2025-11-19T02:46:53.448Z","level":"warn","event":"bfis-snapshot-empty-data","endpoint":"weapons","bufferSize":8,"message":"Empty or minimal weapons data received"}
{"ts":"2025-11-19T02:46:53.448Z","level":"info","event":"bfis-binary-fetch","endpoint":"weapons","mode":"incremental","bytes":8,"lastTime":1763520412604}
{"ts":"2025-11-19T02:46:53.458Z","level":"warn","event":"bfis-snapshot-empty-data","endpoint":"logs","message":"Empty logs array received"}
{"ts":"2025-11-19T02:46:53.499Z","level":"info","event":"bfis-snapshot-read-ok","snapshotId":"343528f8-e70e-4d89-b256-630283cca862","sessionHash":"wXwFIkMvUoWzlJ4m","unitCount":66,"newUnitsInPoll":1,"cachedUnitsTotal":66,"unitsBufferSize":243,"weaponsBufferSize":8}
{"ts":"2025-11-19T02:46:54.430Z","level":"info","event":"bfis-binary-fetch","endpoint":"units","mode":"incremental","bytes":243,"lastTime":1763520413602}
{"ts":"2025-11-19T02:46:54.446Z","level":"warn","event":"bfis-snapshot-empty-data","endpoint":"weapons","bufferSize":8,"message":"Empty or minimal weapons data received"}
{"ts":"2025-11-19T02:46:54.447Z","level":"info","event":"bfis-binary-fetch","endpoint":"weapons","mode":"incremental","bytes":8,"lastTime":1763520413613}
{"ts":"2025-11-19T02:46:54.461Z","level":"warn","event":"bfis-snapshot-empty-data","endpoint":"logs","message":"Empty logs array received"}
{"ts":"2025-11-19T02:46:54.499Z","level":"info","event":"bfis-snapshot-read-ok","snapshotId":"d2599b50-42bc-4b3e-87ed-1af5cdd34f7c","sessionHash":"wXwFIkMvUoWzlJ4m","unitCount":66,"newUnitsInPoll":1,"cachedUnitsTotal":66,"unitsBufferSize":243,"weaponsBufferSize":8}
{"ts":"2025-11-19T02:46:55.430Z","level":"info","event":"bfis-binary-fetch","endpoint":"units","mode":"incremental","bytes":243,"lastTime":1763520414595}
{"ts":"2025-11-19T02:46:55.442Z","level":"warn","event":"bfis-snapshot-empty-data","endpoint":"weapons","bufferSize":8,"message":"Empty or minimal weapons data received"}
{"ts":"2025-11-19T02:46:55.442Z","level":"info","event":"bfis-binary-fetch","endpoint":"weapons","mode":"incremental","bytes":8,"lastTime":1763520414608}
{"ts":"2025-11-19T02:46:55.452Z","level":"warn","event":"bfis-snapshot-empty-data","endpoint":"logs","message":"Empty logs array received"}
{"ts":"2025-11-19T02:46:55.527Z","level":"info","event":"bfis-snapshot-read-ok","snapshotId":"c380361f-44b7-4326-b4a0-fb4b749412ee","sessionHash":"wXwFIkMvUoWzlJ4m","unitCount":66,"newUnitsInPoll":1,"cachedUnitsTotal":66,"unitsBufferSize":243,"weaponsBufferSize":8}
{"ts":"2025-11-19T02:46:56.429Z","level":"info","event":"bfis-binary-fetch","endpoint":"units","mode":"incremental","bytes":243,"lastTime":1763520415595}
{"ts":"2025-11-19T02:46:56.437Z","level":"warn","event":"bfis-snapshot-empty-data","endpoint":"weapons","bufferSize":8,"message":"Empty or minimal weapons data received"}
{"ts":"2025-11-19T02:46:56.437Z","level":"info","event":"bfis-binary-fetch","endpoint":"weapons","mode":"incremental","bytes":8,"lastTime":1763520415605}
{"ts":"2025-11-19T02:46:56.448Z","level":"warn","event":"bfis-snapshot-empty-data","endpoint":"logs","message":"Empty logs array received"}
{"ts":"2025-11-19T02:46:56.491Z","level":"info","event":"bfis-snapshot-read-ok","snapshotId":"ba4458ae-d68f-4a72-a658-9d9f59597a51","sessionHash":"wXwFIkMvUoWzlJ4m","unitCount":66,"newUnitsInPoll":1,"cachedUnitsTotal":66,"unitsBufferSize":243,"weaponsBufferSize":8}
{"ts":"2025-11-19T02:46:57.434Z","level":"info","event":"bfis-binary-fetch","endpoint":"units","mode":"incremental","bytes":243,"lastTime":1763520416595}
{"ts":"2025-11-19T02:46:57.444Z","level":"warn","event":"bfis-snapshot-empty-data","endpoint":"weapons","bufferSize":8,"message":"Empty or minimal weapons data received"}
{"ts":"2025-11-19T02:46:57.444Z","level":"info","event":"bfis-binary-fetch","endpoint":"weapons","mode":"incremental","bytes":8,"lastTime":1763520416603}
{"ts":"2025-11-19T02:46:57.454Z","level":"warn","event":"bfis-snapshot-empty-data","endpoint":"logs","message":"Empty logs array received"}
{"ts":"2025-11-19T02:46:57.535Z","level":"info","event":"bfis-snapshot-read-ok","snapshotId":"31e92f3d-99a7-4090-bcef-5bc1bfebe548","sessionHash":"wXwFIkMvUoWzlJ4m","unitCount":66,"newUnitsInPoll":1,"cachedUnitsTotal":66,"unitsBufferSize":243,"weaponsBufferSize":8}
{"ts":"2025-11-19T02:46:58.441Z","level":"info","event":"bfis-binary-fetch","endpoint":"units","mode":"incremental","bytes":243,"lastTime":1763520417598}
{"ts":"2025-11-19T02:46:58.454Z","level":"warn","event":"bfis-snapshot-empty-data","endpoint":"weapons","bufferSize":8,"message":"Empty or minimal weapons data received"}
{"ts":"2025-11-19T02:46:58.454Z","level":"info","event":"bfis-binary-fetch","endpoint":"weapons","mode":"incremental","bytes":8,"lastTime":1763520417610}
{"ts":"2025-11-19T02:46:58.464Z","level":"warn","event":"bfis-snapshot-empty-data","endpoint":"logs","message":"Empty logs array received"}
{"ts":"2025-11-19T02:46:58.505Z","level":"info","event":"bfis-snapshot-read-ok","snapshotId":"11c3246a-157d-482c-a986-81afa244427f","sessionHash":"wXwFIkMvUoWzlJ4m","unitCount":66,"newUnitsInPoll":1,"cachedUnitsTotal":66,"unitsBufferSize":243,"weaponsBufferSize":8}
{"ts":"2025-11-19T02:46:59.437Z","level":"info","event":"bfis-binary-fetch","endpoint":"units","mode":"incremental","bytes":243,"lastTime":1763520418602}
{"ts":"2025-11-19T02:46:59.452Z","level":"warn","event":"bfis-snapshot-empty-data","endpoint":"weapons","bufferSize":8,"message":"Empty or minimal weapons data received"}
{"ts":"2025-11-19T02:46:59.452Z","level":"info","event":"bfis-binary-fetch","endpoint":"weapons","mode":"incremental","bytes":8,"lastTime":1763520418620}
{"ts":"2025-11-19T02:46:59.464Z","level":"warn","event":"bfis-snapshot-empty-data","endpoint":"logs","message":"Empty logs array received"}
{"ts":"2025-11-19T02:46:59.511Z","level":"info","event":"bfis-snapshot-read-ok","snapshotId":"7f51d9ac-f44f-44a9-8970-ca4dec1e0a7f","sessionHash":"wXwFIkMvUoWzlJ4m","unitCount":66,"newUnitsInPoll":1,"cachedUnitsTotal":66,"unitsBufferSize":243,"weaponsBufferSize":8}
{"ts":"2025-11-19T02:47:00.439Z","level":"info","event":"bfis-binary-fetch","endpoint":"units","mode":"incremental","bytes":243,"lastTime":1763520419602}
{"ts":"2025-11-19T02:47:00.450Z","level":"warn","event":"bfis-snapshot-empty-data","endpoint":"weapons","bufferSize":8,"message":"Empty or minimal weapons data received"}
{"ts":"2025-11-19T02:47:00.450Z","level":"info","event":"bfis-binary-fetch","endpoint":"weapons","mode":"incremental","bytes":8,"lastTime":1763520419613}
{"ts":"2025-11-19T02:47:00.460Z","level":"warn","event":"bfis-snapshot-empty-data","endpoint":"logs","message":"Empty logs array received"}
{"ts":"2025-11-19T02:47:01.432Z","level":"info","event":"bfis-snapshot-read-ok","snapshotId":"13acaea2-6c4b-49f0-8bd7-f5d05619dd56","sessionHash":"wXwFIkMvUoWzlJ4m","unitCount":66,"newUnitsInPoll":1,"cachedUnitsTotal":66,"unitsBufferSize":243,"weaponsBufferSize":8}
{"ts":"2025-11-19T02:47:01.456Z","level":"info","event":"bfis-binary-fetch","endpoint":"units","mode":"incremental","bytes":246,"lastTime":1763520420603}
{"ts":"2025-11-19T02:47:01.488Z","level":"warn","event":"bfis-snapshot-empty-data","endpoint":"weapons","bufferSize":8,"message":"Empty or minimal weapons data received"}
{"ts":"2025-11-19T02:47:01.488Z","level":"info","event":"bfis-binary-fetch","endpoint":"weapons","mode":"incremental","bytes":8,"lastTime":1763520420615}
{"ts":"2025-11-19T02:47:01.528Z","level":"warn","event":"bfis-snapshot-empty-data","endpoint":"logs","message":"Empty logs array received"}
{"ts":"2025-11-19T02:47:01.575Z","level":"info","event":"bfis-snapshot-read-ok","snapshotId":"f74eed80-32a3-45a0-b1eb-8459176eebfa","sessionHash":"wXwFIkMvUoWzlJ4m","unitCount":66,"newUnitsInPoll":1,"cachedUnitsTotal":66,"unitsBufferSize":246,"weaponsBufferSize":8}
{"ts":"2025-11-19T02:47:02.447Z","level":"info","event":"bfis-binary-fetch","endpoint":"units","mode":"incremental","bytes":243,"lastTime":1763520421618}
{"ts":"2025-11-19T02:47:02.457Z","level":"warn","event":"bfis-snapshot-empty-data","endpoint":"weapons","bufferSize":8,"message":"Empty or minimal weapons data received"}
{"ts":"2025-11-19T02:47:02.457Z","level":"info","event":"bfis-binary-fetch","endpoint":"weapons","mode":"incremental","bytes":8,"lastTime":1763520421651}
{"ts":"2025-11-19T02:47:02.468Z","level":"warn","event":"bfis-snapshot-empty-data","endpoint":"logs","message":"Empty logs array received"}
{"ts":"2025-11-19T02:47:02.525Z","level":"info","event":"bfis-snapshot-read-ok","snapshotId":"8920339b-0db3-465a-8426-31ae5479db06","sessionHash":"wXwFIkMvUoWzlJ4m","unitCount":66,"newUnitsInPoll":1,"cachedUnitsTotal":66,"unitsBufferSize":243,"weaponsBufferSize":8}
{"ts":"2025-11-19T02:47:03.440Z","level":"info","event":"bfis-binary-fetch","endpoint":"units","mode":"incremental","bytes":243,"lastTime":1763520422610}
{"ts":"2025-11-19T02:47:03.453Z","level":"info","event":"bfis-binary-fetch","endpoint":"weapons","mode":"incremental","bytes":8,"lastTime":1763520422622}
{"ts":"2025-11-19T02:47:03.452Z","level":"warn","event":"bfis-snapshot-empty-data","endpoint":"weapons","bufferSize":8,"message":"Empty or minimal weapons data received"}
{"ts":"2025-11-19T02:47:03.486Z","level":"warn","event":"bfis-snapshot-empty-data","endpoint":"logs","message":"Empty logs array received"}
{"ts":"2025-11-19T02:47:03.556Z","level":"info","event":"bfis-snapshot-read-ok","snapshotId":"92584459-6217-4109-884b-615d5ea2719c","sessionHash":"wXwFIkMvUoWzlJ4m","unitCount":66,"newUnitsInPoll":1,"cachedUnitsTotal":66,"unitsBufferSize":243,"weaponsBufferSize":8}
{"ts":"2025-11-19T02:47:04.442Z","level":"info","event":"bfis-binary-fetch","endpoint":"units","mode":"incremental","bytes":243,"lastTime":1763520423606}
{"ts":"2025-11-19T02:47:04.452Z","level":"warn","event":"bfis-snapshot-empty-data","endpoint":"weapons","bufferSize":8,"message":"Empty or minimal weapons data received"}
{"ts":"2025-11-19T02:47:04.452Z","level":"info","event":"bfis-binary-fetch","endpoint":"weapons","mode":"incremental","bytes":8,"lastTime":1763520423616}
{"ts":"2025-11-19T02:47:04.464Z","level":"warn","event":"bfis-snapshot-empty-data","endpoint":"logs","message":"Empty logs array received"}
{"ts":"2025-11-19T02:47:04.508Z","level":"info","event":"bfis-snapshot-read-ok","snapshotId":"6faa0952-18ff-489d-a5ca-e09c9073583b","sessionHash":"wXwFIkMvUoWzlJ4m","unitCount":66,"newUnitsInPoll":1,"cachedUnitsTotal":66,"unitsBufferSize":243,"weaponsBufferSize":8}
{"ts":"2025-11-19T02:47:05.451Z","level":"info","event":"bfis-binary-fetch","endpoint":"units","mode":"incremental","bytes":246,"lastTime":1763520424606}
{"ts":"2025-11-19T02:47:05.461Z","level":"warn","event":"bfis-snapshot-empty-data","endpoint":"weapons","bufferSize":8,"message":"Empty or minimal weapons data received"}
{"ts":"2025-11-19T02:47:05.461Z","level":"info","event":"bfis-binary-fetch","endpoint":"weapons","mode":"incremental","bytes":8,"lastTime":1763520424617}
{"ts":"2025-11-19T02:47:05.461Z","level":"warn","event":"bfis-unit-decode-unknown-datum-index","datumIndex":191,"unitId":16777985,"recovery":"searching-for-end-of-data-marker"}
{"ts":"2025-11-19T02:47:05.461Z","level":"warn","event":"bfis-unit-decode-field-error","datumIndex":64,"unitId":16778241,"error":"Offset is outside the bounds of the DataView","errorType":"RangeError"}
{"ts":"2025-11-19T02:47:05.472Z","level":"warn","event":"bfis-snapshot-empty-data","endpoint":"logs","message":"Empty logs array received"}
{"ts":"2025-11-19T02:47:05.542Z","level":"info","event":"bfis-snapshot-read-ok","snapshotId":"ad8a909f-a255-4748-a032-68edacfb1c38","sessionHash":"wXwFIkMvUoWzlJ4m","unitCount":66,"newUnitsInPoll":4,"cachedUnitsTotal":66,"unitsBufferSize":246,"weaponsBufferSize":8}
{"ts":"2025-11-19T02:47:06.449Z","level":"info","event":"bfis-binary-fetch","endpoint":"units","mode":"incremental","bytes":243,"lastTime":1763520425615}
{"ts":"2025-11-19T02:47:06.460Z","level":"warn","event":"bfis-snapshot-empty-data","endpoint":"weapons","bufferSize":8,"message":"Empty or minimal weapons data received"}
{"ts":"2025-11-19T02:47:06.460Z","level":"info","event":"bfis-binary-fetch","endpoint":"weapons","mode":"incremental","bytes":8,"lastTime":1763520425626}
{"ts":"2025-11-19T02:47:06.470Z","level":"warn","event":"bfis-snapshot-empty-data","endpoint":"logs","message":"Empty logs array received"}
{"ts":"2025-11-19T02:47:06.510Z","level":"info","event":"bfis-snapshot-read-ok","snapshotId":"e01c11e1-78a5-4903-86e4-7fa4a81a70db","sessionHash":"wXwFIkMvUoWzlJ4m","unitCount":66,"newUnitsInPoll":1,"cachedUnitsTotal":66,"unitsBufferSize":243,"weaponsBufferSize":8}
{"ts":"2025-11-19T02:47:07.452Z","level":"info","event":"bfis-binary-fetch","endpoint":"units","mode":"incremental","bytes":251,"lastTime":1763520426613}
{"ts":"2025-11-19T02:47:07.465Z","level":"warn","event":"bfis-snapshot-empty-data","endpoint":"weapons","bufferSize":8,"message":"Empty or minimal weapons data received"}
{"ts":"2025-11-19T02:47:07.465Z","level":"info","event":"bfis-binary-fetch","endpoint":"weapons","mode":"incremental","bytes":8,"lastTime":1763520426624}
{"ts":"2025-11-19T02:47:07.476Z","level":"warn","event":"bfis-snapshot-empty-data","endpoint":"logs","message":"Empty logs array received"}
{"ts":"2025-11-19T02:47:07.526Z","level":"info","event":"bfis-snapshot-read-ok","snapshotId":"07488699-4953-46b5-9aad-19a2d3ff2389","sessionHash":"wXwFIkMvUoWzlJ4m","unitCount":66,"newUnitsInPoll":1,"cachedUnitsTotal":66,"unitsBufferSize":251,"weaponsBufferSize":8}
{"ts":"2025-11-19T02:47:08.445Z","level":"info","event":"bfis-binary-fetch","endpoint":"units","mode":"incremental","bytes":243,"lastTime":1763520427613}
{"ts":"2025-11-19T02:47:08.455Z","level":"warn","event":"bfis-snapshot-empty-data","endpoint":"weapons","bufferSize":8,"message":"Empty or minimal weapons data received"}
{"ts":"2025-11-19T02:47:08.455Z","level":"info","event":"bfis-binary-fetch","endpoint":"weapons","mode":"incremental","bytes":8,"lastTime":1763520427630}
{"ts":"2025-11-19T02:47:08.469Z","level":"warn","event":"bfis-snapshot-empty-data","endpoint":"logs","message":"Empty logs array received"}
{"ts":"2025-11-19T02:47:08.519Z","level":"info","event":"bfis-snapshot-read-ok","snapshotId":"77a0054a-55c8-4e16-83f4-0fd6edcfd813","sessionHash":"wXwFIkMvUoWzlJ4m","unitCount":66,"newUnitsInPoll":1,"cachedUnitsTotal":66,"unitsBufferSize":243,"weaponsBufferSize":8}
{"ts":"2025-11-19T02:47:09.444Z","level":"info","event":"bfis-binary-fetch","endpoint":"units","mode":"incremental","bytes":243,"lastTime":1763520428610}
{"ts":"2025-11-19T02:47:09.454Z","level":"warn","event":"bfis-snapshot-empty-data","endpoint":"weapons","bufferSize":8,"message":"Empty or minimal weapons data received"}
{"ts":"2025-11-19T02:47:09.454Z","level":"info","event":"bfis-binary-fetch","endpoint":"weapons","mode":"incremental","bytes":8,"lastTime":1763520428620}
{"ts":"2025-11-19T02:47:09.465Z","level":"warn","event":"bfis-snapshot-empty-data","endpoint":"logs","message":"Empty logs array received"}
{"ts":"2025-11-19T02:47:09.511Z","level":"info","event":"bfis-snapshot-read-ok","snapshotId":"63df301a-d672-47c4-94f8-71a765778a6c","sessionHash":"wXwFIkMvUoWzlJ4m","unitCount":66,"newUnitsInPoll":1,"cachedUnitsTotal":66,"unitsBufferSize":243,"weaponsBufferSize":8}
{"ts":"2025-11-19T02:47:10.446Z","level":"info","event":"bfis-binary-fetch","endpoint":"units","mode":"incremental","bytes":243,"lastTime":1763520429610}
{"ts":"2025-11-19T02:47:10.456Z","level":"warn","event":"bfis-snapshot-empty-data","endpoint":"weapons","bufferSize":8,"message":"Empty or minimal weapons data received"}
{"ts":"2025-11-19T02:47:10.456Z","level":"info","event":"bfis-binary-fetch","endpoint":"weapons","mode":"incremental","bytes":8,"lastTime":1763520429619}
{"ts":"2025-11-19T02:47:10.466Z","level":"warn","event":"bfis-snapshot-empty-data","endpoint":"logs","message":"Empty logs array received"}
{"ts":"2025-11-19T02:47:10.505Z","level":"info","event":"bfis-snapshot-read-ok","snapshotId":"8c16d3a0-c6bf-4523-b61a-d7d310fdbed8","sessionHash":"wXwFIkMvUoWzlJ4m","unitCount":66,"newUnitsInPoll":1,"cachedUnitsTotal":66,"unitsBufferSize":243,"weaponsBufferSize":8}
{"ts":"2025-11-19T02:47:11.454Z","level":"info","event":"bfis-binary-fetch","endpoint":"units","mode":"incremental","bytes":243,"lastTime":1763520430611}
{"ts":"2025-11-19T02:47:11.464Z","level":"info","event":"bfis-binary-fetch","endpoint":"weapons","mode":"incremental","bytes":8,"lastTime":1763520430621}
{"ts":"2025-11-19T02:47:11.464Z","level":"warn","event":"bfis-snapshot-empty-data","endpoint":"weapons","bufferSize":8,"message":"Empty or minimal weapons data received"}
{"ts":"2025-11-19T02:47:11.474Z","level":"warn","event":"bfis-snapshot-empty-data","endpoint":"logs","message":"Empty logs array received"}
{"ts":"2025-11-19T02:47:11.549Z","level":"info","event":"bfis-snapshot-read-ok","snapshotId":"44ac598b-3bfd-4489-9590-418ec16b3965","sessionHash":"wXwFIkMvUoWzlJ4m","unitCount":66,"newUnitsInPoll":1,"cachedUnitsTotal":66,"unitsBufferSize":243,"weaponsBufferSize":8}
{"ts":"2025-11-19T02:47:12.448Z","level":"info","event":"bfis-binary-fetch","endpoint":"units","mode":"incremental","bytes":243,"lastTime":1763520431619}
{"ts":"2025-11-19T02:47:12.460Z","level":"warn","event":"bfis-snapshot-empty-data","endpoint":"weapons","bufferSize":8,"message":"Empty or minimal weapons data received"}
{"ts":"2025-11-19T02:47:12.460Z","level":"info","event":"bfis-binary-fetch","endpoint":"weapons","mode":"incremental","bytes":8,"lastTime":1763520431630}
{"ts":"2025-11-19T02:47:12.469Z","level":"warn","event":"bfis-snapshot-empty-data","endpoint":"logs","message":"Empty logs array received"}
{"ts":"2025-11-19T02:47:12.509Z","level":"info","event":"bfis-snapshot-read-ok","snapshotId":"791db097-633f-461f-ac91-6c56cade03cb","sessionHash":"wXwFIkMvUoWzlJ4m","unitCount":66,"newUnitsInPoll":1,"cachedUnitsTotal":66,"unitsBufferSize":243,"weaponsBufferSize":8}
{"ts":"2025-11-19T02:47:13.445Z","level":"info","event":"bfis-binary-fetch","endpoint":"units","mode":"incremental","bytes":243,"lastTime":1763520432613}
{"ts":"2025-11-19T02:47:13.455Z","level":"warn","event":"bfis-snapshot-empty-data","endpoint":"weapons","bufferSize":8,"message":"Empty or minimal weapons data received"}
{"ts":"2025-11-19T02:47:13.455Z","level":"info","event":"bfis-binary-fetch","endpoint":"weapons","mode":"incremental","bytes":8,"lastTime":1763520432625}
{"ts":"2025-11-19T02:47:13.455Z","level":"warn","event":"bfis-unit-decode-unknown-datum-index","datumIndex":191,"unitId":16777473,"recovery":"searching-for-end-of-data-marker"}
{"ts":"2025-11-19T02:47:13.455Z","level":"warn","event":"bfis-unit-decode-unknown-datum-index","datumIndex":191,"unitId":16777985,"recovery":"searching-for-end-of-data-marker"}
{"ts":"2025-11-19T02:47:13.456Z","level":"warn","event":"bfis-unit-decode-unknown-datum-index","datumIndex":191,"unitId":16778241,"recovery":"searching-for-end-of-data-marker"}
{"ts":"2025-11-19T02:47:13.466Z","level":"warn","event":"bfis-snapshot-empty-data","endpoint":"logs","message":"Empty logs array received"}
{"ts":"2025-11-19T02:47:13.508Z","level":"info","event":"bfis-snapshot-read-ok","snapshotId":"91015c7a-6c8b-448e-b75a-b0eeea4d0507","sessionHash":"wXwFIkMvUoWzlJ4m","unitCount":66,"newUnitsInPoll":5,"cachedUnitsTotal":66,"unitsBufferSize":243,"weaponsBufferSize":8}
{"ts":"2025-11-19T02:47:14.450Z","level":"info","event":"bfis-binary-fetch","endpoint":"units","mode":"incremental","bytes":243,"lastTime":1763520433611}
{"ts":"2025-11-19T02:47:14.460Z","level":"warn","event":"bfis-snapshot-empty-data","endpoint":"weapons","bufferSize":8,"message":"Empty or minimal weapons data received"}
{"ts":"2025-11-19T02:47:14.460Z","level":"info","event":"bfis-binary-fetch","endpoint":"weapons","mode":"incremental","bytes":8,"lastTime":1763520433620}
{"ts":"2025-11-19T02:47:14.461Z","level":"warn","event":"bfis-unit-decode-unknown-datum-index","datumIndex":191,"unitId":16777473,"recovery":"searching-for-end-of-data-marker"}
{"ts":"2025-11-19T02:47:14.461Z","level":"warn","event":"bfis-unit-decode-unknown-datum-index","datumIndex":191,"unitId":16778241,"recovery":"searching-for-end-of-data-marker"}
{"ts":"2025-11-19T02:47:14.461Z","level":"warn","event":"bfis-unit-decode-unknown-datum-index","datumIndex":191,"unitId":16777985,"recovery":"searching-for-end-of-data-marker"}
{"ts":"2025-11-19T02:47:14.471Z","level":"warn","event":"bfis-snapshot-empty-data","endpoint":"logs","message":"Empty logs array received"}
{"ts":"2025-11-19T02:47:14.511Z","level":"info","event":"bfis-snapshot-read-ok","snapshotId":"1419d004-a7b4-43df-b0ea-bd1be56dc7be","sessionHash":"wXwFIkMvUoWzlJ4m","unitCount":66,"newUnitsInPoll":5,"cachedUnitsTotal":66,"unitsBufferSize":243,"weaponsBufferSize":8}
{"ts":"2025-11-19T02:47:15.457Z","level":"info","event":"bfis-binary-fetch","endpoint":"units","mode":"incremental","bytes":243,"lastTime":1763520434615}
{"ts":"2025-11-19T02:47:15.468Z","level":"info","event":"bfis-binary-fetch","endpoint":"weapons","mode":"incremental","bytes":8,"lastTime":1763520434625}
{"ts":"2025-11-19T02:47:15.468Z","level":"warn","event":"bfis-unit-decode-unknown-datum-index","datumIndex":191,"unitId":16778241,"recovery":"searching-for-end-of-data-marker"}
{"ts":"2025-11-19T02:47:15.468Z","level":"warn","event":"bfis-snapshot-empty-data","endpoint":"weapons","bufferSize":8,"message":"Empty or minimal weapons data received"}
{"ts":"2025-11-19T02:47:15.468Z","level":"warn","event":"bfis-unit-decode-unknown-datum-index","datumIndex":191,"unitId":16777473,"recovery":"searching-for-end-of-data-marker"}
{"ts":"2025-11-19T02:47:15.468Z","level":"warn","event":"bfis-unit-decode-unknown-datum-index","datumIndex":191,"unitId":16777985,"recovery":"searching-for-end-of-data-marker"}
{"ts":"2025-11-19T02:47:15.478Z","level":"warn","event":"bfis-snapshot-empty-data","endpoint":"logs","message":"Empty logs array received"}
{"ts":"2025-11-19T02:47:15.594Z","level":"info","event":"bfis-snapshot-read-ok","snapshotId":"cc8980a8-77f9-43b1-a39b-27ff54382371","sessionHash":"wXwFIkMvUoWzlJ4m","unitCount":66,"newUnitsInPoll":5,"cachedUnitsTotal":66,"unitsBufferSize":243,"weaponsBufferSize":8}
{"ts":"2025-11-19T02:47:16.444Z","level":"info","event":"bfis-binary-fetch","endpoint":"units","mode":"incremental","bytes":243,"lastTime":1763520435621}
{"ts":"2025-11-19T02:47:16.453Z","level":"warn","event":"bfis-snapshot-empty-data","endpoint":"weapons","bufferSize":8,"message":"Empty or minimal weapons data received"}
{"ts":"2025-11-19T02:47:16.453Z","level":"info","event":"bfis-binary-fetch","endpoint":"weapons","mode":"incremental","bytes":8,"lastTime":1763520435634}
{"ts":"2025-11-19T02:47:16.455Z","level":"warn","event":"bfis-unit-decode-unknown-datum-index","datumIndex":191,"unitId":16777985,"recovery":"searching-for-end-of-data-marker"}
{"ts":"2025-11-19T02:47:16.453Z","level":"warn","event":"bfis-unit-decode-unknown-datum-index","datumIndex":191,"unitId":16777473,"recovery":"searching-for-end-of-data-marker"}
{"ts":"2025-11-19T02:47:16.455Z","level":"warn","event":"bfis-unit-decode-unknown-datum-index","datumIndex":191,"unitId":16778241,"recovery":"searching-for-end-of-data-marker"}
{"ts":"2025-11-19T02:47:16.472Z","level":"warn","event":"bfis-snapshot-empty-data","endpoint":"logs","message":"Empty logs array received"}
{"ts":"2025-11-19T02:47:16.506Z","level":"info","event":"bfis-snapshot-read-ok","snapshotId":"552920ba-6d88-43a1-913b-6f07876c4542","sessionHash":"wXwFIkMvUoWzlJ4m","unitCount":66,"newUnitsInPoll":5,"cachedUnitsTotal":66,"unitsBufferSize":243,"weaponsBufferSize":8}
{"ts":"2025-11-19T02:47:17.451Z","level":"info","event":"bfis-binary-fetch","endpoint":"units","mode":"incremental","bytes":243,"lastTime":1763520436610}
{"ts":"2025-11-19T02:47:17.462Z","level":"warn","event":"bfis-snapshot-empty-data","endpoint":"weapons","bufferSize":8,"message":"Empty or minimal weapons data received"}
{"ts":"2025-11-19T02:47:17.462Z","level":"info","event":"bfis-binary-fetch","endpoint":"weapons","mode":"incremental","bytes":8,"lastTime":1763520436620}
{"ts":"2025-11-19T02:47:17.462Z","level":"warn","event":"bfis-unit-decode-unknown-datum-index","datumIndex":191,"unitId":16777473,"recovery":"searching-for-end-of-data-marker"}
{"ts":"2025-11-19T02:47:17.462Z","level":"warn","event":"bfis-unit-decode-unknown-datum-index","datumIndex":191,"unitId":16777985,"recovery":"searching-for-end-of-data-marker"}
{"ts":"2025-11-19T02:47:17.462Z","level":"warn","event":"bfis-unit-decode-unknown-datum-index","datumIndex":191,"unitId":16778241,"recovery":"searching-for-end-of-data-marker"}
{"ts":"2025-11-19T02:47:17.472Z","level":"warn","event":"bfis-snapshot-empty-data","endpoint":"logs","message":"Empty logs array received"}
{"ts":"2025-11-19T02:47:17.521Z","level":"info","event":"bfis-snapshot-read-ok","snapshotId":"3019d1f8-bc88-4056-aa54-63eacb6c60e8","sessionHash":"wXwFIkMvUoWzlJ4m","unitCount":66,"newUnitsInPoll":5,"cachedUnitsTotal":66,"unitsBufferSize":243,"weaponsBufferSize":8}
{"ts":"2025-11-19T02:47:18.451Z","level":"info","event":"bfis-binary-fetch","endpoint":"units","mode":"incremental","bytes":243,"lastTime":1763520437617}
{"ts":"2025-11-19T02:47:18.463Z","level":"warn","event":"bfis-snapshot-empty-data","endpoint":"weapons","bufferSize":8,"message":"Empty or minimal weapons data received"}
{"ts":"2025-11-19T02:47:18.463Z","level":"info","event":"bfis-binary-fetch","endpoint":"weapons","mode":"incremental","bytes":8,"lastTime":1763520437627}
{"ts":"2025-11-19T02:47:18.463Z","level":"warn","event":"bfis-unit-decode-unknown-datum-index","datumIndex":191,"unitId":16777473,"recovery":"searching-for-end-of-data-marker"}
{"ts":"2025-11-19T02:47:18.463Z","level":"warn","event":"bfis-unit-decode-unknown-datum-index","datumIndex":191,"unitId":16777985,"recovery":"searching-for-end-of-data-marker"}
{"ts":"2025-11-19T02:47:18.463Z","level":"warn","event":"bfis-unit-decode-unknown-datum-index","datumIndex":191,"unitId":16778241,"recovery":"searching-for-end-of-data-marker"}
{"ts":"2025-11-19T02:47:18.473Z","level":"warn","event":"bfis-snapshot-empty-data","endpoint":"logs","message":"Empty logs array received"}
{"ts":"2025-11-19T02:47:18.527Z","level":"info","event":"bfis-snapshot-read-ok","snapshotId":"868d1fd1-a034-428d-a601-5e847b7c1985","sessionHash":"wXwFIkMvUoWzlJ4m","unitCount":67,"newUnitsInPoll":6,"cachedUnitsTotal":67,"unitsBufferSize":243,"weaponsBufferSize":8}
{"ts":"2025-11-19T02:47:19.460Z","level":"info","event":"bfis-binary-fetch","endpoint":"units","mode":"incremental","bytes":243,"lastTime":1763520438617}
{"ts":"2025-11-19T02:47:19.481Z","level":"warn","event":"bfis-snapshot-empty-data","endpoint":"weapons","bufferSize":8,"message":"Empty or minimal weapons data received"}
{"ts":"2025-11-19T02:47:19.481Z","level":"info","event":"bfis-binary-fetch","endpoint":"weapons","mode":"incremental","bytes":8,"lastTime":1763520438627}
{"ts":"2025-11-19T02:47:19.481Z","level":"warn","event":"bfis-unit-decode-unknown-datum-index","datumIndex":191,"unitId":16777473,"recovery":"searching-for-end-of-data-marker"}
{"ts":"2025-11-19T02:47:19.481Z","level":"warn","event":"bfis-unit-decode-unknown-datum-index","datumIndex":191,"unitId":16777985,"recovery":"searching-for-end-of-data-marker"}
{"ts":"2025-11-19T02:47:19.481Z","level":"warn","event":"bfis-unit-decode-unknown-datum-index","datumIndex":191,"unitId":16778241,"recovery":"searching-for-end-of-data-marker"}
{"ts":"2025-11-19T02:47:19.525Z","level":"warn","event":"bfis-snapshot-empty-data","endpoint":"logs","message":"Empty logs array received"}
{"ts":"2025-11-19T02:47:19.581Z","level":"info","event":"bfis-snapshot-read-ok","snapshotId":"13c986d1-cfcf-4e21-a17b-3b2b3bcf5462","sessionHash":"wXwFIkMvUoWzlJ4m","unitCount":67,"newUnitsInPoll":5,"cachedUnitsTotal":67,"unitsBufferSize":243,"weaponsBufferSize":8}
{"ts":"2025-11-19T02:47:20.453Z","level":"info","event":"bfis-binary-fetch","endpoint":"units","mode":"incremental","bytes":243,"lastTime":1763520439623}
{"ts":"2025-11-19T02:47:20.463Z","level":"info","event":"bfis-binary-fetch","endpoint":"weapons","mode":"incremental","bytes":8,"lastTime":1763520439645}
{"ts":"2025-11-19T02:47:20.463Z","level":"warn","event":"bfis-snapshot-empty-data","endpoint":"weapons","bufferSize":8,"message":"Empty or minimal weapons data received"}
{"ts":"2025-11-19T02:47:20.464Z","level":"warn","event":"bfis-unit-decode-unknown-datum-index","datumIndex":191,"unitId":16777473,"recovery":"searching-for-end-of-data-marker"}
{"ts":"2025-11-19T02:47:20.464Z","level":"warn","event":"bfis-unit-decode-unknown-datum-index","datumIndex":191,"unitId":16777985,"recovery":"searching-for-end-of-data-marker"}
{"ts":"2025-11-19T02:47:20.464Z","level":"warn","event":"bfis-unit-decode-unknown-datum-index","datumIndex":191,"unitId":16778241,"recovery":"searching-for-end-of-data-marker"}
{"ts":"2025-11-19T02:47:20.480Z","level":"warn","event":"bfis-snapshot-empty-data","endpoint":"logs","message":"Empty logs array received"}
{"ts":"2025-11-19T02:47:20.519Z","level":"info","event":"bfis-snapshot-read-ok","snapshotId":"51d01913-e119-45ed-b44d-4b6eb8d3064e","sessionHash":"wXwFIkMvUoWzlJ4m","unitCount":67,"newUnitsInPoll":5,"cachedUnitsTotal":67,"unitsBufferSize":243,"weaponsBufferSize":8}
{"ts":"2025-11-19T02:47:21.461Z","level":"info","event":"bfis-binary-fetch","endpoint":"units","mode":"incremental","bytes":243,"lastTime":1763520440618}
{"ts":"2025-11-19T02:47:21.505Z","level":"warn","event":"bfis-snapshot-empty-data","endpoint":"weapons","bufferSize":8,"message":"Empty or minimal weapons data received"}
{"ts":"2025-11-19T02:47:21.505Z","level":"info","event":"bfis-binary-fetch","endpoint":"weapons","mode":"incremental","bytes":8,"lastTime":1763520440629}
{"ts":"2025-11-19T02:47:21.505Z","level":"warn","event":"bfis-unit-decode-unknown-datum-index","datumIndex":191,"unitId":16777473,"recovery":"searching-for-end-of-data-marker"}
{"ts":"2025-11-19T02:47:21.505Z","level":"warn","event":"bfis-unit-decode-unknown-datum-index","datumIndex":191,"unitId":16777985,"recovery":"searching-for-end-of-data-marker"}
{"ts":"2025-11-19T02:47:21.505Z","level":"warn","event":"bfis-unit-decode-unknown-datum-index","datumIndex":191,"unitId":16778241,"recovery":"searching-for-end-of-data-marker"}
{"ts":"2025-11-19T02:47:21.540Z","level":"warn","event":"bfis-snapshot-empty-data","endpoint":"logs","message":"Empty logs array received"}
{"ts":"2025-11-19T02:47:21.579Z","level":"info","event":"bfis-snapshot-read-ok","snapshotId":"fe6173d1-6f07-47df-ac2d-d67f6c6a4fa0","sessionHash":"wXwFIkMvUoWzlJ4m","unitCount":67,"newUnitsInPoll":5,"cachedUnitsTotal":67,"unitsBufferSize":243,"weaponsBufferSize":8}
{"ts":"2025-11-19T02:47:22.454Z","level":"info","event":"bfis-binary-fetch","endpoint":"units","mode":"incremental","bytes":243,"lastTime":1763520441621}
{"ts":"2025-11-19T02:47:22.463Z","level":"warn","event":"bfis-snapshot-empty-data","endpoint":"weapons","bufferSize":8,"message":"Empty or minimal weapons data received"}
{"ts":"2025-11-19T02:47:22.463Z","level":"info","event":"bfis-binary-fetch","endpoint":"weapons","mode":"incremental","bytes":8,"lastTime":1763520441668}
{"ts":"2025-11-19T02:47:22.463Z","level":"warn","event":"bfis-unit-decode-unknown-datum-index","datumIndex":191,"unitId":16777473,"recovery":"searching-for-end-of-data-marker"}
{"ts":"2025-11-19T02:47:22.463Z","level":"warn","event":"bfis-unit-decode-unknown-datum-index","datumIndex":191,"unitId":16777985,"recovery":"searching-for-end-of-data-marker"}
{"ts":"2025-11-19T02:47:22.464Z","level":"warn","event":"bfis-unit-decode-unknown-datum-index","datumIndex":191,"unitId":16778241,"recovery":"searching-for-end-of-data-marker"}
{"ts":"2025-11-19T02:47:22.474Z","level":"warn","event":"bfis-snapshot-empty-data","endpoint":"logs","message":"Empty logs array received"}
{"ts":"2025-11-19T02:47:22.520Z","level":"info","event":"bfis-snapshot-read-ok","snapshotId":"934fd565-46d4-439c-a660-1c78f2431ea7","sessionHash":"wXwFIkMvUoWzlJ4m","unitCount":67,"newUnitsInPoll":5,"cachedUnitsTotal":67,"unitsBufferSize":243,"weaponsBufferSize":8}
{"ts":"2025-11-19T02:47:23.455Z","level":"info","event":"bfis-binary-fetch","endpoint":"units","mode":"incremental","bytes":243,"lastTime":1763520442619}
{"ts":"2025-11-19T02:47:23.466Z","level":"info","event":"bfis-binary-fetch","endpoint":"weapons","mode":"incremental","bytes":8,"lastTime":1763520442629}
{"ts":"2025-11-19T02:47:23.466Z","level":"warn","event":"bfis-snapshot-empty-data","endpoint":"weapons","bufferSize":8,"message":"Empty or minimal weapons data received"}
{"ts":"2025-11-19T02:47:23.466Z","level":"warn","event":"bfis-unit-decode-unknown-datum-index","datumIndex":191,"unitId":16777473,"recovery":"searching-for-end-of-data-marker"}
{"ts":"2025-11-19T02:47:23.466Z","level":"warn","event":"bfis-unit-decode-unknown-datum-index","datumIndex":191,"unitId":16777985,"recovery":"searching-for-end-of-data-marker"}
{"ts":"2025-11-19T02:47:23.467Z","level":"warn","event":"bfis-unit-decode-field-error","datumIndex":63,"unitId":16778241,"error":"Offset is outside the bounds of the DataView","errorType":"RangeError"}
{"ts":"2025-11-19T02:47:23.488Z","level":"warn","event":"bfis-snapshot-empty-data","endpoint":"logs","message":"Empty logs array received"}
